ticker,company_name,year,document_id,statement_type,relative_path
AAA,CTCP Nhựa An Phát Xanh,2015,AAA_financial_statements_2015_consolidated,consolidated,AAA/2015/AAA_financial_statements_2015_consolidated/AAA_financial_statements_2015_consolidated_extracted.txt
AAA,CTCP Nhựa An Phát Xanh,2015,AAA_financial_statements_2015_separate,separate,AAA/2015/AAA_financial_statements_2015_separate/AAA_financial_statements_2015_separate_extracted.txt
AAA,CTCP Nhựa An Phát Xanh,2016,AAA_financial_statements_2016_consolidated,consolidated,AAA/2016/AAA_financial_statements_2016_consolidated/AAA_financial_statements_2016_consolidated_extracted.txt
AAA,CTCP Nhựa An Phát Xanh,2016,AAA_financial_statements_2016_separate,separate,AAA/2016/AAA_financial_statements_2016_separate/AAA_financial_statements_2016_separate_extracted.txt
AAA,CTCP Nhựa An Phát Xanh,2017,AAA_financial_statements_2017_consolidated,consolidated,AAA/2017/AAA_financial_statements_2017_consolidated/AAA_financial_statements_2017_consolidated_extracted.txt
AAA,CTCP Nhựa An Phát Xanh,2017,AAA_financial_statements_2017_separate,separate,AAA/2017/AAA_financial_statements_2017_separate/AAA_financial_statements_2017_separate_extracted.txt
AAA,CTCP Nhựa An Phát Xanh,2018,AAA_financial_statements_2018_consolidated,consolidated,AAA/2018/AAA_financial_statements_2018_consolidated/AAA_financial_statements_2018_consolidated_extracted.txt
AAA,CTCP Nhựa An Phát Xanh,2018,AAA_financial_statements_2018_separate,separate,AAA/2018/AAA_financial_statements_2018_separate/AAA_financial_statements_2018_separate_extracted.txt
AAA,CTCP Nhựa An Phát Xanh,2019,AAA_financial_statements_2019_consolidated,consolidated,AAA/2019/AAA_financial_statements_2019_consolidated/AAA_financial_statements_2019_consolidated_extracted.txt
AAA,CTCP Nhựa An Phát Xanh,2019,AAA_financial_statements_2019_separate,separate,AAA/2019/AAA_financial_statements_2019_separate/AAA_financial_statements_2019_separate_extracted.txt
AAA,CTCP Nhựa An Phát Xanh,2020,AAA_financial_statements_2020_consolidated,consolidated,AAA/2020/AAA_financial_statements_2020_consolidated/AAA_financial_statements_2020_consolidated_extracted.txt
AAA,CTCP Nhựa An Phát Xanh,2020,AAA_financial_statements_2020_separate,separate,AAA/2020/AAA_financial_statements_2020_separate/AAA_financial_statements_2020_separate_extracted.txt
AAA,CTCP Nhựa An Phát Xanh,2021,AAA_financial_statements_2021_consolidated,consolidated,AAA/2021/AAA_financial_statements_2021_consolidated/AAA_financial_statements_2021_consolidated_extracted.txt
AAA,CTCP Nhựa An Phát Xanh,2021,AAA_financial_statements_2021_separate,separate,AAA/2021/AAA_financial_statements_2021_separate/AAA_financial_statements_2021_separate_extracted.txt
AAA,CTCP Nhựa An Phát Xanh,2022,AAA_financial_statements_2022_consolidated,consolidated,AAA/2022/AAA_financial_statements_2022_consolidated/AAA_financial_statements_2022_consolidated_extracted.txt
AAA,CTCP Nhựa An Phát Xanh,2022,AAA_financial_statements_2022_separate,separate,AAA/2022/AAA_financial_statements_2022_separate/AAA_financial_statements_2022_separate_extracted.txt
AAA,CTCP Nhựa An Phát Xanh,2023,AAA_financial_statements_2023_consolidated,consolidated,AAA/2023/AAA_financial_statements_2023_consolidated/AAA_financial_statements_2023_consolidated_extracted.txt
AAA,CTCP Nhựa An Phát Xanh,2023,AAA_financial_statements_2023_separate,separate,AAA/2023/AAA_financial_statements_2023_separate/AAA_financial_statements_2023_separate_extracted.txt
AAA,CTCP Nhựa An Phát Xanh,2024,AAA_financial_statements_2024_consolidated,consolidated,AAA/2024/AAA_financial_statements_2024_consolidated/AAA_financial_statements_2024_consolidated_extracted.txt
AAA,CTCP Nhựa An Phát Xanh,2024,AAA_financial_statements_2024_separate,separate,AAA/2024/AAA_financial_statements_2024_separate/AAA_financial_statements_2024_separate_extracted.txt
AAA,CTCP Nhựa An Phát Xanh,2025,AAA_financial_statements_2025_consolidated,consolidated,AAA/2025/AAA_financial_statements_2025_consolidated/AAA_financial_statements_2025_consolidated_extracted.txt
AAA,CTCP Nhựa An Phát Xanh,2025,AAA_financial_statements_2025_separate,separate,AAA/2025/AAA_financial_statements_2025_separate/AAA_financial_statements_2025_separate_extracted.txt
ABB,Ngân hàng TMCP An Bình,2020,ABB_financial_statements_2020_consolidated,consolidated,ABB/2020/ABB_financial_statements_2020_consolidated/ABB_financial_statements_2020_consolidated_extracted.txt
ABB,Ngân hàng TMCP An Bình,2020,ABB_financial_statements_2020_separate,separate,ABB/2020/ABB_financial_statements_2020_separate/ABB_financial_statements_2020_separate_extracted.txt
ABB,Ngân hàng TMCP An Bình,2021,ABB_financial_statements_2021_consolidated,consolidated,ABB/2021/ABB_financial_statements_2021_consolidated/ABB_financial_statements_2021_consolidated_extracted.txt
ABB,Ngân hàng TMCP An Bình,2021,ABB_financial_statements_2021_separate,separate,ABB/2021/ABB_financial_statements_2021_separate/ABB_financial_statements_2021_separate_extracted.txt
ABB,Ngân hàng TMCP An Bình,2022,ABB_financial_statements_2022_consolidated,consolidated,ABB/2022/ABB_financial_statements_2022_consolidated/ABB_financial_statements_2022_consolidated_extracted.txt
ABB,Ngân hàng TMCP An Bình,2022,ABB_financial_statements_2022_separate,separate,ABB/2022/ABB_financial_statements_2022_separate/ABB_financial_statements_2022_separate_extracted.txt
ABB,Ngân hàng TMCP An Bình,2023,ABB_financial_statements_2023_consolidated,consolidated,ABB/2023/ABB_financial_statements_2023_consolidated/ABB_financial_statements_2023_consolidated_extracted.txt
ABB,Ngân hàng TMCP An Bình,2023,ABB_financial_statements_2023_separate,separate,ABB/2023/ABB_financial_statements_2023_separate/ABB_financial_statements_2023_separate_extracted.txt
ABB,Ngân hàng TMCP An Bình,2024,ABB_financial_statements_2024_consolidated,consolidated,ABB/2024/ABB_financial_statements_2024_consolidated/ABB_financial_statements_2024_consolidated_extracted.txt
ABB,Ngân hàng TMCP An Bình,2024,ABB_financial_statements_2024_separate,separate,ABB/2024/ABB_financial_statements_2024_separate/ABB_financial_statements_2024_separate_extracted.txt
ABB,Ngân hàng TMCP An Bình,2025,ABB_financial_statements_2025_consolidated,consolidated,ABB/2025/ABB_financial_statements_2025_consolidated/ABB_financial_statements_2025_consolidated_extracted.txt
ABB,Ngân hàng TMCP An Bình,2025,ABB_financial_statements_2025_separate,separate,ABB/2025/ABB_financial_statements_2025_separate/ABB_financial_statements_2025_separate_extracted.txt
ACB,Ngân hàng TMCP Á Châu,2015,ACB_financial_statements_2015_consolidated,consolidated,ACB/2015/ACB_financial_statements_2015_consolidated/ACB_financial_statements_2015_consolidated_extracted.txt
ACB,Ngân hàng TMCP Á Châu,2015,ACB_financial_statements_2015_separate,separate,ACB/2015/ACB_financial_statements_2015_separate/ACB_financial_statements_2015_separate_extracted.txt
ACB,Ngân hàng TMCP Á Châu,2016,ACB_financial_statements_2016_consolidated,consolidated,ACB/2016/ACB_financial_statements_2016_consolidated/ACB_financial_statements_2016_consolidated_extracted.txt
ACB,Ngân hàng TMCP Á Châu,2016,ACB_financial_statements_2016_separate,separate,ACB/2016/ACB_financial_statements_2016_separate/ACB_financial_statements_2016_separate_extracted.txt
ACB,Ngân hàng TMCP Á Châu,2017,ACB_financial_statements_2017_consolidated,consolidated,ACB/2017/ACB_financial_statements_2017_consolidated/ACB_financial_statements_2017_consolidated_extracted.txt
ACB,Ngân hàng TMCP Á Châu,2017,ACB_financial_statements_2017_separate,separate,ACB/2017/ACB_financial_statements_2017_separate/ACB_financial_statements_2017_separate_extracted.txt
ACB,Ngân hàng TMCP Á Châu,2018,ACB_financial_statements_2018_consolidated,consolidated,ACB/2018/ACB_financial_statements_2018_consolidated/ACB_financial_statements_2018_consolidated_extracted.txt
ACB,Ngân hàng TMCP Á Châu,2018,ACB_financial_statements_2018_separate,separate,ACB/2018/ACB_financial_statements_2018_separate/ACB_financial_statements_2018_separate_extracted.txt
ACB,Ngân hàng TMCP Á Châu,2019,ACB_financial_statements_2019_consolidated,consolidated,ACB/2019/ACB_financial_statements_2019_consolidated/ACB_financial_statements_2019_consolidated_extracted.txt
ACB,Ngân hàng TMCP Á Châu,2019,ACB_financial_statements_2019_separate,separate,ACB/2019/ACB_financial_statements_2019_separate/ACB_financial_statements_2019_separate_extracted.txt
ACB,Ngân hàng TMCP Á Châu,2020,ACB_financial_statements_2020_consolidated,consolidated,ACB/2020/ACB_financial_statements_2020_consolidated/ACB_financial_statements_2020_consolidated_extracted.txt
ACB,Ngân hàng TMCP Á Châu,2020,ACB_financial_statements_2020_separate,separate,ACB/2020/ACB_financial_statements_2020_separate/ACB_financial_statements_2020_separate_extracted.txt
ACB,Ngân hàng TMCP Á Châu,2021,ACB_financial_statements_2021_consolidated,consolidated,ACB/2021/ACB_financial_statements_2021_consolidated/ACB_financial_statements_2021_consolidated_extracted.txt
ACB,Ngân hàng TMCP Á Châu,2021,ACB_financial_statements_2021_separate,separate,ACB/2021/ACB_financial_statements_2021_separate/ACB_financial_statements_2021_separate_extracted.txt
ACB,Ngân hàng TMCP Á Châu,2022,ACB_financial_statements_2022_consolidated,consolidated,ACB/2022/ACB_financial_statements_2022_consolidated/ACB_financial_statements_2022_consolidated_extracted.txt
ACB,Ngân hàng TMCP Á Châu,2022,ACB_financial_statements_2022_separate,separate,ACB/2022/ACB_financial_statements_2022_separate/ACB_financial_statements_2022_separate_extracted.txt
ACB,Ngân hàng TMCP Á Châu,2023,ACB_financial_statements_2023_consolidated,consolidated,ACB/2023/ACB_financial_statements_2023_consolidated/ACB_financial_statements_2023_consolidated_extracted.txt
ACB,Ngân hàng TMCP Á Châu,2023,ACB_financial_statements_2023_separate,separate,ACB/2023/ACB_financial_statements_2023_separate/ACB_financial_statements_2023_separate_extracted.txt
ACB,Ngân hàng TMCP Á Châu,2024,ACB_financial_statements_2024_consolidated,consolidated,ACB/2024/ACB_financial_statements_2024_consolidated/ACB_financial_statements_2024_consolidated_extracted.txt
ACB,Ngân hàng TMCP Á Châu,2024,ACB_financial_statements_2024_separate,separate,ACB/2024/ACB_financial_statements_2024_separate/ACB_financial_statements_2024_separate_extracted.txt
ACB,Ngân hàng TMCP Á Châu,2025,ACB_financial_statements_2025_consolidated,consolidated,ACB/2025/ACB_financial_statements_2025_consolidated/ACB_financial_statements_2025_consolidated_extracted.txt
ACB,Ngân hàng TMCP Á Châu,2025,ACB_financial_statements_2025_separate,separate,ACB/2025/ACB_financial_statements_2025_separate/ACB_financial_statements_2025_separate_extracted.txt
ACV,Tổng Công ty Cảng Hàng không Việt Nam - CTCP,2015,ACV_financial_statements_2015_consolidated,consolidated,ACV/2015/ACV_financial_statements_2015_consolidated/ACV_financial_statements_2015_consolidated_extracted.txt
ACV,Tổng Công ty Cảng Hàng không Việt Nam - CTCP,2015,ACV_financial_statements_2015_separate,separate,ACV/2015/ACV_financial_statements_2015_separate/ACV_financial_statements_2015_separate_extracted.txt
ACV,Tổng Công ty Cảng Hàng không Việt Nam - CTCP,2016,ACV_financial_statements_2016_separate,separate,ACV/2016/ACV_financial_statements_2016_separate/ACV_financial_statements_2016_separate_extracted.txt
ACV,Tổng Công ty Cảng Hàng không Việt Nam - CTCP,2017,ACV_financial_statements_2017_consolidated,consolidated,ACV/2017/ACV_financial_statements_2017_consolidated/ACV_financial_statements_2017_consolidated_extracted.txt
ACV,Tổng Công ty Cảng Hàng không Việt Nam - CTCP,2017,ACV_financial_statements_2017_separate,separate,ACV/2017/ACV_financial_statements_2017_separate/ACV_financial_statements_2017_separate_extracted.txt
ACV,Tổng Công ty Cảng Hàng không Việt Nam - CTCP,2018,ACV_financial_statements_2018_consolidated,consolidated,ACV/2018/ACV_financial_statements_2018_consolidated/ACV_financial_statements_2018_consolidated_extracted.txt
ACV,Tổng Công ty Cảng Hàng không Việt Nam - CTCP,2018,ACV_financial_statements_2018_separate,separate,ACV/2018/ACV_financial_statements_2018_separate/ACV_financial_statements_2018_separate_extracted.txt
ACV,Tổng Công ty Cảng Hàng không Việt Nam - CTCP,2019,ACV_financial_statements_2019_consolidated,consolidated,ACV/2019/ACV_financial_statements_2019_consolidated/ACV_financial_statements_2019_consolidated_extracted.txt
ACV,Tổng Công ty Cảng Hàng không Việt Nam - CTCP,2019,ACV_financial_statements_2019_separate,separate,ACV/2019/ACV_financial_statements_2019_separate/ACV_financial_statements_2019_separate_extracted.txt
ACV,Tổng Công ty Cảng Hàng không Việt Nam - CTCP,2020,ACV_financial_statements_2020_consolidated,consolidated,ACV/2020/ACV_financial_statements_2020_consolidated/ACV_financial_statements_2020_consolidated_extracted.txt
ACV,Tổng Công ty Cảng Hàng không Việt Nam - CTCP,2020,ACV_financial_statements_2020_separate,separate,ACV/2020/ACV_financial_statements_2020_separate/ACV_financial_statements_2020_separate_extracted.txt
ACV,Tổng Công ty Cảng Hàng không Việt Nam - CTCP,2021,ACV_financial_statements_2021_consolidated,consolidated,ACV/2021/ACV_financial_statements_2021_consolidated/ACV_financial_statements_2021_consolidated_extracted.txt
ACV,Tổng Công ty Cảng Hàng không Việt Nam - CTCP,2021,ACV_financial_statements_2021_separate,separate,ACV/2021/ACV_financial_statements_2021_separate/ACV_financial_statements_2021_separate_extracted.txt
ACV,Tổng Công ty Cảng Hàng không Việt Nam - CTCP,2022,ACV_financial_statements_2022_aggregated,aggregated,ACV/2022/ACV_financial_statements_2022_aggregated/ACV_financial_statements_2022_aggregated_extracted.txt
ACV,Tổng Công ty Cảng Hàng không Việt Nam - CTCP,2022,ACV_financial_statements_2022_consolidated,consolidated,ACV/2022/ACV_financial_statements_2022_consolidated/ACV_financial_statements_2022_consolidated_extracted.txt
ACV,Tổng Công ty Cảng Hàng không Việt Nam - CTCP,2023,ACV_financial_statements_2023_consolidated,consolidated,ACV/2023/ACV_financial_statements_2023_consolidated/ACV_financial_statements_2023_consolidated_extracted.txt
ACV,Tổng Công ty Cảng Hàng không Việt Nam - CTCP,2023,ACV_financial_statements_2023_separate,separate,ACV/2023/ACV_financial_statements_2023_separate/ACV_financial_statements_2023_separate_extracted.txt
ACV,Tổng Công ty Cảng Hàng không Việt Nam - CTCP,2024,ACV_financial_statements_2024_consolidated,consolidated,ACV/2024/ACV_financial_statements_2024_consolidated/ACV_financial_statements_2024_consolidated_extracted.txt
ACV,Tổng Công ty Cảng Hàng không Việt Nam - CTCP,2024,ACV_financial_statements_2024_separate,separate,ACV/2024/ACV_financial_statements_2024_separate/ACV_financial_statements_2024_separate_extracted.txt
ACV,Tổng Công ty Cảng Hàng không Việt Nam - CTCP,2025,ACV_financial_statements_2025_consolidated,consolidated,ACV/2025/ACV_financial_statements_2025_consolidated/ACV_financial_statements_2025_consolidated_extracted.txt
ACV,Tổng Công ty Cảng Hàng không Việt Nam - CTCP,2025,ACV_financial_statements_2025_separate,separate,ACV/2025/ACV_financial_statements_2025_separate/ACV_financial_statements_2025_separate_extracted.txt
ASM,CTCP Tập đoàn Sao Mai,2015,ASM_financial_statements_2015_consolidated,consolidated,ASM/2015/ASM_financial_statements_2015_consolidated/ASM_financial_statements_2015_consolidated_extracted.txt
ASM,CTCP Tập đoàn Sao Mai,2015,ASM_financial_statements_2015_separate,separate,ASM/2015/ASM_financial_statements_2015_separate/ASM_financial_statements_2015_separate_extracted.txt
ASM,CTCP Tập đoàn Sao Mai,2016,ASM_financial_statements_2016_consolidated,consolidated,ASM/2016/ASM_financial_statements_2016_consolidated/ASM_financial_statements_2016_consolidated_extracted.txt
ASM,CTCP Tập đoàn Sao Mai,2016,ASM_financial_statements_2016_separate,separate,ASM/2016/ASM_financial_statements_2016_separate/ASM_financial_statements_2016_separate_extracted.txt
ASM,CTCP Tập đoàn Sao Mai,2017,ASM_financial_statements_2017_consolidated,consolidated,ASM/2017/ASM_financial_statements_2017_consolidated/ASM_financial_statements_2017_consolidated_extracted.txt
ASM,CTCP Tập đoàn Sao Mai,2017,ASM_financial_statements_2017_separate,separate,ASM/2017/ASM_financial_statements_2017_separate/ASM_financial_statements_2017_separate_extracted.txt
ASM,CTCP Tập đoàn Sao Mai,2018,ASM_financial_statements_2018_consolidated,consolidated,ASM/2018/ASM_financial_statements_2018_consolidated/ASM_financial_statements_2018_consolidated_extracted.txt
ASM,CTCP Tập đoàn Sao Mai,2018,ASM_financial_statements_2018_separate,separate,ASM/2018/ASM_financial_statements_2018_separate/ASM_financial_statements_2018_separate_extracted.txt
ASM,CTCP Tập đoàn Sao Mai,2019,ASM_financial_statements_2019_consolidated,consolidated,ASM/2019/ASM_financial_statements_2019_consolidated/ASM_financial_statements_2019_consolidated_extracted.txt
ASM,CTCP Tập đoàn Sao Mai,2019,ASM_financial_statements_2019_separate,separate,ASM/2019/ASM_financial_statements_2019_separate/ASM_financial_statements_2019_separate_extracted.txt
ASM,CTCP Tập đoàn Sao Mai,2020,ASM_financial_statements_2020_consolidated,consolidated,ASM/2020/ASM_financial_statements_2020_consolidated/ASM_financial_statements_2020_consolidated_extracted.txt
ASM,CTCP Tập đoàn Sao Mai,2020,ASM_financial_statements_2020_separate,separate,ASM/2020/ASM_financial_statements_2020_separate/ASM_financial_statements_2020_separate_extracted.txt
ASM,CTCP Tập đoàn Sao Mai,2021,ASM_financial_statements_2021_consolidated,consolidated,ASM/2021/ASM_financial_statements_2021_consolidated/ASM_financial_statements_2021_consolidated_extracted.txt
ASM,CTCP Tập đoàn Sao Mai,2021,ASM_financial_statements_2021_separate,separate,ASM/2021/ASM_financial_statements_2021_separate/ASM_financial_statements_2021_separate_extracted.txt
ASM,CTCP Tập đoàn Sao Mai,2022,ASM_financial_statements_2022_consolidated,consolidated,ASM/2022/ASM_financial_statements_2022_consolidated/ASM_financial_statements_2022_consolidated_extracted.txt
ASM,CTCP Tập đoàn Sao Mai,2022,ASM_financial_statements_2022_separate,separate,ASM/2022/ASM_financial_statements_2022_separate/ASM_financial_statements_2022_separate_extracted.txt
ASM,CTCP Tập đoàn Sao Mai,2023,ASM_financial_statements_2023_consolidated,consolidated,ASM/2023/ASM_financial_statements_2023_consolidated/ASM_financial_statements_2023_consolidated_extracted.txt
ASM,CTCP Tập đoàn Sao Mai,2023,ASM_financial_statements_2023_separate,separate,ASM/2023/ASM_financial_statements_2023_separate/ASM_financial_statements_2023_separate_extracted.txt
ASM,CTCP Tập đoàn Sao Mai,2024,ASM_financial_statements_2024_consolidated,consolidated,ASM/2024/ASM_financial_statements_2024_consolidated/ASM_financial_statements_2024_consolidated_extracted.txt
ASM,CTCP Tập đoàn Sao Mai,2024,ASM_financial_statements_2024_separate,separate,ASM/2024/ASM_financial_statements_2024_separate/ASM_financial_statements_2024_separate_extracted.txt
ASM,CTCP Tập đoàn Sao Mai,2025,ASM_financial_statements_2025_consolidated,consolidated,ASM/2025/ASM_financial_statements_2025_consolidated/ASM_financial_statements_2025_consolidated_extracted.txt
ASM,CTCP Tập đoàn Sao Mai,2025,ASM_financial_statements_2025_separate,separate,ASM/2025/ASM_financial_statements_2025_separate/ASM_financial_statements_2025_separate_extracted.txt
BAB,Ngân hàng TMCP Bắc Á,2017,BAB_financial_statements_2017_consolidated,consolidated,BAB/2017/BAB_financial_statements_2017_consolidated/BAB_financial_statements_2017_consolidated_extracted.txt
BAB,Ngân hàng TMCP Bắc Á,2017,BAB_financial_statements_2017_separate,separate,BAB/2017/BAB_financial_statements_2017_separate/BAB_financial_statements_2017_separate_extracted.txt
BAB,Ngân hàng TMCP Bắc Á,2018,BAB_financial_statements_2018_consolidated,consolidated,BAB/2018/BAB_financial_statements_2018_consolidated/BAB_financial_statements_2018_consolidated_extracted.txt
BAB,Ngân hàng TMCP Bắc Á,2018,BAB_financial_statements_2018_separate,separate,BAB/2018/BAB_financial_statements_2018_separate/BAB_financial_statements_2018_separate_extracted.txt
BAB,Ngân hàng TMCP Bắc Á,2019,BAB_financial_statements_2019_consolidated,consolidated,BAB/2019/BAB_financial_statements_2019_consolidated/BAB_financial_statements_2019_consolidated_extracted.txt
BAB,Ngân hàng TMCP Bắc Á,2019,BAB_financial_statements_2019_separate,separate,BAB/2019/BAB_financial_statements_2019_separate/BAB_financial_statements_2019_separate_extracted.txt
BAB,Ngân hàng TMCP Bắc Á,2020,BAB_financial_statements_2020_consolidated,consolidated,BAB/2020/BAB_financial_statements_2020_consolidated/BAB_financial_statements_2020_consolidated_extracted.txt
BAB,Ngân hàng TMCP Bắc Á,2020,BAB_financial_statements_2020_separate,separate,BAB/2020/BAB_financial_statements_2020_separate/BAB_financial_statements_2020_separate_extracted.txt
BAB,Ngân hàng TMCP Bắc Á,2021,BAB_financial_statements_2021_consolidated,consolidated,BAB/2021/BAB_financial_statements_2021_consolidated/BAB_financial_statements_2021_consolidated_extracted.txt
BAB,Ngân hàng TMCP Bắc Á,2021,BAB_financial_statements_2021_separate,separate,BAB/2021/BAB_financial_statements_2021_separate/BAB_financial_statements_2021_separate_extracted.txt
BAB,Ngân hàng TMCP Bắc Á,2022,BAB_financial_statements_2022_consolidated,consolidated,BAB/2022/BAB_financial_statements_2022_consolidated/BAB_financial_statements_2022_consolidated_extracted.txt
BAB,Ngân hàng TMCP Bắc Á,2022,BAB_financial_statements_2022_separate,separate,BAB/2022/BAB_financial_statements_2022_separate/BAB_financial_statements_2022_separate_extracted.txt
BAB,Ngân hàng TMCP Bắc Á,2023,BAB_financial_statements_2023_consolidated,consolidated,BAB/2023/BAB_financial_statements_2023_consolidated/BAB_financial_statements_2023_consolidated_extracted.txt
BAB,Ngân hàng TMCP Bắc Á,2023,BAB_financial_statements_2023_separate,separate,BAB/2023/BAB_financial_statements_2023_separate/BAB_financial_statements_2023_separate_extracted.txt
BAB,Ngân hàng TMCP Bắc Á,2024,BAB_financial_statements_2024_consolidated,consolidated,BAB/2024/BAB_financial_statements_2024_consolidated/BAB_financial_statements_2024_consolidated_extracted.txt
BAB,Ngân hàng TMCP Bắc Á,2024,BAB_financial_statements_2024_separate,separate,BAB/2024/BAB_financial_statements_2024_separate/BAB_financial_statements_2024_separate_extracted.txt
BAB,Ngân hàng TMCP Bắc Á,2025,BAB_financial_statements_2025_consolidated,consolidated,BAB/2025/BAB_financial_statements_2025_consolidated/BAB_financial_statements_2025_consolidated_extracted.txt
BAB,Ngân hàng TMCP Bắc Á,2025,BAB_financial_statements_2025_separate,separate,BAB/2025/BAB_financial_statements_2025_separate/BAB_financial_statements_2025_separate_extracted.txt
BAF,CTCP Nông nghiệp BAF Việt Nam,2020,BAF_financial_statements_2020_consolidated,consolidated,BAF/2020/BAF_financial_statements_2020_consolidated/BAF_financial_statements_2020_consolidated_extracted.txt
BAF,CTCP Nông nghiệp BAF Việt Nam,2020,BAF_financial_statements_2020_separate,separate,BAF/2020/BAF_financial_statements_2020_separate/BAF_financial_statements_2020_separate_extracted.txt
BAF,CTCP Nông nghiệp BAF Việt Nam,2021,BAF_financial_statements_2021_consolidated,consolidated,BAF/2021/BAF_financial_statements_2021_consolidated/BAF_financial_statements_2021_consolidated_extracted.txt
BAF,CTCP Nông nghiệp BAF Việt Nam,2021,BAF_financial_statements_2021_separate,separate,BAF/2021/BAF_financial_statements_2021_separate/BAF_financial_statements_2021_separate_extracted.txt
BAF,CTCP Nông nghiệp BAF Việt Nam,2022,BAF_financial_statements_2022_consolidated,consolidated,BAF/2022/BAF_financial_statements_2022_consolidated/BAF_financial_statements_2022_consolidated_extracted.txt
BAF,CTCP Nông nghiệp BAF Việt Nam,2022,BAF_financial_statements_2022_separate,separate,BAF/2022/BAF_financial_statements_2022_separate/BAF_financial_statements_2022_separate_extracted.txt
BAF,CTCP Nông nghiệp BAF Việt Nam,2023,BAF_financial_statements_2023_consolidated,consolidated,BAF/2023/BAF_financial_statements_2023_consolidated/BAF_financial_statements_2023_consolidated_extracted.txt
BAF,CTCP Nông nghiệp BAF Việt Nam,2023,BAF_financial_statements_2023_separate,separate,BAF/2023/BAF_financial_statements_2023_separate/BAF_financial_statements_2023_separate_extracted.txt
BAF,CTCP Nông nghiệp BAF Việt Nam,2024,BAF_financial_statements_2024_consolidated,consolidated,BAF/2024/BAF_financial_statements_2024_consolidated/BAF_financial_statements_2024_consolidated_extracted.txt
BAF,CTCP Nông nghiệp BAF Việt Nam,2024,BAF_financial_statements_2024_separate,separate,BAF/2024/BAF_financial_statements_2024_separate/BAF_financial_statements_2024_separate_extracted.txt
BAF,CTCP Nông nghiệp BAF Việt Nam,2025,BAF_financial_statements_2025_consolidated,consolidated,BAF/2025/BAF_financial_statements_2025_consolidated/BAF_financial_statements_2025_consolidated_extracted.txt
BAF,CTCP Nông nghiệp BAF Việt Nam,2025,BAF_financial_statements_2025_separate,separate,BAF/2025/BAF_financial_statements_2025_separate/BAF_financial_statements_2025_separate_extracted.txt
BID,Ngân hàng TMCP Đầu tư và Phát triển Việt Nam,2015,BID_financial_statements_2015_consolidated,consolidated,BID/2015/BID_financial_statements_2015_consolidated/BID_financial_statements_2015_consolidated_extracted.txt
BID,Ngân hàng TMCP Đầu tư và Phát triển Việt Nam,2015,BID_financial_statements_2015_separate,separate,BID/2015/BID_financial_statements_2015_separate/BID_financial_statements_2015_separate_extracted.txt
BID,Ngân hàng TMCP Đầu tư và Phát triển Việt Nam,2016,BID_financial_statements_2016_consolidated,consolidated,BID/2016/BID_financial_statements_2016_consolidated/BID_financial_statements_2016_consolidated_extracted.txt
BID,Ngân hàng TMCP Đầu tư và Phát triển Việt Nam,2016,BID_financial_statements_2016_separate,separate,BID/2016/BID_financial_statements_2016_separate/BID_financial_statements_2016_separate_extracted.txt
BID,Ngân hàng TMCP Đầu tư và Phát triển Việt Nam,2017,BID_financial_statements_2017_consolidated,consolidated,BID/2017/BID_financial_statements_2017_consolidated/BID_financial_statements_2017_consolidated_extracted.txt
BID,Ngân hàng TMCP Đầu tư và Phát triển Việt Nam,2017,BID_financial_statements_2017_separate,separate,BID/2017/BID_financial_statements_2017_separate/BID_financial_statements_2017_separate_extracted.txt
BID,Ngân hàng TMCP Đầu tư và Phát triển Việt Nam,2018,BID_financial_statements_2018_consolidated,consolidated,BID/2018/BID_financial_statements_2018_consolidated/BID_financial_statements_2018_consolidated_extracted.txt
BID,Ngân hàng TMCP Đầu tư và Phát triển Việt Nam,2018,BID_financial_statements_2018_separate,separate,BID/2018/BID_financial_statements_2018_separate/BID_financial_statements_2018_separate_extracted.txt
BID,Ngân hàng TMCP Đầu tư và Phát triển Việt Nam,2019,BID_financial_statements_2019_consolidated,consolidated,BID/2019/BID_financial_statements_2019_consolidated/BID_financial_statements_2019_consolidated_extracted.txt
BID,Ngân hàng TMCP Đầu tư và Phát triển Việt Nam,2019,BID_financial_statements_2019_separate,separate,BID/2019/BID_financial_statements_2019_separate/BID_financial_statements_2019_separate_extracted.txt
BID,Ngân hàng TMCP Đầu tư và Phát triển Việt Nam,2020,BID_financial_statements_2020_consolidated,consolidated,BID/2020/BID_financial_statements_2020_consolidated/BID_financial_statements_2020_consolidated_extracted.txt
BID,Ngân hàng TMCP Đầu tư và Phát triển Việt Nam,2020,BID_financial_statements_2020_separate,separate,BID/2020/BID_financial_statements_2020_separate/BID_financial_statements_2020_separate_extracted.txt
BID,Ngân hàng TMCP Đầu tư và Phát triển Việt Nam,2021,BID_financial_statements_2021_consolidated,consolidated,BID/2021/BID_financial_statements_2021_consolidated/BID_financial_statements_2021_consolidated_extracted.txt
BID,Ngân hàng TMCP Đầu tư và Phát triển Việt Nam,2022,BID_financial_statements_2022_consolidated,consolidated,BID/2022/BID_financial_statements_2022_consolidated/BID_financial_statements_2022_consolidated_extracted.txt
BID,Ngân hàng TMCP Đầu tư và Phát triển Việt Nam,2022,BID_financial_statements_2022_separate,separate,BID/2022/BID_financial_statements_2022_separate/BID_financial_statements_2022_separate_extracted.txt
BID,Ngân hàng TMCP Đầu tư và Phát triển Việt Nam,2023,BID_financial_statements_2023_consolidated,consolidated,BID/2023/BID_financial_statements_2023_consolidated/BID_financial_statements_2023_consolidated_extracted.txt
BID,Ngân hàng TMCP Đầu tư và Phát triển Việt Nam,2023,BID_financial_statements_2023_separate,separate,BID/2023/BID_financial_statements_2023_separate/BID_financial_statements_2023_separate_extracted.txt
BID,Ngân hàng TMCP Đầu tư và Phát triển Việt Nam,2024,BID_financial_statements_2024_consolidated,consolidated,BID/2024/BID_financial_statements_2024_consolidated/BID_financial_statements_2024_consolidated_extracted.txt
BID,Ngân hàng TMCP Đầu tư và Phát triển Việt Nam,2024,BID_financial_statements_2024_separate,separate,BID/2024/BID_financial_statements_2024_separate/BID_financial_statements_2024_separate_extracted.txt
BID,Ngân hàng TMCP Đầu tư và Phát triển Việt Nam,2025,BID_financial_statements_2025_consolidated,consolidated,BID/2025/BID_financial_statements_2025_consolidated/BID_financial_statements_2025_consolidated_extracted.txt
BID,Ngân hàng TMCP Đầu tư và Phát triển Việt Nam,2025,BID_financial_statements_2025_separate,separate,BID/2025/BID_financial_statements_2025_separate/BID_financial_statements_2025_separate_extracted.txt
BSR,CTCP - Tổng Công ty Lọc hóa dầu Việt Nam,2017,BSR_financial_statements_2017_consolidated,consolidated,BSR/2017/BSR_financial_statements_2017_consolidated/BSR_financial_statements_2017_consolidated_extracted.txt
BSR,CTCP - Tổng Công ty Lọc hóa dầu Việt Nam,2017,BSR_financial_statements_2017_separate,separate,BSR/2017/BSR_financial_statements_2017_separate/BSR_financial_statements_2017_separate_extracted.txt
BSR,CTCP - Tổng Công ty Lọc hóa dầu Việt Nam,2018,BSR_financial_statements_2018_consolidated,consolidated,BSR/2018/BSR_financial_statements_2018_consolidated/BSR_financial_statements_2018_consolidated_extracted.txt
BSR,CTCP - Tổng Công ty Lọc hóa dầu Việt Nam,2018,BSR_financial_statements_2018_separate,separate,BSR/2018/BSR_financial_statements_2018_separate/BSR_financial_statements_2018_separate_extracted.txt
BSR,CTCP - Tổng Công ty Lọc hóa dầu Việt Nam,2019,BSR_financial_statements_2019_consolidated,consolidated,BSR/2019/BSR_financial_statements_2019_consolidated/BSR_financial_statements_2019_consolidated_extracted.txt
BSR,CTCP - Tổng Công ty Lọc hóa dầu Việt Nam,2019,BSR_financial_statements_2019_separate,separate,BSR/2019/BSR_financial_statements_2019_separate/BSR_financial_statements_2019_separate_extracted.txt
BSR,CTCP - Tổng Công ty Lọc hóa dầu Việt Nam,2020,BSR_financial_statements_2020_consolidated,consolidated,BSR/2020/BSR_financial_statements_2020_consolidated/BSR_financial_statements_2020_consolidated_extracted.txt
BSR,CTCP - Tổng Công ty Lọc hóa dầu Việt Nam,2020,BSR_financial_statements_2020_separate,separate,BSR/2020/BSR_financial_statements_2020_separate/BSR_financial_statements_2020_separate_extracted.txt
BSR,CTCP - Tổng Công ty Lọc hóa dầu Việt Nam,2021,BSR_financial_statements_2021_consolidated,consolidated,BSR/2021/BSR_financial_statements_2021_consolidated/BSR_financial_statements_2021_consolidated_extracted.txt
BSR,CTCP - Tổng Công ty Lọc hóa dầu Việt Nam,2021,BSR_financial_statements_2021_separate,separate,BSR/2021/BSR_financial_statements_2021_separate/BSR_financial_statements_2021_separate_extracted.txt
BSR,CTCP - Tổng Công ty Lọc hóa dầu Việt Nam,2022,BSR_financial_statements_2022_consolidated,consolidated,BSR/2022/BSR_financial_statements_2022_consolidated/BSR_financial_statements_2022_consolidated_extracted.txt
BSR,CTCP - Tổng Công ty Lọc hóa dầu Việt Nam,2022,BSR_financial_statements_2022_separate,separate,BSR/2022/BSR_financial_statements_2022_separate/BSR_financial_statements_2022_separate_extracted.txt
BSR,CTCP - Tổng Công ty Lọc hóa dầu Việt Nam,2023,BSR_financial_statements_2023_consolidated,consolidated,BSR/2023/BSR_financial_statements_2023_consolidated/BSR_financial_statements_2023_consolidated_extracted.txt
BSR,CTCP - Tổng Công ty Lọc hóa dầu Việt Nam,2023,BSR_financial_statements_2023_separate,separate,BSR/2023/BSR_financial_statements_2023_separate/BSR_financial_statements_2023_separate_extracted.txt
BSR,CTCP - Tổng Công ty Lọc hóa dầu Việt Nam,2024,BSR_financial_statements_2024_consolidated,consolidated,BSR/2024/BSR_financial_statements_2024_consolidated/BSR_financial_statements_2024_consolidated_extracted.txt
BSR,CTCP - Tổng Công ty Lọc hóa dầu Việt Nam,2024,BSR_financial_statements_2024_separate,separate,BSR/2024/BSR_financial_statements_2024_separate/BSR_financial_statements_2024_separate_extracted.txt
BSR,CTCP - Tổng Công ty Lọc hóa dầu Việt Nam,2025,BSR_financial_statements_2025_consolidated,consolidated,BSR/2025/BSR_financial_statements_2025_consolidated/BSR_financial_statements_2025_consolidated_extracted.txt
BSR,CTCP - Tổng Công ty Lọc hóa dầu Việt Nam,2025,BSR_financial_statements_2025_separate,separate,BSR/2025/BSR_financial_statements_2025_separate/BSR_financial_statements_2025_separate_extracted.txt
BVH,Tập đoàn Bảo Việt,2015,BVH_financial_statements_2015_consolidated,consolidated,BVH/2015/BVH_financial_statements_2015_consolidated/BVH_financial_statements_2015_consolidated_extracted.txt
BVH,Tập đoàn Bảo Việt,2015,BVH_financial_statements_2015_separate,separate,BVH/2015/BVH_financial_statements_2015_separate/BVH_financial_statements_2015_separate_extracted.txt
BVH,Tập đoàn Bảo Việt,2016,BVH_financial_statements_2016_consolidated,consolidated,BVH/2016/BVH_financial_statements_2016_consolidated/BVH_financial_statements_2016_consolidated_extracted.txt
BVH,Tập đoàn Bảo Việt,2016,BVH_financial_statements_2016_separate,separate,BVH/2016/BVH_financial_statements_2016_separate/BVH_financial_statements_2016_separate_extracted.txt
BVH,Tập đoàn Bảo Việt,2017,BVH_financial_statements_2017_consolidated,consolidated,BVH/2017/BVH_financial_statements_2017_consolidated/BVH_financial_statements_2017_consolidated_extracted.txt
BVH,Tập đoàn Bảo Việt,2017,BVH_financial_statements_2017_separate,separate,BVH/2017/BVH_financial_statements_2017_separate/BVH_financial_statements_2017_separate_extracted.txt
BVH,Tập đoàn Bảo Việt,2018,BVH_financial_statements_2018_consolidated,consolidated,BVH/2018/BVH_financial_statements_2018_consolidated/BVH_financial_statements_2018_consolidated_extracted.txt
BVH,Tập đoàn Bảo Việt,2018,BVH_financial_statements_2018_separate,separate,BVH/2018/BVH_financial_statements_2018_separate/BVH_financial_statements_2018_separate_extracted.txt
BVH,Tập đoàn Bảo Việt,2019,BVH_financial_statements_2019_consolidated,consolidated,BVH/2019/BVH_financial_statements_2019_consolidated/BVH_financial_statements_2019_consolidated_extracted.txt
BVH,Tập đoàn Bảo Việt,2019,BVH_financial_statements_2019_separate,separate,BVH/2019/BVH_financial_statements_2019_separate/BVH_financial_statements_2019_separate_extracted.txt
BVH,Tập đoàn Bảo Việt,2020,BVH_financial_statements_2020_consolidated,consolidated,BVH/2020/BVH_financial_statements_2020_consolidated/BVH_financial_statements_2020_consolidated_extracted.txt
BVH,Tập đoàn Bảo Việt,2020,BVH_financial_statements_2020_separate,separate,BVH/2020/BVH_financial_statements_2020_separate/BVH_financial_statements_2020_separate_extracted.txt
BVH,Tập đoàn Bảo Việt,2021,BVH_financial_statements_2021_consolidated,consolidated,BVH/2021/BVH_financial_statements_2021_consolidated/BVH_financial_statements_2021_consolidated_extracted.txt
BVH,Tập đoàn Bảo Việt,2021,BVH_financial_statements_2021_separate,separate,BVH/2021/BVH_financial_statements_2021_separate/BVH_financial_statements_2021_separate_extracted.txt
BVH,Tập đoàn Bảo Việt,2022,BVH_financial_statements_2022_consolidated,consolidated,BVH/2022/BVH_financial_statements_2022_consolidated/BVH_financial_statements_2022_consolidated_extracted.txt
BVH,Tập đoàn Bảo Việt,2022,BVH_financial_statements_2022_separate,separate,BVH/2022/BVH_financial_statements_2022_separate/BVH_financial_statements_2022_separate_extracted.txt
BVH,Tập đoàn Bảo Việt,2023,BVH_financial_statements_2023_consolidated,consolidated,BVH/2023/BVH_financial_statements_2023_consolidated/BVH_financial_statements_2023_consolidated_extracted.txt
BVH,Tập đoàn Bảo Việt,2023,BVH_financial_statements_2023_separate,separate,BVH/2023/BVH_financial_statements_2023_separate/BVH_financial_statements_2023_separate_extracted.txt
BVH,Tập đoàn Bảo Việt,2024,BVH_financial_statements_2024_consolidated,consolidated,BVH/2024/BVH_financial_statements_2024_consolidated/BVH_financial_statements_2024_consolidated_extracted.txt
BVH,Tập đoàn Bảo Việt,2024,BVH_financial_statements_2024_separate,separate,BVH/2024/BVH_financial_statements_2024_separate/BVH_financial_statements_2024_separate_extracted.txt
BVH,Tập đoàn Bảo Việt,2025,BVH_financial_statements_2025_consolidated,consolidated,BVH/2025/BVH_financial_statements_2025_consolidated/BVH_financial_statements_2025_consolidated_extracted.txt
BVH,Tập đoàn Bảo Việt,2025,BVH_financial_statements_2025_separate,separate,BVH/2025/BVH_financial_statements_2025_separate/BVH_financial_statements_2025_separate_extracted.txt
CEO,CTCP Tập đoàn C.E.O,2015,CEO_financial_statements_2015_consolidated,consolidated,CEO/2015/CEO_financial_statements_2015_consolidated/CEO_financial_statements_2015_consolidated_extracted.txt
CEO,CTCP Tập đoàn C.E.O,2015,CEO_financial_statements_2015_separate,separate,CEO/2015/CEO_financial_statements_2015_separate/CEO_financial_statements_2015_separate_extracted.txt
CEO,CTCP Tập đoàn C.E.O,2016,CEO_financial_statements_2016_consolidated,consolidated,CEO/2016/CEO_financial_statements_2016_consolidated/CEO_financial_statements_2016_consolidated_extracted.txt
CEO,CTCP Tập đoàn C.E.O,2016,CEO_financial_statements_2016_separate,separate,CEO/2016/CEO_financial_statements_2016_separate/CEO_financial_statements_2016_separate_extracted.txt
CEO,CTCP Tập đoàn C.E.O,2017,CEO_financial_statements_2017_consolidated,consolidated,CEO/2017/CEO_financial_statements_2017_consolidated/CEO_financial_statements_2017_consolidated_extracted.txt
CEO,CTCP Tập đoàn C.E.O,2017,CEO_financial_statements_2017_separate,separate,CEO/2017/CEO_financial_statements_2017_separate/CEO_financial_statements_2017_separate_extracted.txt
CEO,CTCP Tập đoàn C.E.O,2018,CEO_financial_statements_2018_consolidated,consolidated,CEO/2018/CEO_financial_statements_2018_consolidated/CEO_financial_statements_2018_consolidated_extracted.txt
CEO,CTCP Tập đoàn C.E.O,2018,CEO_financial_statements_2018_separate,separate,CEO/2018/CEO_financial_statements_2018_separate/CEO_financial_statements_2018_separate_extracted.txt
CEO,CTCP Tập đoàn C.E.O,2019,CEO_financial_statements_2019_consolidated,consolidated,CEO/2019/CEO_financial_statements_2019_consolidated/CEO_financial_statements_2019_consolidated_extracted.txt
CEO,CTCP Tập đoàn C.E.O,2019,CEO_financial_statements_2019_separate,separate,CEO/2019/CEO_financial_statements_2019_separate/CEO_financial_statements_2019_separate_extracted.txt
CEO,CTCP Tập đoàn C.E.O,2020,CEO_financial_statements_2020_consolidated,consolidated,CEO/2020/CEO_financial_statements_2020_consolidated/CEO_financial_statements_2020_consolidated_extracted.txt
CEO,CTCP Tập đoàn C.E.O,2020,CEO_financial_statements_2020_separate,separate,CEO/2020/CEO_financial_statements_2020_separate/CEO_financial_statements_2020_separate_extracted.txt
CEO,CTCP Tập đoàn C.E.O,2021,CEO_financial_statements_2021_consolidated,consolidated,CEO/2021/CEO_financial_statements_2021_consolidated/CEO_financial_statements_2021_consolidated_extracted.txt
CEO,CTCP Tập đoàn C.E.O,2021,CEO_financial_statements_2021_separate,separate,CEO/2021/CEO_financial_statements_2021_separate/CEO_financial_statements_2021_separate_extracted.txt
CEO,CTCP Tập đoàn C.E.O,2022,CEO_financial_statements_2022_consolidated,consolidated,CEO/2022/CEO_financial_statements_2022_consolidated/CEO_financial_statements_2022_consolidated_extracted.txt
CEO,CTCP Tập đoàn C.E.O,2022,CEO_financial_statements_2022_separate,separate,CEO/2022/CEO_financial_statements_2022_separate/CEO_financial_statements_2022_separate_extracted.txt
CEO,CTCP Tập đoàn C.E.O,2023,CEO_financial_statements_2023_consolidated,consolidated,CEO/2023/CEO_financial_statements_2023_consolidated/CEO_financial_statements_2023_consolidated_extracted.txt
CEO,CTCP Tập đoàn C.E.O,2023,CEO_financial_statements_2023_separate,separate,CEO/2023/CEO_financial_statements_2023_separate/CEO_financial_statements_2023_separate_extracted.txt
CEO,CTCP Tập đoàn C.E.O,2024,CEO_financial_statements_2024_consolidated,consolidated,CEO/2024/CEO_financial_statements_2024_consolidated/CEO_financial_statements_2024_consolidated_extracted.txt
CEO,CTCP Tập đoàn C.E.O,2024,CEO_financial_statements_2024_separate,separate,CEO/2024/CEO_financial_statements_2024_separate/CEO_financial_statements_2024_separate_extracted.txt
CEO,CTCP Tập đoàn C.E.O,2025,CEO_financial_statements_2025_consolidated,consolidated,CEO/2025/CEO_financial_statements_2025_consolidated/CEO_financial_statements_2025_consolidated_extracted.txt
CEO,CTCP Tập đoàn C.E.O,2025,CEO_financial_statements_2025_separate,separate,CEO/2025/CEO_financial_statements_2025_separate/CEO_financial_statements_2025_separate_extracted.txt
CRE,CTCP Bất động sản Thế Kỷ,2016,CRE_financial_statements_2016_consolidated,consolidated,CRE/2016/CRE_financial_statements_2016_consolidated/CRE_financial_statements_2016_consolidated_extracted.txt
CRE,CTCP Bất động sản Thế Kỷ,2016,CRE_financial_statements_2016_separate,separate,CRE/2016/CRE_financial_statements_2016_separate/CRE_financial_statements_2016_separate_extracted.txt
CRE,CTCP Bất động sản Thế Kỷ,2017,CRE_financial_statements_2017_consolidated,consolidated,CRE/2017/CRE_financial_statements_2017_consolidated/CRE_financial_statements_2017_consolidated_extracted.txt
CRE,CTCP Bất động sản Thế Kỷ,2017,CRE_financial_statements_2017_separate,separate,CRE/2017/CRE_financial_statements_2017_separate/CRE_financial_statements_2017_separate_extracted.txt
CRE,CTCP Bất động sản Thế Kỷ,2018,CRE_financial_statements_2018_consolidated,consolidated,CRE/2018/CRE_financial_statements_2018_consolidated/CRE_financial_statements_2018_consolidated_extracted.txt
CRE,CTCP Bất động sản Thế Kỷ,2018,CRE_financial_statements_2018_separate,separate,CRE/2018/CRE_financial_statements_2018_separate/CRE_financial_statements_2018_separate_extracted.txt
CRE,CTCP Bất động sản Thế Kỷ,2019,CRE_financial_statements_2019_consolidated,consolidated,CRE/2019/CRE_financial_statements_2019_consolidated/CRE_financial_statements_2019_consolidated_extracted.txt
CRE,CTCP Bất động sản Thế Kỷ,2019,CRE_financial_statements_2019_separate,separate,CRE/2019/CRE_financial_statements_2019_separate/CRE_financial_statements_2019_separate_extracted.txt
CRE,CTCP Bất động sản Thế Kỷ,2020,CRE_financial_statements_2020_consolidated,consolidated,CRE/2020/CRE_financial_statements_2020_consolidated/CRE_financial_statements_2020_consolidated_extracted.txt
CRE,CTCP Bất động sản Thế Kỷ,2020,CRE_financial_statements_2020_separate,separate,CRE/2020/CRE_financial_statements_2020_separate/CRE_financial_statements_2020_separate_extracted.txt
CRE,CTCP Bất động sản Thế Kỷ,2021,CRE_financial_statements_2021_consolidated,consolidated,CRE/2021/CRE_financial_statements_2021_consolidated/CRE_financial_statements_2021_consolidated_extracted.txt
CRE,CTCP Bất động sản Thế Kỷ,2021,CRE_financial_statements_2021_separate,separate,CRE/2021/CRE_financial_statements_2021_separate/CRE_financial_statements_2021_separate_extracted.txt
CRE,CTCP Bất động sản Thế Kỷ,2022,CRE_financial_statements_2022_consolidated,consolidated,CRE/2022/CRE_financial_statements_2022_consolidated/CRE_financial_statements_2022_consolidated_extracted.txt
CRE,CTCP Bất động sản Thế Kỷ,2022,CRE_financial_statements_2022_separate,separate,CRE/2022/CRE_financial_statements_2022_separate/CRE_financial_statements_2022_separate_extracted.txt
CRE,CTCP Bất động sản Thế Kỷ,2023,CRE_financial_statements_2023_consolidated,consolidated,CRE/2023/CRE_financial_statements_2023_consolidated/CRE_financial_statements_2023_consolidated_extracted.txt
CRE,CTCP Bất động sản Thế Kỷ,2023,CRE_financial_statements_2023_separate,separate,CRE/2023/CRE_financial_statements_2023_separate/CRE_financial_statements_2023_separate_extracted.txt
CRE,CTCP Bất động sản Thế Kỷ,2024,CRE_financial_statements_2024_consolidated,consolidated,CRE/2024/CRE_financial_statements_2024_consolidated/CRE_financial_statements_2024_consolidated_extracted.txt
CRE,CTCP Bất động sản Thế Kỷ,2024,CRE_financial_statements_2024_separate,separate,CRE/2024/CRE_financial_statements_2024_separate/CRE_financial_statements_2024_separate_extracted.txt
CRE,CTCP Bất động sản Thế Kỷ,2025,CRE_financial_statements_2025_consolidated,consolidated,CRE/2025/CRE_financial_statements_2025_consolidated/CRE_financial_statements_2025_consolidated_extracted.txt
CRE,CTCP Bất động sản Thế Kỷ,2025,CRE_financial_statements_2025_separate,separate,CRE/2025/CRE_financial_statements_2025_separate/CRE_financial_statements_2025_separate_extracted.txt
CTG,Ngân hàng TMCP Công Thương Việt Nam,2015,CTG_financial_statements_2015_consolidated,consolidated,CTG/2015/CTG_financial_statements_2015_consolidated/CTG_financial_statements_2015_consolidated_extracted.txt
CTG,Ngân hàng TMCP Công Thương Việt Nam,2015,CTG_financial_statements_2015_separate,separate,CTG/2015/CTG_financial_statements_2015_separate/CTG_financial_statements_2015_separate_extracted.txt
CTG,Ngân hàng TMCP Công Thương Việt Nam,2016,CTG_financial_statements_2016_consolidated,consolidated,CTG/2016/CTG_financial_statements_2016_consolidated/CTG_financial_statements_2016_consolidated_extracted.txt
CTG,Ngân hàng TMCP Công Thương Việt Nam,2016,CTG_financial_statements_2016_separate,separate,CTG/2016/CTG_financial_statements_2016_separate/CTG_financial_statements_2016_separate_extracted.txt
CTG,Ngân hàng TMCP Công Thương Việt Nam,2017,CTG_financial_statements_2017_consolidated,consolidated,CTG/2017/CTG_financial_statements_2017_consolidated/CTG_financial_statements_2017_consolidated_extracted.txt
CTG,Ngân hàng TMCP Công Thương Việt Nam,2017,CTG_financial_statements_2017_separate,separate,CTG/2017/CTG_financial_statements_2017_separate/CTG_financial_statements_2017_separate_extracted.txt
CTG,Ngân hàng TMCP Công Thương Việt Nam,2018,CTG_financial_statements_2018_consolidated,consolidated,CTG/2018/CTG_financial_statements_2018_consolidated/CTG_financial_statements_2018_consolidated_extracted.txt
CTG,Ngân hàng TMCP Công Thương Việt Nam,2018,CTG_financial_statements_2018_separate,separate,CTG/2018/CTG_financial_statements_2018_separate/CTG_financial_statements_2018_separate_extracted.txt
CTG,Ngân hàng TMCP Công Thương Việt Nam,2019,CTG_financial_statements_2019_consolidated,consolidated,CTG/2019/CTG_financial_statements_2019_consolidated/CTG_financial_statements_2019_consolidated_extracted.txt
CTG,Ngân hàng TMCP Công Thương Việt Nam,2019,CTG_financial_statements_2019_separate,separate,CTG/2019/CTG_financial_statements_2019_separate/CTG_financial_statements_2019_separate_extracted.txt
CTG,Ngân hàng TMCP Công Thương Việt Nam,2020,CTG_financial_statements_2020_consolidated,consolidated,CTG/2020/CTG_financial_statements_2020_consolidated/CTG_financial_statements_2020_consolidated_extracted.txt
CTG,Ngân hàng TMCP Công Thương Việt Nam,2020,CTG_financial_statements_2020_separate,separate,CTG/2020/CTG_financial_statements_2020_separate/CTG_financial_statements_2020_separate_extracted.txt
CTG,Ngân hàng TMCP Công Thương Việt Nam,2021,CTG_financial_statements_2021_consolidated,consolidated,CTG/2021/CTG_financial_statements_2021_consolidated/CTG_financial_statements_2021_consolidated_extracted.txt
CTG,Ngân hàng TMCP Công Thương Việt Nam,2021,CTG_financial_statements_2021_separate,separate,CTG/2021/CTG_financial_statements_2021_separate/CTG_financial_statements_2021_separate_extracted.txt
CTG,Ngân hàng TMCP Công Thương Việt Nam,2022,CTG_financial_statements_2022_consolidated,consolidated,CTG/2022/CTG_financial_statements_2022_consolidated/CTG_financial_statements_2022_consolidated_extracted.txt
CTG,Ngân hàng TMCP Công Thương Việt Nam,2022,CTG_financial_statements_2022_separate,separate,CTG/2022/CTG_financial_statements_2022_separate/CTG_financial_statements_2022_separate_extracted.txt
CTG,Ngân hàng TMCP Công Thương Việt Nam,2023,CTG_financial_statements_2023_consolidated,consolidated,CTG/2023/CTG_financial_statements_2023_consolidated/CTG_financial_statements_2023_consolidated_extracted.txt
CTG,Ngân hàng TMCP Công Thương Việt Nam,2023,CTG_financial_statements_2023_separate,separate,CTG/2023/CTG_financial_statements_2023_separate/CTG_financial_statements_2023_separate_extracted.txt
CTG,Ngân hàng TMCP Công Thương Việt Nam,2024,CTG_financial_statements_2024_consolidated,consolidated,CTG/2024/CTG_financial_statements_2024_consolidated/CTG_financial_statements_2024_consolidated_extracted.txt
CTG,Ngân hàng TMCP Công Thương Việt Nam,2024,CTG_financial_statements_2024_separate,separate,CTG/2024/CTG_financial_statements_2024_separate/CTG_financial_statements_2024_separate_extracted.txt
CTG,Ngân hàng TMCP Công Thương Việt Nam,2025,CTG_financial_statements_2025_consolidated,consolidated,CTG/2025/CTG_financial_statements_2025_consolidated/CTG_financial_statements_2025_consolidated_extracted.txt
CTG,Ngân hàng TMCP Công Thương Việt Nam,2025,CTG_financial_statements_2025_separate,separate,CTG/2025/CTG_financial_statements_2025_separate/CTG_financial_statements_2025_separate_extracted.txt
DBC,CTCP Tập đoàn Dabaco Việt Nam,2015,DBC_financial_statements_2015_consolidated,consolidated,DBC/2015/DBC_financial_statements_2015_consolidated/DBC_financial_statements_2015_consolidated_extracted.txt
DBC,CTCP Tập đoàn Dabaco Việt Nam,2015,DBC_financial_statements_2015_separate,separate,DBC/2015/DBC_financial_statements_2015_separate/DBC_financial_statements_2015_separate_extracted.txt
DBC,CTCP Tập đoàn Dabaco Việt Nam,2016,DBC_financial_statements_2016_consolidated,consolidated,DBC/2016/DBC_financial_statements_2016_consolidated/DBC_financial_statements_2016_consolidated_extracted.txt
DBC,CTCP Tập đoàn Dabaco Việt Nam,2016,DBC_financial_statements_2016_separate,separate,DBC/2016/DBC_financial_statements_2016_separate/DBC_financial_statements_2016_separate_extracted.txt
DBC,CTCP Tập đoàn Dabaco Việt Nam,2017,DBC_financial_statements_2017_consolidated,consolidated,DBC/2017/DBC_financial_statements_2017_consolidated/DBC_financial_statements_2017_consolidated_extracted.txt
DBC,CTCP Tập đoàn Dabaco Việt Nam,2017,DBC_financial_statements_2017_separate,separate,DBC/2017/DBC_financial_statements_2017_separate/DBC_financial_statements_2017_separate_extracted.txt
DBC,CTCP Tập đoàn Dabaco Việt Nam,2018,DBC_financial_statements_2018_consolidated,consolidated,DBC/2018/DBC_financial_statements_2018_consolidated/DBC_financial_statements_2018_consolidated_extracted.txt
DBC,CTCP Tập đoàn Dabaco Việt Nam,2018,DBC_financial_statements_2018_separate,separate,DBC/2018/DBC_financial_statements_2018_separate/DBC_financial_statements_2018_separate_extracted.txt
DBC,CTCP Tập đoàn Dabaco Việt Nam,2019,DBC_financial_statements_2019_consolidated,consolidated,DBC/2019/DBC_financial_statements_2019_consolidated/DBC_financial_statements_2019_consolidated_extracted.txt
DBC,CTCP Tập đoàn Dabaco Việt Nam,2019,DBC_financial_statements_2019_separate,separate,DBC/2019/DBC_financial_statements_2019_separate/DBC_financial_statements_2019_separate_extracted.txt
DBC,CTCP Tập đoàn Dabaco Việt Nam,2020,DBC_financial_statements_2020_consolidated,consolidated,DBC/2020/DBC_financial_statements_2020_consolidated/DBC_financial_statements_2020_consolidated_extracted.txt
DBC,CTCP Tập đoàn Dabaco Việt Nam,2020,DBC_financial_statements_2020_separate,separate,DBC/2020/DBC_financial_statements_2020_separate/DBC_financial_statements_2020_separate_extracted.txt
DBC,CTCP Tập đoàn Dabaco Việt Nam,2021,DBC_financial_statements_2021_consolidated,consolidated,DBC/2021/DBC_financial_statements_2021_consolidated/DBC_financial_statements_2021_consolidated_extracted.txt
DBC,CTCP Tập đoàn Dabaco Việt Nam,2021,DBC_financial_statements_2021_separate,separate,DBC/2021/DBC_financial_statements_2021_separate/DBC_financial_statements_2021_separate_extracted.txt
DBC,CTCP Tập đoàn Dabaco Việt Nam,2022,DBC_financial_statements_2022_consolidated,consolidated,DBC/2022/DBC_financial_statements_2022_consolidated/DBC_financial_statements_2022_consolidated_extracted.txt
DBC,CTCP Tập đoàn Dabaco Việt Nam,2022,DBC_financial_statements_2022_separate,separate,DBC/2022/DBC_financial_statements_2022_separate/DBC_financial_statements_2022_separate_extracted.txt
DBC,CTCP Tập đoàn Dabaco Việt Nam,2023,DBC_financial_statements_2023_consolidated,consolidated,DBC/2023/DBC_financial_statements_2023_consolidated/DBC_financial_statements_2023_consolidated_extracted.txt
DBC,CTCP Tập đoàn Dabaco Việt Nam,2023,DBC_financial_statements_2023_separate,separate,DBC/2023/DBC_financial_statements_2023_separate/DBC_financial_statements_2023_separate_extracted.txt
DBC,CTCP Tập đoàn Dabaco Việt Nam,2024,DBC_financial_statements_2024_consolidated,consolidated,DBC/2024/DBC_financial_statements_2024_consolidated/DBC_financial_statements_2024_consolidated_extracted.txt
DBC,CTCP Tập đoàn Dabaco Việt Nam,2024,DBC_financial_statements_2024_separate,separate,DBC/2024/DBC_financial_statements_2024_separate/DBC_financial_statements_2024_separate_extracted.txt
DBC,CTCP Tập đoàn Dabaco Việt Nam,2025,DBC_financial_statements_2025_consolidated,consolidated,DBC/2025/DBC_financial_statements_2025_consolidated/DBC_financial_statements_2025_consolidated_extracted.txt
DBC,CTCP Tập đoàn Dabaco Việt Nam,2025,DBC_financial_statements_2025_separate,separate,DBC/2025/DBC_financial_statements_2025_separate/DBC_financial_statements_2025_separate_extracted.txt
DCM,CTCP - Tổng công ty Phân bón Dầu khí Cà Mau,2015,DCM_financial_statements_2015_consolidated,consolidated,DCM/2015/DCM_financial_statements_2015_consolidated/DCM_financial_statements_2015_consolidated_extracted.txt
DCM,CTCP - Tổng công ty Phân bón Dầu khí Cà Mau,2015,DCM_financial_statements_2015_separate,separate,DCM/2015/DCM_financial_statements_2015_separate/DCM_financial_statements_2015_separate_extracted.txt
DCM,CTCP - Tổng công ty Phân bón Dầu khí Cà Mau,2016,DCM_financial_statements_2016_consolidated,consolidated,DCM/2016/DCM_financial_statements_2016_consolidated/DCM_financial_statements_2016_consolidated_extracted.txt
DCM,CTCP - Tổng công ty Phân bón Dầu khí Cà Mau,2016,DCM_financial_statements_2016_separate,separate,DCM/2016/DCM_financial_statements_2016_separate/DCM_financial_statements_2016_separate_extracted.txt
DCM,CTCP - Tổng công ty Phân bón Dầu khí Cà Mau,2017,DCM_financial_statements_2017_consolidated,consolidated,DCM/2017/DCM_financial_statements_2017_consolidated/DCM_financial_statements_2017_consolidated_extracted.txt
DCM,CTCP - Tổng công ty Phân bón Dầu khí Cà Mau,2017,DCM_financial_statements_2017_separate,separate,DCM/2017/DCM_financial_statements_2017_separate/DCM_financial_statements_2017_separate_extracted.txt
DCM,CTCP - Tổng công ty Phân bón Dầu khí Cà Mau,2018,DCM_financial_statements_2018_consolidated,consolidated,DCM/2018/DCM_financial_statements_2018_consolidated/DCM_financial_statements_2018_consolidated_extracted.txt
DCM,CTCP - Tổng công ty Phân bón Dầu khí Cà Mau,2018,DCM_financial_statements_2018_separate,separate,DCM/2018/DCM_financial_statements_2018_separate/DCM_financial_statements_2018_separate_extracted.txt
DCM,CTCP - Tổng công ty Phân bón Dầu khí Cà Mau,2019,DCM_financial_statements_2019_consolidated,consolidated,DCM/2019/DCM_financial_statements_2019_consolidated/DCM_financial_statements_2019_consolidated_extracted.txt
DCM,CTCP - Tổng công ty Phân bón Dầu khí Cà Mau,2019,DCM_financial_statements_2019_separate,separate,DCM/2019/DCM_financial_statements_2019_separate/DCM_financial_statements_2019_separate_extracted.txt
DCM,CTCP - Tổng công ty Phân bón Dầu khí Cà Mau,2020,DCM_financial_statements_2020_consolidated,consolidated,DCM/2020/DCM_financial_statements_2020_consolidated/DCM_financial_statements_2020_consolidated_extracted.txt
DCM,CTCP - Tổng công ty Phân bón Dầu khí Cà Mau,2020,DCM_financial_statements_2020_separate,separate,DCM/2020/DCM_financial_statements_2020_separate/DCM_financial_statements_2020_separate_extracted.txt
DCM,CTCP - Tổng công ty Phân bón Dầu khí Cà Mau,2021,DCM_financial_statements_2021_consolidated,consolidated,DCM/2021/DCM_financial_statements_2021_consolidated/DCM_financial_statements_2021_consolidated_extracted.txt
DCM,CTCP - Tổng công ty Phân bón Dầu khí Cà Mau,2021,DCM_financial_statements_2021_separate,separate,DCM/2021/DCM_financial_statements_2021_separate/DCM_financial_statements_2021_separate_extracted.txt
DCM,CTCP - Tổng công ty Phân bón Dầu khí Cà Mau,2022,DCM_financial_statements_2022_consolidated,consolidated,DCM/2022/DCM_financial_statements_2022_consolidated/DCM_financial_statements_2022_consolidated_extracted.txt
DCM,CTCP - Tổng công ty Phân bón Dầu khí Cà Mau,2022,DCM_financial_statements_2022_separate,separate,DCM/2022/DCM_financial_statements_2022_separate/DCM_financial_statements_2022_separate_extracted.txt
DCM,CTCP - Tổng công ty Phân bón Dầu khí Cà Mau,2023,DCM_financial_statements_2023_consolidated,consolidated,DCM/2023/DCM_financial_statements_2023_consolidated/DCM_financial_statements_2023_consolidated_extracted.txt
DCM,CTCP - Tổng công ty Phân bón Dầu khí Cà Mau,2023,DCM_financial_statements_2023_separate,separate,DCM/2023/DCM_financial_statements_2023_separate/DCM_financial_statements_2023_separate_extracted.txt
DCM,CTCP - Tổng công ty Phân bón Dầu khí Cà Mau,2024,DCM_financial_statements_2024_consolidated,consolidated,DCM/2024/DCM_financial_statements_2024_consolidated/DCM_financial_statements_2024_consolidated_extracted.txt
DCM,CTCP - Tổng công ty Phân bón Dầu khí Cà Mau,2024,DCM_financial_statements_2024_separate,separate,DCM/2024/DCM_financial_statements_2024_separate/DCM_financial_statements_2024_separate_extracted.txt
DCM,CTCP - Tổng công ty Phân bón Dầu khí Cà Mau,2025,DCM_financial_statements_2025_consolidated,consolidated,DCM/2025/DCM_financial_statements_2025_consolidated/DCM_financial_statements_2025_consolidated_extracted.txt
DCM,CTCP - Tổng công ty Phân bón Dầu khí Cà Mau,2025,DCM_financial_statements_2025_separate,separate,DCM/2025/DCM_financial_statements_2025_separate/DCM_financial_statements_2025_separate_extracted.txt
DIG,Tổng Công ty cổ phần Đầu tư Phát triển Xây dựng,2015,DIG_financial_statements_2015_consolidated,consolidated,DIG/2015/DIG_financial_statements_2015_consolidated/DIG_financial_statements_2015_consolidated_extracted.txt
DIG,Tổng Công ty cổ phần Đầu tư Phát triển Xây dựng,2015,DIG_financial_statements_2015_separate,separate,DIG/2015/DIG_financial_statements_2015_separate/DIG_financial_statements_2015_separate_extracted.txt
DIG,Tổng Công ty cổ phần Đầu tư Phát triển Xây dựng,2016,DIG_financial_statements_2016_consolidated,consolidated,DIG/2016/DIG_financial_statements_2016_consolidated/DIG_financial_statements_2016_consolidated_extracted.txt
DIG,Tổng Công ty cổ phần Đầu tư Phát triển Xây dựng,2016,DIG_financial_statements_2016_separate,separate,DIG/2016/DIG_financial_statements_2016_separate/DIG_financial_statements_2016_separate_extracted.txt
DIG,Tổng Công ty cổ phần Đầu tư Phát triển Xây dựng,2017,DIG_financial_statements_2017_consolidated,consolidated,DIG/2017/DIG_financial_statements_2017_consolidated/DIG_financial_statements_2017_consolidated_extracted.txt
DIG,Tổng Công ty cổ phần Đầu tư Phát triển Xây dựng,2017,DIG_financial_statements_2017_separate,separate,DIG/2017/DIG_financial_statements_2017_separate/DIG_financial_statements_2017_separate_extracted.txt
DIG,Tổng Công ty cổ phần Đầu tư Phát triển Xây dựng,2018,DIG_financial_statements_2018_consolidated,consolidated,DIG/2018/DIG_financial_statements_2018_consolidated/DIG_financial_statements_2018_consolidated_extracted.txt
DIG,Tổng Công ty cổ phần Đầu tư Phát triển Xây dựng,2018,DIG_financial_statements_2018_separate,separate,DIG/2018/DIG_financial_statements_2018_separate/DIG_financial_statements_2018_separate_extracted.txt
DIG,Tổng Công ty cổ phần Đầu tư Phát triển Xây dựng,2019,DIG_financial_statements_2019_consolidated,consolidated,DIG/2019/DIG_financial_statements_2019_consolidated/DIG_financial_statements_2019_consolidated_extracted.txt
DIG,Tổng Công ty cổ phần Đầu tư Phát triển Xây dựng,2019,DIG_financial_statements_2019_separate,separate,DIG/2019/DIG_financial_statements_2019_separate/DIG_financial_statements_2019_separate_extracted.txt
DIG,Tổng Công ty cổ phần Đầu tư Phát triển Xây dựng,2020,DIG_financial_statements_2020_consolidated,consolidated,DIG/2020/DIG_financial_statements_2020_consolidated/DIG_financial_statements_2020_consolidated_extracted.txt
DIG,Tổng Công ty cổ phần Đầu tư Phát triển Xây dựng,2020,DIG_financial_statements_2020_separate,separate,DIG/2020/DIG_financial_statements_2020_separate/DIG_financial_statements_2020_separate_extracted.txt
DIG,Tổng Công ty cổ phần Đầu tư Phát triển Xây dựng,2021,DIG_financial_statements_2021_consolidated,consolidated,DIG/2021/DIG_financial_statements_2021_consolidated/DIG_financial_statements_2021_consolidated_extracted.txt
DIG,Tổng Công ty cổ phần Đầu tư Phát triển Xây dựng,2021,DIG_financial_statements_2021_separate,separate,DIG/2021/DIG_financial_statements_2021_separate/DIG_financial_statements_2021_separate_extracted.txt
DIG,Tổng Công ty cổ phần Đầu tư Phát triển Xây dựng,2022,DIG_financial_statements_2022_consolidated,consolidated,DIG/2022/DIG_financial_statements_2022_consolidated/DIG_financial_statements_2022_consolidated_extracted.txt
DIG,Tổng Công ty cổ phần Đầu tư Phát triển Xây dựng,2022,DIG_financial_statements_2022_separate,separate,DIG/2022/DIG_financial_statements_2022_separate/DIG_financial_statements_2022_separate_extracted.txt
DIG,Tổng Công ty cổ phần Đầu tư Phát triển Xây dựng,2023,DIG_financial_statements_2023_consolidated,consolidated,DIG/2023/DIG_financial_statements_2023_consolidated/DIG_financial_statements_2023_consolidated_extracted.txt
DIG,Tổng Công ty cổ phần Đầu tư Phát triển Xây dựng,2023,DIG_financial_statements_2023_separate,separate,DIG/2023/DIG_financial_statements_2023_separate/DIG_financial_statements_2023_separate_extracted.txt
DIG,Tổng Công ty cổ phần Đầu tư Phát triển Xây dựng,2024,DIG_financial_statements_2024_consolidated,consolidated,DIG/2024/DIG_financial_statements_2024_consolidated/DIG_financial_statements_2024_consolidated_extracted.txt
DIG,Tổng Công ty cổ phần Đầu tư Phát triển Xây dựng,2024,DIG_financial_statements_2024_separate,separate,DIG/2024/DIG_financial_statements_2024_separate/DIG_financial_statements_2024_separate_extracted.txt
DIG,Tổng Công ty cổ phần Đầu tư Phát triển Xây dựng,2025,DIG_financial_statements_2025_consolidated,consolidated,DIG/2025/DIG_financial_statements_2025_consolidated/DIG_financial_statements_2025_consolidated_extracted.txt
DIG,Tổng Công ty cổ phần Đầu tư Phát triển Xây dựng,2025,DIG_financial_statements_2025_separate,separate,DIG/2025/DIG_financial_statements_2025_separate/DIG_financial_statements_2025_separate_extracted.txt
DLG,CTCP Tập đoàn Đức Long Gia Lai,2015,DLG_financial_statements_2015_consolidated,consolidated,DLG/2015/DLG_financial_statements_2015_consolidated/DLG_financial_statements_2015_consolidated_extracted.txt
DLG,CTCP Tập đoàn Đức Long Gia Lai,2015,DLG_financial_statements_2015_separate,separate,DLG/2015/DLG_financial_statements_2015_separate/DLG_financial_statements_2015_separate_extracted.txt
DLG,CTCP Tập đoàn Đức Long Gia Lai,2016,DLG_financial_statements_2016_consolidated,consolidated,DLG/2016/DLG_financial_statements_2016_consolidated/DLG_financial_statements_2016_consolidated_extracted.txt
DLG,CTCP Tập đoàn Đức Long Gia Lai,2016,DLG_financial_statements_2016_separate,separate,DLG/2016/DLG_financial_statements_2016_separate/DLG_financial_statements_2016_separate_extracted.txt
DLG,CTCP Tập đoàn Đức Long Gia Lai,2017,DLG_financial_statements_2017_consolidated,consolidated,DLG/2017/DLG_financial_statements_2017_consolidated/DLG_financial_statements_2017_consolidated_extracted.txt
DLG,CTCP Tập đoàn Đức Long Gia Lai,2017,DLG_financial_statements_2017_separate,separate,DLG/2017/DLG_financial_statements_2017_separate/DLG_financial_statements_2017_separate_extracted.txt
DLG,CTCP Tập đoàn Đức Long Gia Lai,2018,DLG_financial_statements_2018_consolidated,consolidated,DLG/2018/DLG_financial_statements_2018_consolidated/DLG_financial_statements_2018_consolidated_extracted.txt
DLG,CTCP Tập đoàn Đức Long Gia Lai,2018,DLG_financial_statements_2018_separate,separate,DLG/2018/DLG_financial_statements_2018_separate/DLG_financial_statements_2018_separate_extracted.txt
DLG,CTCP Tập đoàn Đức Long Gia Lai,2019,DLG_financial_statements_2019_consolidated,consolidated,DLG/2019/DLG_financial_statements_2019_consolidated/DLG_financial_statements_2019_consolidated_extracted.txt
DLG,CTCP Tập đoàn Đức Long Gia Lai,2019,DLG_financial_statements_2019_separate,separate,DLG/2019/DLG_financial_statements_2019_separate/DLG_financial_statements_2019_separate_extracted.txt
DLG,CTCP Tập đoàn Đức Long Gia Lai,2020,DLG_financial_statements_2020_consolidated,consolidated,DLG/2020/DLG_financial_statements_2020_consolidated/DLG_financial_statements_2020_consolidated_extracted.txt
DLG,CTCP Tập đoàn Đức Long Gia Lai,2020,DLG_financial_statements_2020_separate,separate,DLG/2020/DLG_financial_statements_2020_separate/DLG_financial_statements_2020_separate_extracted.txt
DLG,CTCP Tập đoàn Đức Long Gia Lai,2021,DLG_financial_statements_2021_consolidated,consolidated,DLG/2021/DLG_financial_statements_2021_consolidated/DLG_financial_statements_2021_consolidated_extracted.txt
DLG,CTCP Tập đoàn Đức Long Gia Lai,2021,DLG_financial_statements_2021_separate,separate,DLG/2021/DLG_financial_statements_2021_separate/DLG_financial_statements_2021_separate_extracted.txt
DLG,CTCP Tập đoàn Đức Long Gia Lai,2022,DLG_financial_statements_2022_consolidated,consolidated,DLG/2022/DLG_financial_statements_2022_consolidated/DLG_financial_statements_2022_consolidated_extracted.txt
DLG,CTCP Tập đoàn Đức Long Gia Lai,2022,DLG_financial_statements_2022_separate,separate,DLG/2022/DLG_financial_statements_2022_separate/DLG_financial_statements_2022_separate_extracted.txt
DLG,CTCP Tập đoàn Đức Long Gia Lai,2023,DLG_financial_statements_2023_consolidated,consolidated,DLG/2023/DLG_financial_statements_2023_consolidated/DLG_financial_statements_2023_consolidated_extracted.txt
DLG,CTCP Tập đoàn Đức Long Gia Lai,2023,DLG_financial_statements_2023_separate,separate,DLG/2023/DLG_financial_statements_2023_separate/DLG_financial_statements_2023_separate_extracted.txt
DLG,CTCP Tập đoàn Đức Long Gia Lai,2024,DLG_financial_statements_2024_consolidated,consolidated,DLG/2024/DLG_financial_statements_2024_consolidated/DLG_financial_statements_2024_consolidated_extracted.txt
DLG,CTCP Tập đoàn Đức Long Gia Lai,2024,DLG_financial_statements_2024_separate,separate,DLG/2024/DLG_financial_statements_2024_separate/DLG_financial_statements_2024_separate_extracted.txt
DLG,CTCP Tập đoàn Đức Long Gia Lai,2025,DLG_financial_statements_2025_consolidated,consolidated,DLG/2025/DLG_financial_statements_2025_consolidated/DLG_financial_statements_2025_consolidated_extracted.txt
DLG,CTCP Tập đoàn Đức Long Gia Lai,2025,DLG_financial_statements_2025_separate,separate,DLG/2025/DLG_financial_statements_2025_separate/DLG_financial_statements_2025_separate_extracted.txt
DNH,CTCP Thủy điện Đa Nhim - Hàm Thuận - Đa Mi,2016,DNH_financial_statements_2016_consolidated,consolidated,DNH/2016/DNH_financial_statements_2016_consolidated/DNH_financial_statements_2016_consolidated_extracted.txt
DNH,CTCP Thủy điện Đa Nhim - Hàm Thuận - Đa Mi,2016,DNH_financial_statements_2016_separate,separate,DNH/2016/DNH_financial_statements_2016_separate/DNH_financial_statements_2016_separate_extracted.txt
DNH,CTCP Thủy điện Đa Nhim - Hàm Thuận - Đa Mi,2017,DNH_financial_statements_2017_consolidated,consolidated,DNH/2017/DNH_financial_statements_2017_consolidated/DNH_financial_statements_2017_consolidated_extracted.txt
DNH,CTCP Thủy điện Đa Nhim - Hàm Thuận - Đa Mi,2017,DNH_financial_statements_2017_separate,separate,DNH/2017/DNH_financial_statements_2017_separate/DNH_financial_statements_2017_separate_extracted.txt
DNH,CTCP Thủy điện Đa Nhim - Hàm Thuận - Đa Mi,2018,DNH_financial_statements_2018_consolidated,consolidated,DNH/2018/DNH_financial_statements_2018_consolidated/DNH_financial_statements_2018_consolidated_extracted.txt
DNH,CTCP Thủy điện Đa Nhim - Hàm Thuận - Đa Mi,2018,DNH_financial_statements_2018_separate,separate,DNH/2018/DNH_financial_statements_2018_separate/DNH_financial_statements_2018_separate_extracted.txt
DNH,CTCP Thủy điện Đa Nhim - Hàm Thuận - Đa Mi,2019,DNH_financial_statements_2019_consolidated,consolidated,DNH/2019/DNH_financial_statements_2019_consolidated/DNH_financial_statements_2019_consolidated_extracted.txt
DNH,CTCP Thủy điện Đa Nhim - Hàm Thuận - Đa Mi,2019,DNH_financial_statements_2019_separate,separate,DNH/2019/DNH_financial_statements_2019_separate/DNH_financial_statements_2019_separate_extracted.txt
DNH,CTCP Thủy điện Đa Nhim - Hàm Thuận - Đa Mi,2020,DNH_financial_statements_2020_consolidated,consolidated,DNH/2020/DNH_financial_statements_2020_consolidated/DNH_financial_statements_2020_consolidated_extracted.txt
DNH,CTCP Thủy điện Đa Nhim - Hàm Thuận - Đa Mi,2020,DNH_financial_statements_2020_separate,separate,DNH/2020/DNH_financial_statements_2020_separate/DNH_financial_statements_2020_separate_extracted.txt
DNH,CTCP Thủy điện Đa Nhim - Hàm Thuận - Đa Mi,2021,DNH_financial_statements_2021_consolidated,consolidated,DNH/2021/DNH_financial_statements_2021_consolidated/DNH_financial_statements_2021_consolidated_extracted.txt
DNH,CTCP Thủy điện Đa Nhim - Hàm Thuận - Đa Mi,2021,DNH_financial_statements_2021_separate,separate,DNH/2021/DNH_financial_statements_2021_separate/DNH_financial_statements_2021_separate_extracted.txt
DNH,CTCP Thủy điện Đa Nhim - Hàm Thuận - Đa Mi,2022,DNH_financial_statements_2022_consolidated,consolidated,DNH/2022/DNH_financial_statements_2022_consolidated/DNH_financial_statements_2022_consolidated_extracted.txt
DNH,CTCP Thủy điện Đa Nhim - Hàm Thuận - Đa Mi,2022,DNH_financial_statements_2022_separate,separate,DNH/2022/DNH_financial_statements_2022_separate/DNH_financial_statements_2022_separate_extracted.txt
DNH,CTCP Thủy điện Đa Nhim - Hàm Thuận - Đa Mi,2023,DNH_financial_statements_2023_consolidated,consolidated,DNH/2023/DNH_financial_statements_2023_consolidated/DNH_financial_statements_2023_consolidated_extracted.txt
DNH,CTCP Thủy điện Đa Nhim - Hàm Thuận - Đa Mi,2023,DNH_financial_statements_2023_separate,separate,DNH/2023/DNH_financial_statements_2023_separate/DNH_financial_statements_2023_separate_extracted.txt
DNH,CTCP Thủy điện Đa Nhim - Hàm Thuận - Đa Mi,2024,DNH_financial_statements_2024_consolidated,consolidated,DNH/2024/DNH_financial_statements_2024_consolidated/DNH_financial_statements_2024_consolidated_extracted.txt
DNH,CTCP Thủy điện Đa Nhim - Hàm Thuận - Đa Mi,2024,DNH_financial_statements_2024_separate,separate,DNH/2024/DNH_financial_statements_2024_separate/DNH_financial_statements_2024_separate_extracted.txt
DNH,CTCP Thủy điện Đa Nhim - Hàm Thuận - Đa Mi,2025,DNH_financial_statements_2025_consolidated,consolidated,DNH/2025/DNH_financial_statements_2025_consolidated/DNH_financial_statements_2025_consolidated_extracted.txt
DNH,CTCP Thủy điện Đa Nhim - Hàm Thuận - Đa Mi,2025,DNH_financial_statements_2025_separate,separate,DNH/2025/DNH_financial_statements_2025_separate/DNH_financial_statements_2025_separate_extracted.txt
DPM,Tổng công ty Phân bón và Hóa chất Dầu khí - CTCP,2015,DPM_financial_statements_2015_consolidated,consolidated,DPM/2015/DPM_financial_statements_2015_consolidated/DPM_financial_statements_2015_consolidated_extracted.txt
DPM,Tổng công ty Phân bón và Hóa chất Dầu khí - CTCP,2016,DPM_financial_statements_2016_consolidated,consolidated,DPM/2016/DPM_financial_statements_2016_consolidated/DPM_financial_statements_2016_consolidated_extracted.txt
DPM,Tổng công ty Phân bón và Hóa chất Dầu khí - CTCP,2016,DPM_financial_statements_2016_separate,separate,DPM/2016/DPM_financial_statements_2016_separate/DPM_financial_statements_2016_separate_extracted.txt
DPM,Tổng công ty Phân bón và Hóa chất Dầu khí - CTCP,2017,DPM_financial_statements_2017_separate,separate,DPM/2017/DPM_financial_statements_2017_separate/DPM_financial_statements_2017_separate_extracted.txt
DPM,Tổng công ty Phân bón và Hóa chất Dầu khí - CTCP,2018,DPM_financial_statements_2018_consolidated,consolidated,DPM/2018/DPM_financial_statements_2018_consolidated/DPM_financial_statements_2018_consolidated_extracted.txt
DPM,Tổng công ty Phân bón và Hóa chất Dầu khí - CTCP,2018,DPM_financial_statements_2018_separate,separate,DPM/2018/DPM_financial_statements_2018_separate/DPM_financial_statements_2018_separate_extracted.txt
DPM,Tổng công ty Phân bón và Hóa chất Dầu khí - CTCP,2019,DPM_financial_statements_2019_consolidated,consolidated,DPM/2019/DPM_financial_statements_2019_consolidated/DPM_financial_statements_2019_consolidated_extracted.txt
DPM,Tổng công ty Phân bón và Hóa chất Dầu khí - CTCP,2019,DPM_financial_statements_2019_separate,separate,DPM/2019/DPM_financial_statements_2019_separate/DPM_financial_statements_2019_separate_extracted.txt
DPM,Tổng công ty Phân bón và Hóa chất Dầu khí - CTCP,2020,DPM_financial_statements_2020_consolidated,consolidated,DPM/2020/DPM_financial_statements_2020_consolidated/DPM_financial_statements_2020_consolidated_extracted.txt
DPM,Tổng công ty Phân bón và Hóa chất Dầu khí - CTCP,2020,DPM_financial_statements_2020_separate,separate,DPM/2020/DPM_financial_statements_2020_separate/DPM_financial_statements_2020_separate_extracted.txt
DPM,Tổng công ty Phân bón và Hóa chất Dầu khí - CTCP,2021,DPM_financial_statements_2021_consolidated,consolidated,DPM/2021/DPM_financial_statements_2021_consolidated/DPM_financial_statements_2021_consolidated_extracted.txt
DPM,Tổng công ty Phân bón và Hóa chất Dầu khí - CTCP,2021,DPM_financial_statements_2021_separate,separate,DPM/2021/DPM_financial_statements_2021_separate/DPM_financial_statements_2021_separate_extracted.txt
DPM,Tổng công ty Phân bón và Hóa chất Dầu khí - CTCP,2022,DPM_financial_statements_2022_consolidated,consolidated,DPM/2022/DPM_financial_statements_2022_consolidated/DPM_financial_statements_2022_consolidated_extracted.txt
DPM,Tổng công ty Phân bón và Hóa chất Dầu khí - CTCP,2022,DPM_financial_statements_2022_separate,separate,DPM/2022/DPM_financial_statements_2022_separate/DPM_financial_statements_2022_separate_extracted.txt
DPM,Tổng công ty Phân bón và Hóa chất Dầu khí - CTCP,2023,DPM_financial_statements_2023_consolidated,consolidated,DPM/2023/DPM_financial_statements_2023_consolidated/DPM_financial_statements_2023_consolidated_extracted.txt
DPM,Tổng công ty Phân bón và Hóa chất Dầu khí - CTCP,2023,DPM_financial_statements_2023_separate,separate,DPM/2023/DPM_financial_statements_2023_separate/DPM_financial_statements_2023_separate_extracted.txt
DPM,Tổng công ty Phân bón và Hóa chất Dầu khí - CTCP,2024,DPM_financial_statements_2024_consolidated,consolidated,DPM/2024/DPM_financial_statements_2024_consolidated/DPM_financial_statements_2024_consolidated_extracted.txt
DPM,Tổng công ty Phân bón và Hóa chất Dầu khí - CTCP,2024,DPM_financial_statements_2024_separate,separate,DPM/2024/DPM_financial_statements_2024_separate/DPM_financial_statements_2024_separate_extracted.txt
DPM,Tổng công ty Phân bón và Hóa chất Dầu khí - CTCP,2025,DPM_financial_statements_2025_consolidated,consolidated,DPM/2025/DPM_financial_statements_2025_consolidated/DPM_financial_statements_2025_consolidated_extracted.txt
DPM,Tổng công ty Phân bón và Hóa chất Dầu khí - CTCP,2025,DPM_financial_statements_2025_separate,separate,DPM/2025/DPM_financial_statements_2025_separate/DPM_financial_statements_2025_separate_extracted.txt
DTK,Tổng Công ty Điện lực TKV - CTCP,2015,DTK_financial_statements_2015_consolidated,consolidated,DTK/2015/DTK_financial_statements_2015_consolidated/DTK_financial_statements_2015_consolidated_extracted.txt
DTK,Tổng Công ty Điện lực TKV - CTCP,2015,DTK_financial_statements_2015_separate,separate,DTK/2015/DTK_financial_statements_2015_separate/DTK_financial_statements_2015_separate_extracted.txt
DTK,Tổng Công ty Điện lực TKV - CTCP,2016,DTK_financial_statements_2016_consolidated,consolidated,DTK/2016/DTK_financial_statements_2016_consolidated/DTK_financial_statements_2016_consolidated_extracted.txt
DTK,Tổng Công ty Điện lực TKV - CTCP,2016,DTK_financial_statements_2016_separate,separate,DTK/2016/DTK_financial_statements_2016_separate/DTK_financial_statements_2016_separate_extracted.txt
DTK,Tổng Công ty Điện lực TKV - CTCP,2017,DTK_financial_statements_2017_consolidated,consolidated,DTK/2017/DTK_financial_statements_2017_consolidated/DTK_financial_statements_2017_consolidated_extracted.txt
DTK,Tổng Công ty Điện lực TKV - CTCP,2017,DTK_financial_statements_2017_separate,separate,DTK/2017/DTK_financial_statements_2017_separate/DTK_financial_statements_2017_separate_extracted.txt
DTK,Tổng Công ty Điện lực TKV - CTCP,2018,DTK_financial_statements_2018_consolidated,consolidated,DTK/2018/DTK_financial_statements_2018_consolidated/DTK_financial_statements_2018_consolidated_extracted.txt
DTK,Tổng Công ty Điện lực TKV - CTCP,2018,DTK_financial_statements_2018_separate,separate,DTK/2018/DTK_financial_statements_2018_separate/DTK_financial_statements_2018_separate_extracted.txt
DTK,Tổng Công ty Điện lực TKV - CTCP,2019,DTK_financial_statements_2019_consolidated,consolidated,DTK/2019/DTK_financial_statements_2019_consolidated/DTK_financial_statements_2019_consolidated_extracted.txt
DTK,Tổng Công ty Điện lực TKV - CTCP,2019,DTK_financial_statements_2019_separate,separate,DTK/2019/DTK_financial_statements_2019_separate/DTK_financial_statements_2019_separate_extracted.txt
DTK,Tổng Công ty Điện lực TKV - CTCP,2020,DTK_financial_statements_2020_consolidated,consolidated,DTK/2020/DTK_financial_statements_2020_consolidated/DTK_financial_statements_2020_consolidated_extracted.txt
DTK,Tổng Công ty Điện lực TKV - CTCP,2020,DTK_financial_statements_2020_separate,separate,DTK/2020/DTK_financial_statements_2020_separate/DTK_financial_statements_2020_separate_extracted.txt
DTK,Tổng Công ty Điện lực TKV - CTCP,2021,DTK_financial_statements_2021_consolidated,consolidated,DTK/2021/DTK_financial_statements_2021_consolidated/DTK_financial_statements_2021_consolidated_extracted.txt
DTK,Tổng Công ty Điện lực TKV - CTCP,2021,DTK_financial_statements_2021_separate,separate,DTK/2021/DTK_financial_statements_2021_separate/DTK_financial_statements_2021_separate_extracted.txt
DTK,Tổng Công ty Điện lực TKV - CTCP,2022,DTK_financial_statements_2022_consolidated,consolidated,DTK/2022/DTK_financial_statements_2022_consolidated/DTK_financial_statements_2022_consolidated_extracted.txt
DTK,Tổng Công ty Điện lực TKV - CTCP,2022,DTK_financial_statements_2022_separate,separate,DTK/2022/DTK_financial_statements_2022_separate/DTK_financial_statements_2022_separate_extracted.txt
DTK,Tổng Công ty Điện lực TKV - CTCP,2023,DTK_financial_statements_2023_consolidated,consolidated,DTK/2023/DTK_financial_statements_2023_consolidated/DTK_financial_statements_2023_consolidated_extracted.txt
DTK,Tổng Công ty Điện lực TKV - CTCP,2023,DTK_financial_statements_2023_separate,separate,DTK/2023/DTK_financial_statements_2023_separate/DTK_financial_statements_2023_separate_extracted.txt
DTK,Tổng Công ty Điện lực TKV - CTCP,2024,DTK_financial_statements_2024_consolidated,consolidated,DTK/2024/DTK_financial_statements_2024_consolidated/DTK_financial_statements_2024_consolidated_extracted.txt
DTK,Tổng Công ty Điện lực TKV - CTCP,2024,DTK_financial_statements_2024_separate,separate,DTK/2024/DTK_financial_statements_2024_separate/DTK_financial_statements_2024_separate_extracted.txt
DTK,Tổng Công ty Điện lực TKV - CTCP,2025,DTK_financial_statements_2025_aggregated,aggregated,DTK/2025/DTK_financial_statements_2025_aggregated/DTK_financial_statements_2025_aggregated_extracted.txt
DTK,Tổng Công ty Điện lực TKV - CTCP,2025,DTK_financial_statements_2025_consolidated,consolidated,DTK/2025/DTK_financial_statements_2025_consolidated/DTK_financial_statements_2025_consolidated_extracted.txt
DXG,CTCP Bluemarq Group,2015,DXG_financial_statements_2015_consolidated,consolidated,DXG/2015/DXG_financial_statements_2015_consolidated/DXG_financial_statements_2015_consolidated_extracted.txt
DXG,CTCP Bluemarq Group,2015,DXG_financial_statements_2015_separate,separate,DXG/2015/DXG_financial_statements_2015_separate/DXG_financial_statements_2015_separate_extracted.txt
DXG,CTCP Bluemarq Group,2016,DXG_financial_statements_2016_consolidated,consolidated,DXG/2016/DXG_financial_statements_2016_consolidated/DXG_financial_statements_2016_consolidated_extracted.txt
DXG,CTCP Bluemarq Group,2016,DXG_financial_statements_2016_separate,separate,DXG/2016/DXG_financial_statements_2016_separate/DXG_financial_statements_2016_separate_extracted.txt
DXG,CTCP Bluemarq Group,2017,DXG_financial_statements_2017_consolidated,consolidated,DXG/2017/DXG_financial_statements_2017_consolidated/DXG_financial_statements_2017_consolidated_extracted.txt
DXG,CTCP Bluemarq Group,2017,DXG_financial_statements_2017_separate,separate,DXG/2017/DXG_financial_statements_2017_separate/DXG_financial_statements_2017_separate_extracted.txt
DXG,CTCP Bluemarq Group,2018,DXG_financial_statements_2018_consolidated,consolidated,DXG/2018/DXG_financial_statements_2018_consolidated/DXG_financial_statements_2018_consolidated_extracted.txt
DXG,CTCP Bluemarq Group,2018,DXG_financial_statements_2018_separate,separate,DXG/2018/DXG_financial_statements_2018_separate/DXG_financial_statements_2018_separate_extracted.txt
DXG,CTCP Bluemarq Group,2019,DXG_financial_statements_2019_consolidated,consolidated,DXG/2019/DXG_financial_statements_2019_consolidated/DXG_financial_statements_2019_consolidated_extracted.txt
DXG,CTCP Bluemarq Group,2019,DXG_financial_statements_2019_separate,separate,DXG/2019/DXG_financial_statements_2019_separate/DXG_financial_statements_2019_separate_extracted.txt
DXG,CTCP Bluemarq Group,2020,DXG_financial_statements_2020_consolidated,consolidated,DXG/2020/DXG_financial_statements_2020_consolidated/DXG_financial_statements_2020_consolidated_extracted.txt
DXG,CTCP Bluemarq Group,2020,DXG_financial_statements_2020_separate,separate,DXG/2020/DXG_financial_statements_2020_separate/DXG_financial_statements_2020_separate_extracted.txt
DXG,CTCP Bluemarq Group,2021,DXG_financial_statements_2021_consolidated,consolidated,DXG/2021/DXG_financial_statements_2021_consolidated/DXG_financial_statements_2021_consolidated_extracted.txt
DXG,CTCP Bluemarq Group,2021,DXG_financial_statements_2021_separate,separate,DXG/2021/DXG_financial_statements_2021_separate/DXG_financial_statements_2021_separate_extracted.txt
DXG,CTCP Bluemarq Group,2022,DXG_financial_statements_2022_consolidated,consolidated,DXG/2022/DXG_financial_statements_2022_consolidated/DXG_financial_statements_2022_consolidated_extracted.txt
DXG,CTCP Bluemarq Group,2022,DXG_financial_statements_2022_separate,separate,DXG/2022/DXG_financial_statements_2022_separate/DXG_financial_statements_2022_separate_extracted.txt
DXG,CTCP Bluemarq Group,2023,DXG_financial_statements_2023_consolidated,consolidated,DXG/2023/DXG_financial_statements_2023_consolidated/DXG_financial_statements_2023_consolidated_extracted.txt
DXG,CTCP Bluemarq Group,2023,DXG_financial_statements_2023_separate,separate,DXG/2023/DXG_financial_statements_2023_separate/DXG_financial_statements_2023_separate_extracted.txt
DXG,CTCP Bluemarq Group,2024,DXG_financial_statements_2024_consolidated,consolidated,DXG/2024/DXG_financial_statements_2024_consolidated/DXG_financial_statements_2024_consolidated_extracted.txt
DXG,CTCP Bluemarq Group,2024,DXG_financial_statements_2024_separate,separate,DXG/2024/DXG_financial_statements_2024_separate/DXG_financial_statements_2024_separate_extracted.txt
DXG,CTCP Bluemarq Group,2025,DXG_financial_statements_2025_consolidated,consolidated,DXG/2025/DXG_financial_statements_2025_consolidated/DXG_financial_statements_2025_consolidated_extracted.txt
DXG,CTCP Bluemarq Group,2025,DXG_financial_statements_2025_separate,separate,DXG/2025/DXG_financial_statements_2025_separate/DXG_financial_statements_2025_separate_extracted.txt
DXS,CTCP Dịch vụ Bất động sản Đất Xanh,2019,DXS_financial_statements_2019_consolidated,consolidated,DXS/2019/DXS_financial_statements_2019_consolidated/DXS_financial_statements_2019_consolidated_extracted.txt
DXS,CTCP Dịch vụ Bất động sản Đất Xanh,2019,DXS_financial_statements_2019_separate,separate,DXS/2019/DXS_financial_statements_2019_separate/DXS_financial_statements_2019_separate_extracted.txt
DXS,CTCP Dịch vụ Bất động sản Đất Xanh,2020,DXS_financial_statements_2020_consolidated,consolidated,DXS/2020/DXS_financial_statements_2020_consolidated/DXS_financial_statements_2020_consolidated_extracted.txt
DXS,CTCP Dịch vụ Bất động sản Đất Xanh,2020,DXS_financial_statements_2020_separate,separate,DXS/2020/DXS_financial_statements_2020_separate/DXS_financial_statements_2020_separate_extracted.txt
DXS,CTCP Dịch vụ Bất động sản Đất Xanh,2021,DXS_financial_statements_2021_consolidated,consolidated,DXS/2021/DXS_financial_statements_2021_consolidated/DXS_financial_statements_2021_consolidated_extracted.txt
DXS,CTCP Dịch vụ Bất động sản Đất Xanh,2021,DXS_financial_statements_2021_separate,separate,DXS/2021/DXS_financial_statements_2021_separate/DXS_financial_statements_2021_separate_extracted.txt
DXS,CTCP Dịch vụ Bất động sản Đất Xanh,2022,DXS_financial_statements_2022_consolidated,consolidated,DXS/2022/DXS_financial_statements_2022_consolidated/DXS_financial_statements_2022_consolidated_extracted.txt
DXS,CTCP Dịch vụ Bất động sản Đất Xanh,2022,DXS_financial_statements_2022_separate,separate,DXS/2022/DXS_financial_statements_2022_separate/DXS_financial_statements_2022_separate_extracted.txt
DXS,CTCP Dịch vụ Bất động sản Đất Xanh,2023,DXS_financial_statements_2023_consolidated,consolidated,DXS/2023/DXS_financial_statements_2023_consolidated/DXS_financial_statements_2023_consolidated_extracted.txt
DXS,CTCP Dịch vụ Bất động sản Đất Xanh,2023,DXS_financial_statements_2023_separate,separate,DXS/2023/DXS_financial_statements_2023_separate/DXS_financial_statements_2023_separate_extracted.txt
DXS,CTCP Dịch vụ Bất động sản Đất Xanh,2024,DXS_financial_statements_2024_consolidated,consolidated,DXS/2024/DXS_financial_statements_2024_consolidated/DXS_financial_statements_2024_consolidated_extracted.txt
DXS,CTCP Dịch vụ Bất động sản Đất Xanh,2024,DXS_financial_statements_2024_separate,separate,DXS/2024/DXS_financial_statements_2024_separate/DXS_financial_statements_2024_separate_extracted.txt
DXS,CTCP Dịch vụ Bất động sản Đất Xanh,2025,DXS_financial_statements_2025_consolidated,consolidated,DXS/2025/DXS_financial_statements_2025_consolidated/DXS_financial_statements_2025_consolidated_extracted.txt
DXS,CTCP Dịch vụ Bất động sản Đất Xanh,2025,DXS_financial_statements_2025_separate,separate,DXS/2025/DXS_financial_statements_2025_separate/DXS_financial_statements_2025_separate_extracted.txt
EIB,Ngân hàng TMCP Xuất nhập khẩu Việt Nam,2015,EIB_financial_statements_2015_consolidated,consolidated,EIB/2015/EIB_financial_statements_2015_consolidated/EIB_financial_statements_2015_consolidated_extracted.txt
EIB,Ngân hàng TMCP Xuất nhập khẩu Việt Nam,2015,EIB_financial_statements_2015_separate,separate,EIB/2015/EIB_financial_statements_2015_separate/EIB_financial_statements_2015_separate_extracted.txt
EIB,Ngân hàng TMCP Xuất nhập khẩu Việt Nam,2016,EIB_financial_statements_2016_consolidated,consolidated,EIB/2016/EIB_financial_statements_2016_consolidated/EIB_financial_statements_2016_consolidated_extracted.txt
EIB,Ngân hàng TMCP Xuất nhập khẩu Việt Nam,2016,EIB_financial_statements_2016_separate,separate,EIB/2016/EIB_financial_statements_2016_separate/EIB_financial_statements_2016_separate_extracted.txt
EIB,Ngân hàng TMCP Xuất nhập khẩu Việt Nam,2017,EIB_financial_statements_2017_consolidated,consolidated,EIB/2017/EIB_financial_statements_2017_consolidated/EIB_financial_statements_2017_consolidated_extracted.txt
EIB,Ngân hàng TMCP Xuất nhập khẩu Việt Nam,2017,EIB_financial_statements_2017_separate,separate,EIB/2017/EIB_financial_statements_2017_separate/EIB_financial_statements_2017_separate_extracted.txt
EIB,Ngân hàng TMCP Xuất nhập khẩu Việt Nam,2018,EIB_financial_statements_2018_consolidated,consolidated,EIB/2018/EIB_financial_statements_2018_consolidated/EIB_financial_statements_2018_consolidated_extracted.txt
EIB,Ngân hàng TMCP Xuất nhập khẩu Việt Nam,2018,EIB_financial_statements_2018_separate,separate,EIB/2018/EIB_financial_statements_2018_separate/EIB_financial_statements_2018_separate_extracted.txt
EIB,Ngân hàng TMCP Xuất nhập khẩu Việt Nam,2019,EIB_financial_statements_2019_consolidated,consolidated,EIB/2019/EIB_financial_statements_2019_consolidated/EIB_financial_statements_2019_consolidated_extracted.txt
EIB,Ngân hàng TMCP Xuất nhập khẩu Việt Nam,2019,EIB_financial_statements_2019_separate,separate,EIB/2019/EIB_financial_statements_2019_separate/EIB_financial_statements_2019_separate_extracted.txt
EIB,Ngân hàng TMCP Xuất nhập khẩu Việt Nam,2020,EIB_financial_statements_2020_consolidated,consolidated,EIB/2020/EIB_financial_statements_2020_consolidated/EIB_financial_statements_2020_consolidated_extracted.txt
EIB,Ngân hàng TMCP Xuất nhập khẩu Việt Nam,2020,EIB_financial_statements_2020_separate,separate,EIB/2020/EIB_financial_statements_2020_separate/EIB_financial_statements_2020_separate_extracted.txt
EIB,Ngân hàng TMCP Xuất nhập khẩu Việt Nam,2021,EIB_financial_statements_2021_consolidated,consolidated,EIB/2021/EIB_financial_statements_2021_consolidated/EIB_financial_statements_2021_consolidated_extracted.txt
EIB,Ngân hàng TMCP Xuất nhập khẩu Việt Nam,2021,EIB_financial_statements_2021_separate,separate,EIB/2021/EIB_financial_statements_2021_separate/EIB_financial_statements_2021_separate_extracted.txt
EIB,Ngân hàng TMCP Xuất nhập khẩu Việt Nam,2022,EIB_financial_statements_2022_consolidated,consolidated,EIB/2022/EIB_financial_statements_2022_consolidated/EIB_financial_statements_2022_consolidated_extracted.txt
EIB,Ngân hàng TMCP Xuất nhập khẩu Việt Nam,2022,EIB_financial_statements_2022_separate,separate,EIB/2022/EIB_financial_statements_2022_separate/EIB_financial_statements_2022_separate_extracted.txt
EIB,Ngân hàng TMCP Xuất nhập khẩu Việt Nam,2023,EIB_financial_statements_2023_consolidated,consolidated,EIB/2023/EIB_financial_statements_2023_consolidated/EIB_financial_statements_2023_consolidated_extracted.txt
EIB,Ngân hàng TMCP Xuất nhập khẩu Việt Nam,2023,EIB_financial_statements_2023_separate,separate,EIB/2023/EIB_financial_statements_2023_separate/EIB_financial_statements_2023_separate_extracted.txt
EIB,Ngân hàng TMCP Xuất nhập khẩu Việt Nam,2024,EIB_financial_statements_2024_consolidated,consolidated,EIB/2024/EIB_financial_statements_2024_consolidated/EIB_financial_statements_2024_consolidated_extracted.txt
EIB,Ngân hàng TMCP Xuất nhập khẩu Việt Nam,2024,EIB_financial_statements_2024_separate,separate,EIB/2024/EIB_financial_statements_2024_separate/EIB_financial_statements_2024_separate_extracted.txt
EIB,Ngân hàng TMCP Xuất nhập khẩu Việt Nam,2025,EIB_financial_statements_2025_consolidated,consolidated,EIB/2025/EIB_financial_statements_2025_consolidated/EIB_financial_statements_2025_consolidated_extracted.txt
EIB,Ngân hàng TMCP Xuất nhập khẩu Việt Nam,2025,EIB_financial_statements_2025_separate,separate,EIB/2025/EIB_financial_statements_2025_separate/EIB_financial_statements_2025_separate_extracted.txt
EVF,Công ty Tài chính Tổng hợp Cổ phần Điện lực,2018,EVF_financial_statements_2018,other,EVF/2018/EVF_financial_statements_2018/EVF_financial_statements_2018_extracted.txt
EVF,Công ty Tài chính Tổng hợp Cổ phần Điện lực,2019,EVF_financial_statements_2019,other,EVF/2019/EVF_financial_statements_2019/EVF_financial_statements_2019_extracted.txt
EVF,Công ty Tài chính Tổng hợp Cổ phần Điện lực,2020,EVF_financial_statements_2020,other,EVF/2020/EVF_financial_statements_2020/EVF_financial_statements_2020_extracted.txt
EVF,Công ty Tài chính Tổng hợp Cổ phần Điện lực,2021,EVF_financial_statements_2021,other,EVF/2021/EVF_financial_statements_2021/EVF_financial_statements_2021_extracted.txt
EVF,Công ty Tài chính Tổng hợp Cổ phần Điện lực,2022,EVF_financial_statements_2022,other,EVF/2022/EVF_financial_statements_2022/EVF_financial_statements_2022_extracted.txt
EVF,Công ty Tài chính Tổng hợp Cổ phần Điện lực,2023,EVF_financial_statements_2023,other,EVF/2023/EVF_financial_statements_2023/EVF_financial_statements_2023_extracted.txt
EVF,Công ty Tài chính Tổng hợp Cổ phần Điện lực,2024,EVF_financial_statements_2024,other,EVF/2024/EVF_financial_statements_2024/EVF_financial_statements_2024_extracted.txt
EVF,Công ty Tài chính Tổng hợp Cổ phần Điện lực,2025,EVF_financial_statements_2025,other,EVF/2025/EVF_financial_statements_2025/EVF_financial_statements_2025_extracted.txt
FIT,CTCP Tập đoàn F.I.T,2015,FIT_financial_statements_2015_consolidated,consolidated,FIT/2015/FIT_financial_statements_2015_consolidated/FIT_financial_statements_2015_consolidated_extracted.txt
FIT,CTCP Tập đoàn F.I.T,2015,FIT_financial_statements_2015_separate,separate,FIT/2015/FIT_financial_statements_2015_separate/FIT_financial_statements_2015_separate_extracted.txt
FIT,CTCP Tập đoàn F.I.T,2016,FIT_financial_statements_2016_consolidated,consolidated,FIT/2016/FIT_financial_statements_2016_consolidated/FIT_financial_statements_2016_consolidated_extracted.txt
FIT,CTCP Tập đoàn F.I.T,2016,FIT_financial_statements_2016_separate,separate,FIT/2016/FIT_financial_statements_2016_separate/FIT_financial_statements_2016_separate_extracted.txt
FIT,CTCP Tập đoàn F.I.T,2017,FIT_financial_statements_2017_consolidated,consolidated,FIT/2017/FIT_financial_statements_2017_consolidated/FIT_financial_statements_2017_consolidated_extracted.txt
FIT,CTCP Tập đoàn F.I.T,2017,FIT_financial_statements_2017_separate,separate,FIT/2017/FIT_financial_statements_2017_separate/FIT_financial_statements_2017_separate_extracted.txt
FIT,CTCP Tập đoàn F.I.T,2018,FIT_financial_statements_2018_consolidated,consolidated,FIT/2018/FIT_financial_statements_2018_consolidated/FIT_financial_statements_2018_consolidated_extracted.txt
FIT,CTCP Tập đoàn F.I.T,2018,FIT_financial_statements_2018_separate,separate,FIT/2018/FIT_financial_statements_2018_separate/FIT_financial_statements_2018_separate_extracted.txt
FIT,CTCP Tập đoàn F.I.T,2019,FIT_financial_statements_2019_consolidated,consolidated,FIT/2019/FIT_financial_statements_2019_consolidated/FIT_financial_statements_2019_consolidated_extracted.txt
FIT,CTCP Tập đoàn F.I.T,2019,FIT_financial_statements_2019_separate,separate,FIT/2019/FIT_financial_statements_2019_separate/FIT_financial_statements_2019_separate_extracted.txt
FIT,CTCP Tập đoàn F.I.T,2020,FIT_financial_statements_2020_consolidated,consolidated,FIT/2020/FIT_financial_statements_2020_consolidated/FIT_financial_statements_2020_consolidated_extracted.txt
FIT,CTCP Tập đoàn F.I.T,2020,FIT_financial_statements_2020_separate,separate,FIT/2020/FIT_financial_statements_2020_separate/FIT_financial_statements_2020_separate_extracted.txt
FIT,CTCP Tập đoàn F.I.T,2021,FIT_financial_statements_2021_consolidated,consolidated,FIT/2021/FIT_financial_statements_2021_consolidated/FIT_financial_statements_2021_consolidated_extracted.txt
FIT,CTCP Tập đoàn F.I.T,2021,FIT_financial_statements_2021_separate,separate,FIT/2021/FIT_financial_statements_2021_separate/FIT_financial_statements_2021_separate_extracted.txt
FIT,CTCP Tập đoàn F.I.T,2022,FIT_financial_statements_2022_consolidated,consolidated,FIT/2022/FIT_financial_statements_2022_consolidated/FIT_financial_statements_2022_consolidated_extracted.txt
FIT,CTCP Tập đoàn F.I.T,2022,FIT_financial_statements_2022_separate,separate,FIT/2022/FIT_financial_statements_2022_separate/FIT_financial_statements_2022_separate_extracted.txt
FIT,CTCP Tập đoàn F.I.T,2023,FIT_financial_statements_2023_consolidated,consolidated,FIT/2023/FIT_financial_statements_2023_consolidated/FIT_financial_statements_2023_consolidated_extracted.txt
FIT,CTCP Tập đoàn F.I.T,2023,FIT_financial_statements_2023_separate,separate,FIT/2023/FIT_financial_statements_2023_separate/FIT_financial_statements_2023_separate_extracted.txt
FIT,CTCP Tập đoàn F.I.T,2024,FIT_financial_statements_2024_consolidated,consolidated,FIT/2024/FIT_financial_statements_2024_consolidated/FIT_financial_statements_2024_consolidated_extracted.txt
FIT,CTCP Tập đoàn F.I.T,2024,FIT_financial_statements_2024_separate,separate,FIT/2024/FIT_financial_statements_2024_separate/FIT_financial_statements_2024_separate_extracted.txt
FIT,CTCP Tập đoàn F.I.T,2025,FIT_financial_statements_2025_consolidated,consolidated,FIT/2025/FIT_financial_statements_2025_consolidated/FIT_financial_statements_2025_consolidated_extracted.txt
FIT,CTCP Tập đoàn F.I.T,2025,FIT_financial_statements_2025_separate,separate,FIT/2025/FIT_financial_statements_2025_separate/FIT_financial_statements_2025_separate_extracted.txt
FOX,CTCP Viễn thông FPT,2015,FOX_financial_statements_2015_consolidated,consolidated,FOX/2015/FOX_financial_statements_2015_consolidated/FOX_financial_statements_2015_consolidated_extracted.txt
FOX,CTCP Viễn thông FPT,2015,FOX_financial_statements_2015_separate,separate,FOX/2015/FOX_financial_statements_2015_separate/FOX_financial_statements_2015_separate_extracted.txt
FOX,CTCP Viễn thông FPT,2016,FOX_financial_statements_2016_consolidated,consolidated,FOX/2016/FOX_financial_statements_2016_consolidated/FOX_financial_statements_2016_consolidated_extracted.txt
FOX,CTCP Viễn thông FPT,2016,FOX_financial_statements_2016_separate,separate,FOX/2016/FOX_financial_statements_2016_separate/FOX_financial_statements_2016_separate_extracted.txt
FOX,CTCP Viễn thông FPT,2017,FOX_financial_statements_2017_consolidated,consolidated,FOX/2017/FOX_financial_statements_2017_consolidated/FOX_financial_statements_2017_consolidated_extracted.txt
FOX,CTCP Viễn thông FPT,2017,FOX_financial_statements_2017_separate,separate,FOX/2017/FOX_financial_statements_2017_separate/FOX_financial_statements_2017_separate_extracted.txt
FOX,CTCP Viễn thông FPT,2018,FOX_financial_statements_2018_consolidated,consolidated,FOX/2018/FOX_financial_statements_2018_consolidated/FOX_financial_statements_2018_consolidated_extracted.txt
FOX,CTCP Viễn thông FPT,2018,FOX_financial_statements_2018_separate,separate,FOX/2018/FOX_financial_statements_2018_separate/FOX_financial_statements_2018_separate_extracted.txt
FOX,CTCP Viễn thông FPT,2019,FOX_financial_statements_2019_consolidated,consolidated,FOX/2019/FOX_financial_statements_2019_consolidated/FOX_financial_statements_2019_consolidated_extracted.txt
FOX,CTCP Viễn thông FPT,2019,FOX_financial_statements_2019_separate,separate,FOX/2019/FOX_financial_statements_2019_separate/FOX_financial_statements_2019_separate_extracted.txt
FOX,CTCP Viễn thông FPT,2020,FOX_financial_statements_2020_consolidated,consolidated,FOX/2020/FOX_financial_statements_2020_consolidated/FOX_financial_statements_2020_consolidated_extracted.txt
FOX,CTCP Viễn thông FPT,2020,FOX_financial_statements_2020_separate,separate,FOX/2020/FOX_financial_statements_2020_separate/FOX_financial_statements_2020_separate_extracted.txt
FOX,CTCP Viễn thông FPT,2021,FOX_financial_statements_2021_consolidated,consolidated,FOX/2021/FOX_financial_statements_2021_consolidated/FOX_financial_statements_2021_consolidated_extracted.txt
FOX,CTCP Viễn thông FPT,2021,FOX_financial_statements_2021_separate,separate,FOX/2021/FOX_financial_statements_2021_separate/FOX_financial_statements_2021_separate_extracted.txt
FOX,CTCP Viễn thông FPT,2022,FOX_financial_statements_2022_consolidated,consolidated,FOX/2022/FOX_financial_statements_2022_consolidated/FOX_financial_statements_2022_consolidated_extracted.txt
FOX,CTCP Viễn thông FPT,2022,FOX_financial_statements_2022_separate,separate,FOX/2022/FOX_financial_statements_2022_separate/FOX_financial_statements_2022_separate_extracted.txt
FOX,CTCP Viễn thông FPT,2023,FOX_financial_statements_2023_consolidated,consolidated,FOX/2023/FOX_financial_statements_2023_consolidated/FOX_financial_statements_2023_consolidated_extracted.txt
FOX,CTCP Viễn thông FPT,2023,FOX_financial_statements_2023_separate,separate,FOX/2023/FOX_financial_statements_2023_separate/FOX_financial_statements_2023_separate_extracted.txt
FOX,CTCP Viễn thông FPT,2024,FOX_financial_statements_2024_consolidated,consolidated,FOX/2024/FOX_financial_statements_2024_consolidated/FOX_financial_statements_2024_consolidated_extracted.txt
FOX,CTCP Viễn thông FPT,2024,FOX_financial_statements_2024_separate,separate,FOX/2024/FOX_financial_statements_2024_separate/FOX_financial_statements_2024_separate_extracted.txt
FOX,CTCP Viễn thông FPT,2025,FOX_financial_statements_2025_consolidated,consolidated,FOX/2025/FOX_financial_statements_2025_consolidated/FOX_financial_statements_2025_consolidated_extracted.txt
FOX,CTCP Viễn thông FPT,2025,FOX_financial_statements_2025_separate,separate,FOX/2025/FOX_financial_statements_2025_separate/FOX_financial_statements_2025_separate_extracted.txt
FPT,CTCP FPT,2015,FPT_financial_statements_2015_consolidated,consolidated,FPT/2015/FPT_financial_statements_2015_consolidated/FPT_financial_statements_2015_consolidated_extracted.txt
FPT,CTCP FPT,2015,FPT_financial_statements_2015_separate,separate,FPT/2015/FPT_financial_statements_2015_separate/FPT_financial_statements_2015_separate_extracted.txt
FPT,CTCP FPT,2016,FPT_financial_statements_2016_consolidated,consolidated,FPT/2016/FPT_financial_statements_2016_consolidated/FPT_financial_statements_2016_consolidated_extracted.txt
FPT,CTCP FPT,2016,FPT_financial_statements_2016_separate,separate,FPT/2016/FPT_financial_statements_2016_separate/FPT_financial_statements_2016_separate_extracted.txt
FPT,CTCP FPT,2017,FPT_financial_statements_2017_consolidated,consolidated,FPT/2017/FPT_financial_statements_2017_consolidated/FPT_financial_statements_2017_consolidated_extracted.txt
FPT,CTCP FPT,2017,FPT_financial_statements_2017_separate,separate,FPT/2017/FPT_financial_statements_2017_separate/FPT_financial_statements_2017_separate_extracted.txt
FPT,CTCP FPT,2018,FPT_financial_statements_2018_consolidated,consolidated,FPT/2018/FPT_financial_statements_2018_consolidated/FPT_financial_statements_2018_consolidated_extracted.txt
FPT,CTCP FPT,2018,FPT_financial_statements_2018_separate,separate,FPT/2018/FPT_financial_statements_2018_separate/FPT_financial_statements_2018_separate_extracted.txt
FPT,CTCP FPT,2019,FPT_financial_statements_2019_consolidated,consolidated,FPT/2019/FPT_financial_statements_2019_consolidated/FPT_financial_statements_2019_consolidated_extracted.txt
FPT,CTCP FPT,2019,FPT_financial_statements_2019_separate,separate,FPT/2019/FPT_financial_statements_2019_separate/FPT_financial_statements_2019_separate_extracted.txt
FPT,CTCP FPT,2020,FPT_financial_statements_2020_consolidated,consolidated,FPT/2020/FPT_financial_statements_2020_consolidated/FPT_financial_statements_2020_consolidated_extracted.txt
FPT,CTCP FPT,2020,FPT_financial_statements_2020_separate,separate,FPT/2020/FPT_financial_statements_2020_separate/FPT_financial_statements_2020_separate_extracted.txt
FPT,CTCP FPT,2021,FPT_financial_statements_2021_consolidated,consolidated,FPT/2021/FPT_financial_statements_2021_consolidated/FPT_financial_statements_2021_consolidated_extracted.txt
FPT,CTCP FPT,2021,FPT_financial_statements_2021_separate,separate,FPT/2021/FPT_financial_statements_2021_separate/FPT_financial_statements_2021_separate_extracted.txt
FPT,CTCP FPT,2022,FPT_financial_statements_2022_consolidated,consolidated,FPT/2022/FPT_financial_statements_2022_consolidated/FPT_financial_statements_2022_consolidated_extracted.txt
FPT,CTCP FPT,2022,FPT_financial_statements_2022_separate,separate,FPT/2022/FPT_financial_statements_2022_separate/FPT_financial_statements_2022_separate_extracted.txt
FPT,CTCP FPT,2023,FPT_financial_statements_2023_consolidated,consolidated,FPT/2023/FPT_financial_statements_2023_consolidated/FPT_financial_statements_2023_consolidated_extracted.txt
FPT,CTCP FPT,2023,FPT_financial_statements_2023_separate,separate,FPT/2023/FPT_financial_statements_2023_separate/FPT_financial_statements_2023_separate_extracted.txt
FPT,CTCP FPT,2024,FPT_financial_statements_2024_consolidated,consolidated,FPT/2024/FPT_financial_statements_2024_consolidated/FPT_financial_statements_2024_consolidated_extracted.txt
FPT,CTCP FPT,2024,FPT_financial_statements_2024_separate,separate,FPT/2024/FPT_financial_statements_2024_separate/FPT_financial_statements_2024_separate_extracted.txt
FPT,CTCP FPT,2025,FPT_financial_statements_2025_consolidated,consolidated,FPT/2025/FPT_financial_statements_2025_consolidated/FPT_financial_statements_2025_consolidated_extracted.txt
FPT,CTCP FPT,2025,FPT_financial_statements_2025_separate,separate,FPT/2025/FPT_financial_statements_2025_separate/FPT_financial_statements_2025_separate_extracted.txt
FTS,CTCP Chứng khoán FPT,2017,FTS_financial_statements_2017,other,FTS/2017/FTS_financial_statements_2017/FTS_financial_statements_2017_extracted.txt
FTS,CTCP Chứng khoán FPT,2018,FTS_financial_statements_2018,other,FTS/2018/FTS_financial_statements_2018/FTS_financial_statements_2018_extracted.txt
FTS,CTCP Chứng khoán FPT,2019,FTS_financial_statements_2019,other,FTS/2019/FTS_financial_statements_2019/FTS_financial_statements_2019_extracted.txt
FTS,CTCP Chứng khoán FPT,2020,FTS_financial_statements_2020,other,FTS/2020/FTS_financial_statements_2020/FTS_financial_statements_2020_extracted.txt
FTS,CTCP Chứng khoán FPT,2021,FTS_financial_statements_2021,other,FTS/2021/FTS_financial_statements_2021/FTS_financial_statements_2021_extracted.txt
FTS,CTCP Chứng khoán FPT,2022,FTS_financial_statements_2022,other,FTS/2022/FTS_financial_statements_2022/FTS_financial_statements_2022_extracted.txt
FTS,CTCP Chứng khoán FPT,2023,FTS_financial_statements_2023,other,FTS/2023/FTS_financial_statements_2023/FTS_financial_statements_2023_extracted.txt
FTS,CTCP Chứng khoán FPT,2024,FTS_financial_statements_2024,other,FTS/2024/FTS_financial_statements_2024/FTS_financial_statements_2024_extracted.txt
FTS,CTCP Chứng khoán FPT,2025,FTS_financial_statements_2025,other,FTS/2025/FTS_financial_statements_2025/FTS_financial_statements_2025_extracted.txt
GAS,Tổng Công ty Khí Việt Nam - CTCP,2015,GAS_financial_statements_2015_consolidated,consolidated,GAS/2015/GAS_financial_statements_2015_consolidated/GAS_financial_statements_2015_consolidated_extracted.txt
GAS,Tổng Công ty Khí Việt Nam - CTCP,2015,GAS_financial_statements_2015_separate,separate,GAS/2015/GAS_financial_statements_2015_separate/GAS_financial_statements_2015_separate_extracted.txt
GAS,Tổng Công ty Khí Việt Nam - CTCP,2016,GAS_financial_statements_2016_consolidated,consolidated,GAS/2016/GAS_financial_statements_2016_consolidated/GAS_financial_statements_2016_consolidated_extracted.txt
GAS,Tổng Công ty Khí Việt Nam - CTCP,2016,GAS_financial_statements_2016_separate,separate,GAS/2016/GAS_financial_statements_2016_separate/GAS_financial_statements_2016_separate_extracted.txt
GAS,Tổng Công ty Khí Việt Nam - CTCP,2017,GAS_financial_statements_2017_consolidated,consolidated,GAS/2017/GAS_financial_statements_2017_consolidated/GAS_financial_statements_2017_consolidated_extracted.txt
GAS,Tổng Công ty Khí Việt Nam - CTCP,2017,GAS_financial_statements_2017_separate,separate,GAS/2017/GAS_financial_statements_2017_separate/GAS_financial_statements_2017_separate_extracted.txt
GAS,Tổng Công ty Khí Việt Nam - CTCP,2018,GAS_financial_statements_2018_consolidated,consolidated,GAS/2018/GAS_financial_statements_2018_consolidated/GAS_financial_statements_2018_consolidated_extracted.txt
GAS,Tổng Công ty Khí Việt Nam - CTCP,2018,GAS_financial_statements_2018_separate,separate,GAS/2018/GAS_financial_statements_2018_separate/GAS_financial_statements_2018_separate_extracted.txt
GAS,Tổng Công ty Khí Việt Nam - CTCP,2019,GAS_financial_statements_2019_consolidated,consolidated,GAS/2019/GAS_financial_statements_2019_consolidated/GAS_financial_statements_2019_consolidated_extracted.txt
GAS,Tổng Công ty Khí Việt Nam - CTCP,2019,GAS_financial_statements_2019_separate,separate,GAS/2019/GAS_financial_statements_2019_separate/GAS_financial_statements_2019_separate_extracted.txt
GAS,Tổng Công ty Khí Việt Nam - CTCP,2020,GAS_financial_statements_2020_consolidated,consolidated,GAS/2020/GAS_financial_statements_2020_consolidated/GAS_financial_statements_2020_consolidated_extracted.txt
GAS,Tổng Công ty Khí Việt Nam - CTCP,2020,GAS_financial_statements_2020_separate,separate,GAS/2020/GAS_financial_statements_2020_separate/GAS_financial_statements_2020_separate_extracted.txt
GAS,Tổng Công ty Khí Việt Nam - CTCP,2021,GAS_financial_statements_2021_consolidated,consolidated,GAS/2021/GAS_financial_statements_2021_consolidated/GAS_financial_statements_2021_consolidated_extracted.txt
GAS,Tổng Công ty Khí Việt Nam - CTCP,2021,GAS_financial_statements_2021_separate,separate,GAS/2021/GAS_financial_statements_2021_separate/GAS_financial_statements_2021_separate_extracted.txt
GAS,Tổng Công ty Khí Việt Nam - CTCP,2022,GAS_financial_statements_2022_consolidated,consolidated,GAS/2022/GAS_financial_statements_2022_consolidated/GAS_financial_statements_2022_consolidated_extracted.txt
GAS,Tổng Công ty Khí Việt Nam - CTCP,2022,GAS_financial_statements_2022_separate,separate,GAS/2022/GAS_financial_statements_2022_separate/GAS_financial_statements_2022_separate_extracted.txt
GAS,Tổng Công ty Khí Việt Nam - CTCP,2023,GAS_financial_statements_2023_consolidated,consolidated,GAS/2023/GAS_financial_statements_2023_consolidated/GAS_financial_statements_2023_consolidated_extracted.txt
GAS,Tổng Công ty Khí Việt Nam - CTCP,2023,GAS_financial_statements_2023_separate,separate,GAS/2023/GAS_financial_statements_2023_separate/GAS_financial_statements_2023_separate_extracted.txt
GAS,Tổng Công ty Khí Việt Nam - CTCP,2024,GAS_financial_statements_2024_consolidated,consolidated,GAS/2024/GAS_financial_statements_2024_consolidated/GAS_financial_statements_2024_consolidated_extracted.txt
GAS,Tổng Công ty Khí Việt Nam - CTCP,2024,GAS_financial_statements_2024_separate,separate,GAS/2024/GAS_financial_statements_2024_separate/GAS_financial_statements_2024_separate_extracted.txt
GAS,Tổng Công ty Khí Việt Nam - CTCP,2025,GAS_financial_statements_2025_consolidated,consolidated,GAS/2025/GAS_financial_statements_2025_consolidated/GAS_financial_statements_2025_consolidated_extracted.txt
GAS,Tổng Công ty Khí Việt Nam - CTCP,2025,GAS_financial_statements_2025_separate,separate,GAS/2025/GAS_financial_statements_2025_separate/GAS_financial_statements_2025_separate_extracted.txt
GEE,CTCP Điện lực Gelex,2020,GEE_financial_statements_2020_consolidated,consolidated,GEE/2020/GEE_financial_statements_2020_consolidated/GEE_financial_statements_2020_consolidated_extracted.txt
GEE,CTCP Điện lực Gelex,2020,GEE_financial_statements_2020_separate,separate,GEE/2020/GEE_financial_statements_2020_separate/GEE_financial_statements_2020_separate_extracted.txt
GEE,CTCP Điện lực Gelex,2021,GEE_financial_statements_2021_consolidated,consolidated,GEE/2021/GEE_financial_statements_2021_consolidated/GEE_financial_statements_2021_consolidated_extracted.txt
GEE,CTCP Điện lực Gelex,2021,GEE_financial_statements_2021_separate,separate,GEE/2021/GEE_financial_statements_2021_separate/GEE_financial_statements_2021_separate_extracted.txt
GEE,CTCP Điện lực Gelex,2022,GEE_financial_statements_2022_consolidated,consolidated,GEE/2022/GEE_financial_statements_2022_consolidated/GEE_financial_statements_2022_consolidated_extracted.txt
GEE,CTCP Điện lực Gelex,2022,GEE_financial_statements_2022_separate,separate,GEE/2022/GEE_financial_statements_2022_separate/GEE_financial_statements_2022_separate_extracted.txt
GEE,CTCP Điện lực Gelex,2023,GEE_financial_statements_2023_consolidated,consolidated,GEE/2023/GEE_financial_statements_2023_consolidated/GEE_financial_statements_2023_consolidated_extracted.txt
GEE,CTCP Điện lực Gelex,2023,GEE_financial_statements_2023_separate,separate,GEE/2023/GEE_financial_statements_2023_separate/GEE_financial_statements_2023_separate_extracted.txt
GEE,CTCP Điện lực Gelex,2024,GEE_financial_statements_2024_consolidated,consolidated,GEE/2024/GEE_financial_statements_2024_consolidated/GEE_financial_statements_2024_consolidated_extracted.txt
GEE,CTCP Điện lực Gelex,2024,GEE_financial_statements_2024_separate,separate,GEE/2024/GEE_financial_statements_2024_separate/GEE_financial_statements_2024_separate_extracted.txt
GEE,CTCP Điện lực Gelex,2025,GEE_financial_statements_2025_consolidated,consolidated,GEE/2025/GEE_financial_statements_2025_consolidated/GEE_financial_statements_2025_consolidated_extracted.txt
GEE,CTCP Điện lực Gelex,2025,GEE_financial_statements_2025_separate,separate,GEE/2025/GEE_financial_statements_2025_separate/GEE_financial_statements_2025_separate_extracted.txt
GEG,CTCP Điện Gia Lai,2016,GEG_financial_statements_2016_consolidated,consolidated,GEG/2016/GEG_financial_statements_2016_consolidated/GEG_financial_statements_2016_consolidated_extracted.txt
GEG,CTCP Điện Gia Lai,2016,GEG_financial_statements_2016_separate,separate,GEG/2016/GEG_financial_statements_2016_separate/GEG_financial_statements_2016_separate_extracted.txt
GEG,CTCP Điện Gia Lai,2017,GEG_financial_statements_2017_consolidated,consolidated,GEG/2017/GEG_financial_statements_2017_consolidated/GEG_financial_statements_2017_consolidated_extracted.txt
GEG,CTCP Điện Gia Lai,2017,GEG_financial_statements_2017_separate,separate,GEG/2017/GEG_financial_statements_2017_separate/GEG_financial_statements_2017_separate_extracted.txt
GEG,CTCP Điện Gia Lai,2018,GEG_financial_statements_2018_consolidated,consolidated,GEG/2018/GEG_financial_statements_2018_consolidated/GEG_financial_statements_2018_consolidated_extracted.txt
GEG,CTCP Điện Gia Lai,2018,GEG_financial_statements_2018_separate,separate,GEG/2018/GEG_financial_statements_2018_separate/GEG_financial_statements_2018_separate_extracted.txt
GEG,CTCP Điện Gia Lai,2019,GEG_financial_statements_2019_consolidated,consolidated,GEG/2019/GEG_financial_statements_2019_consolidated/GEG_financial_statements_2019_consolidated_extracted.txt
GEG,CTCP Điện Gia Lai,2019,GEG_financial_statements_2019_separate,separate,GEG/2019/GEG_financial_statements_2019_separate/GEG_financial_statements_2019_separate_extracted.txt
GEG,CTCP Điện Gia Lai,2020,GEG_financial_statements_2020_consolidated,consolidated,GEG/2020/GEG_financial_statements_2020_consolidated/GEG_financial_statements_2020_consolidated_extracted.txt
GEG,CTCP Điện Gia Lai,2020,GEG_financial_statements_2020_separate,separate,GEG/2020/GEG_financial_statements_2020_separate/GEG_financial_statements_2020_separate_extracted.txt
GEG,CTCP Điện Gia Lai,2021,GEG_financial_statements_2021_consolidated,consolidated,GEG/2021/GEG_financial_statements_2021_consolidated/GEG_financial_statements_2021_consolidated_extracted.txt
GEG,CTCP Điện Gia Lai,2021,GEG_financial_statements_2021_separate,separate,GEG/2021/GEG_financial_statements_2021_separate/GEG_financial_statements_2021_separate_extracted.txt
GEG,CTCP Điện Gia Lai,2022,GEG_financial_statements_2022_consolidated,consolidated,GEG/2022/GEG_financial_statements_2022_consolidated/GEG_financial_statements_2022_consolidated_extracted.txt
GEG,CTCP Điện Gia Lai,2022,GEG_financial_statements_2022_separate,separate,GEG/2022/GEG_financial_statements_2022_separate/GEG_financial_statements_2022_separate_extracted.txt
GEG,CTCP Điện Gia Lai,2023,GEG_financial_statements_2023_consolidated,consolidated,GEG/2023/GEG_financial_statements_2023_consolidated/GEG_financial_statements_2023_consolidated_extracted.txt
GEG,CTCP Điện Gia Lai,2023,GEG_financial_statements_2023_separate,separate,GEG/2023/GEG_financial_statements_2023_separate/GEG_financial_statements_2023_separate_extracted.txt
GEG,CTCP Điện Gia Lai,2024,GEG_financial_statements_2024_consolidated,consolidated,GEG/2024/GEG_financial_statements_2024_consolidated/GEG_financial_statements_2024_consolidated_extracted.txt
GEG,CTCP Điện Gia Lai,2024,GEG_financial_statements_2024_separate,separate,GEG/2024/GEG_financial_statements_2024_separate/GEG_financial_statements_2024_separate_extracted.txt
GEG,CTCP Điện Gia Lai,2025,GEG_financial_statements_2025_consolidated,consolidated,GEG/2025/GEG_financial_statements_2025_consolidated/GEG_financial_statements_2025_consolidated_extracted.txt
GEG,CTCP Điện Gia Lai,2025,GEG_financial_statements_2025_separate,separate,GEG/2025/GEG_financial_statements_2025_separate/GEG_financial_statements_2025_separate_extracted.txt
GEX,CTCP Tập đoàn GELEX,2015,GEX_financial_statements_2015_consolidated,consolidated,GEX/2015/GEX_financial_statements_2015_consolidated/GEX_financial_statements_2015_consolidated_extracted.txt
GEX,CTCP Tập đoàn GELEX,2015,GEX_financial_statements_2015_separate,separate,GEX/2015/GEX_financial_statements_2015_separate/GEX_financial_statements_2015_separate_extracted.txt
GEX,CTCP Tập đoàn GELEX,2016,GEX_financial_statements_2016_consolidated,consolidated,GEX/2016/GEX_financial_statements_2016_consolidated/GEX_financial_statements_2016_consolidated_extracted.txt
GEX,CTCP Tập đoàn GELEX,2016,GEX_financial_statements_2016_separate,separate,GEX/2016/GEX_financial_statements_2016_separate/GEX_financial_statements_2016_separate_extracted.txt
GEX,CTCP Tập đoàn GELEX,2017,GEX_financial_statements_2017_consolidated,consolidated,GEX/2017/GEX_financial_statements_2017_consolidated/GEX_financial_statements_2017_consolidated_extracted.txt
GEX,CTCP Tập đoàn GELEX,2017,GEX_financial_statements_2017_separate,separate,GEX/2017/GEX_financial_statements_2017_separate/GEX_financial_statements_2017_separate_extracted.txt
GEX,CTCP Tập đoàn GELEX,2018,GEX_financial_statements_2018_consolidated,consolidated,GEX/2018/GEX_financial_statements_2018_consolidated/GEX_financial_statements_2018_consolidated_extracted.txt
GEX,CTCP Tập đoàn GELEX,2018,GEX_financial_statements_2018_separate,separate,GEX/2018/GEX_financial_statements_2018_separate/GEX_financial_statements_2018_separate_extracted.txt
GEX,CTCP Tập đoàn GELEX,2019,GEX_financial_statements_2019_consolidated,consolidated,GEX/2019/GEX_financial_statements_2019_consolidated/GEX_financial_statements_2019_consolidated_extracted.txt
GEX,CTCP Tập đoàn GELEX,2019,GEX_financial_statements_2019_separate,separate,GEX/2019/GEX_financial_statements_2019_separate/GEX_financial_statements_2019_separate_extracted.txt
GEX,CTCP Tập đoàn GELEX,2020,GEX_financial_statements_2020_consolidated,consolidated,GEX/2020/GEX_financial_statements_2020_consolidated/GEX_financial_statements_2020_consolidated_extracted.txt
GEX,CTCP Tập đoàn GELEX,2020,GEX_financial_statements_2020_separate,separate,GEX/2020/GEX_financial_statements_2020_separate/GEX_financial_statements_2020_separate_extracted.txt
GEX,CTCP Tập đoàn GELEX,2021,GEX_financial_statements_2021_consolidated,consolidated,GEX/2021/GEX_financial_statements_2021_consolidated/GEX_financial_statements_2021_consolidated_extracted.txt
GEX,CTCP Tập đoàn GELEX,2021,GEX_financial_statements_2021_separate,separate,GEX/2021/GEX_financial_statements_2021_separate/GEX_financial_statements_2021_separate_extracted.txt
GEX,CTCP Tập đoàn GELEX,2022,GEX_financial_statements_2022_consolidated,consolidated,GEX/2022/GEX_financial_statements_2022_consolidated/GEX_financial_statements_2022_consolidated_extracted.txt
GEX,CTCP Tập đoàn GELEX,2022,GEX_financial_statements_2022_separate,separate,GEX/2022/GEX_financial_statements_2022_separate/GEX_financial_statements_2022_separate_extracted.txt
GEX,CTCP Tập đoàn GELEX,2023,GEX_financial_statements_2023_consolidated,consolidated,GEX/2023/GEX_financial_statements_2023_consolidated/GEX_financial_statements_2023_consolidated_extracted.txt
GEX,CTCP Tập đoàn GELEX,2023,GEX_financial_statements_2023_separate,separate,GEX/2023/GEX_financial_statements_2023_separate/GEX_financial_statements_2023_separate_extracted.txt
GEX,CTCP Tập đoàn GELEX,2024,GEX_financial_statements_2024_consolidated,consolidated,GEX/2024/GEX_financial_statements_2024_consolidated/GEX_financial_statements_2024_consolidated_extracted.txt
GEX,CTCP Tập đoàn GELEX,2024,GEX_financial_statements_2024_separate,separate,GEX/2024/GEX_financial_statements_2024_separate/GEX_financial_statements_2024_separate_extracted.txt
GEX,CTCP Tập đoàn GELEX,2025,GEX_financial_statements_2025_consolidated,consolidated,GEX/2025/GEX_financial_statements_2025_consolidated/GEX_financial_statements_2025_consolidated_extracted.txt
GEX,CTCP Tập đoàn GELEX,2025,GEX_financial_statements_2025_separate,separate,GEX/2025/GEX_financial_statements_2025_separate/GEX_financial_statements_2025_separate_extracted.txt
GVR,Tập đoàn Công nghiệp Cao su Việt Nam - CTCP,2015,GVR_financial_statements_2015_consolidated,consolidated,GVR/2015/GVR_financial_statements_2015_consolidated/GVR_financial_statements_2015_consolidated_extracted.txt
GVR,Tập đoàn Công nghiệp Cao su Việt Nam - CTCP,2015,GVR_financial_statements_2015_separate,separate,GVR/2015/GVR_financial_statements_2015_separate/GVR_financial_statements_2015_separate_extracted.txt
GVR,Tập đoàn Công nghiệp Cao su Việt Nam - CTCP,2016,GVR_financial_statements_2016_consolidated,consolidated,GVR/2016/GVR_financial_statements_2016_consolidated/GVR_financial_statements_2016_consolidated_extracted.txt
GVR,Tập đoàn Công nghiệp Cao su Việt Nam - CTCP,2016,GVR_financial_statements_2016_separate,separate,GVR/2016/GVR_financial_statements_2016_separate/GVR_financial_statements_2016_separate_extracted.txt
GVR,Tập đoàn Công nghiệp Cao su Việt Nam - CTCP,2017,GVR_financial_statements_2017_consolidated,consolidated,GVR/2017/GVR_financial_statements_2017_consolidated/GVR_financial_statements_2017_consolidated_extracted.txt
GVR,Tập đoàn Công nghiệp Cao su Việt Nam - CTCP,2017,GVR_financial_statements_2017_separate,separate,GVR/2017/GVR_financial_statements_2017_separate/GVR_financial_statements_2017_separate_extracted.txt
GVR,Tập đoàn Công nghiệp Cao su Việt Nam - CTCP,2018,GVR_financial_statements_2018_consolidated,consolidated,GVR/2018/GVR_financial_statements_2018_consolidated/GVR_financial_statements_2018_consolidated_extracted.txt
GVR,Tập đoàn Công nghiệp Cao su Việt Nam - CTCP,2018,GVR_financial_statements_2018_separate,separate,GVR/2018/GVR_financial_statements_2018_separate/GVR_financial_statements_2018_separate_extracted.txt
GVR,Tập đoàn Công nghiệp Cao su Việt Nam - CTCP,2019,GVR_financial_statements_2019_consolidated,consolidated,GVR/2019/GVR_financial_statements_2019_consolidated/GVR_financial_statements_2019_consolidated_extracted.txt
GVR,Tập đoàn Công nghiệp Cao su Việt Nam - CTCP,2019,GVR_financial_statements_2019_separate,separate,GVR/2019/GVR_financial_statements_2019_separate/GVR_financial_statements_2019_separate_extracted.txt
GVR,Tập đoàn Công nghiệp Cao su Việt Nam - CTCP,2020,GVR_financial_statements_2020_consolidated,consolidated,GVR/2020/GVR_financial_statements_2020_consolidated/GVR_financial_statements_2020_consolidated_extracted.txt
GVR,Tập đoàn Công nghiệp Cao su Việt Nam - CTCP,2020,GVR_financial_statements_2020_separate,separate,GVR/2020/GVR_financial_statements_2020_separate/GVR_financial_statements_2020_separate_extracted.txt
GVR,Tập đoàn Công nghiệp Cao su Việt Nam - CTCP,2021,GVR_financial_statements_2021_consolidated,consolidated,GVR/2021/GVR_financial_statements_2021_consolidated/GVR_financial_statements_2021_consolidated_extracted.txt
GVR,Tập đoàn Công nghiệp Cao su Việt Nam - CTCP,2022,GVR_financial_statements_2022_consolidated,consolidated,GVR/2022/GVR_financial_statements_2022_consolidated/GVR_financial_statements_2022_consolidated_extracted.txt
GVR,Tập đoàn Công nghiệp Cao su Việt Nam - CTCP,2022,GVR_financial_statements_2022_separate,separate,GVR/2022/GVR_financial_statements_2022_separate/GVR_financial_statements_2022_separate_extracted.txt
GVR,Tập đoàn Công nghiệp Cao su Việt Nam - CTCP,2023,GVR_financial_statements_2023_consolidated,consolidated,GVR/2023/GVR_financial_statements_2023_consolidated/GVR_financial_statements_2023_consolidated_extracted.txt
GVR,Tập đoàn Công nghiệp Cao su Việt Nam - CTCP,2023,GVR_financial_statements_2023_separate,separate,GVR/2023/GVR_financial_statements_2023_separate/GVR_financial_statements_2023_separate_extracted.txt
GVR,Tập đoàn Công nghiệp Cao su Việt Nam - CTCP,2024,GVR_financial_statements_2024_consolidated,consolidated,GVR/2024/GVR_financial_statements_2024_consolidated/GVR_financial_statements_2024_consolidated_extracted.txt
GVR,Tập đoàn Công nghiệp Cao su Việt Nam - CTCP,2024,GVR_financial_statements_2024_separate,separate,GVR/2024/GVR_financial_statements_2024_separate/GVR_financial_statements_2024_separate_extracted.txt
GVR,Tập đoàn Công nghiệp Cao su Việt Nam - CTCP,2025,GVR_financial_statements_2025_consolidated,consolidated,GVR/2025/GVR_financial_statements_2025_consolidated/GVR_financial_statements_2025_consolidated_extracted.txt
GVR,Tập đoàn Công nghiệp Cao su Việt Nam - CTCP,2025,GVR_financial_statements_2025_separate,separate,GVR/2025/GVR_financial_statements_2025_separate/GVR_financial_statements_2025_separate_extracted.txt
HAG,CTCP Hoàng Anh Gia Lai,2015,HAG_financial_statements_2015_consolidated,consolidated,HAG/2015/HAG_financial_statements_2015_consolidated/HAG_financial_statements_2015_consolidated_extracted.txt
HAG,CTCP Hoàng Anh Gia Lai,2015,HAG_financial_statements_2015_separate,separate,HAG/2015/HAG_financial_statements_2015_separate/HAG_financial_statements_2015_separate_extracted.txt
HAG,CTCP Hoàng Anh Gia Lai,2016,HAG_financial_statements_2016_consolidated,consolidated,HAG/2016/HAG_financial_statements_2016_consolidated/HAG_financial_statements_2016_consolidated_extracted.txt
HAG,CTCP Hoàng Anh Gia Lai,2016,HAG_financial_statements_2016_separate,separate,HAG/2016/HAG_financial_statements_2016_separate/HAG_financial_statements_2016_separate_extracted.txt
HAG,CTCP Hoàng Anh Gia Lai,2017,HAG_financial_statements_2017_consolidated,consolidated,HAG/2017/HAG_financial_statements_2017_consolidated/HAG_financial_statements_2017_consolidated_extracted.txt
HAG,CTCP Hoàng Anh Gia Lai,2017,HAG_financial_statements_2017_separate,separate,HAG/2017/HAG_financial_statements_2017_separate/HAG_financial_statements_2017_separate_extracted.txt
HAG,CTCP Hoàng Anh Gia Lai,2018,HAG_financial_statements_2018_consolidated,consolidated,HAG/2018/HAG_financial_statements_2018_consolidated/HAG_financial_statements_2018_consolidated_extracted.txt
HAG,CTCP Hoàng Anh Gia Lai,2018,HAG_financial_statements_2018_separate,separate,HAG/2018/HAG_financial_statements_2018_separate/HAG_financial_statements_2018_separate_extracted.txt
HAG,CTCP Hoàng Anh Gia Lai,2019,HAG_financial_statements_2019_consolidated,consolidated,HAG/2019/HAG_financial_statements_2019_consolidated/HAG_financial_statements_2019_consolidated_extracted.txt
HAG,CTCP Hoàng Anh Gia Lai,2019,HAG_financial_statements_2019_separate,separate,HAG/2019/HAG_financial_statements_2019_separate/HAG_financial_statements_2019_separate_extracted.txt
HAG,CTCP Hoàng Anh Gia Lai,2020,HAG_financial_statements_2020_consolidated,consolidated,HAG/2020/HAG_financial_statements_2020_consolidated/HAG_financial_statements_2020_consolidated_extracted.txt
HAG,CTCP Hoàng Anh Gia Lai,2020,HAG_financial_statements_2020_separate,separate,HAG/2020/HAG_financial_statements_2020_separate/HAG_financial_statements_2020_separate_extracted.txt
HAG,CTCP Hoàng Anh Gia Lai,2021,HAG_financial_statements_2021_consolidated,consolidated,HAG/2021/HAG_financial_statements_2021_consolidated/HAG_financial_statements_2021_consolidated_extracted.txt
HAG,CTCP Hoàng Anh Gia Lai,2021,HAG_financial_statements_2021_separate,separate,HAG/2021/HAG_financial_statements_2021_separate/HAG_financial_statements_2021_separate_extracted.txt
HAG,CTCP Hoàng Anh Gia Lai,2022,HAG_financial_statements_2022_consolidated,consolidated,HAG/2022/HAG_financial_statements_2022_consolidated/HAG_financial_statements_2022_consolidated_extracted.txt
HAG,CTCP Hoàng Anh Gia Lai,2022,HAG_financial_statements_2022_separate,separate,HAG/2022/HAG_financial_statements_2022_separate/HAG_financial_statements_2022_separate_extracted.txt
HAG,CTCP Hoàng Anh Gia Lai,2023,HAG_financial_statements_2023_consolidated,consolidated,HAG/2023/HAG_financial_statements_2023_consolidated/HAG_financial_statements_2023_consolidated_extracted.txt
HAG,CTCP Hoàng Anh Gia Lai,2023,HAG_financial_statements_2023_separate,separate,HAG/2023/HAG_financial_statements_2023_separate/HAG_financial_statements_2023_separate_extracted.txt
HAG,CTCP Hoàng Anh Gia Lai,2024,HAG_financial_statements_2024_consolidated,consolidated,HAG/2024/HAG_financial_statements_2024_consolidated/HAG_financial_statements_2024_consolidated_extracted.txt
HAG,CTCP Hoàng Anh Gia Lai,2024,HAG_financial_statements_2024_separate,separate,HAG/2024/HAG_financial_statements_2024_separate/HAG_financial_statements_2024_separate_extracted.txt
HAG,CTCP Hoàng Anh Gia Lai,2025,HAG_financial_statements_2025_consolidated,consolidated,HAG/2025/HAG_financial_statements_2025_consolidated/HAG_financial_statements_2025_consolidated_extracted.txt
HAG,CTCP Hoàng Anh Gia Lai,2025,HAG_financial_statements_2025_separate,separate,HAG/2025/HAG_financial_statements_2025_separate/HAG_financial_statements_2025_separate_extracted.txt
HBC,CTCP Tập đoàn Xây dựng Hòa Bình,2015,HBC_financial_statements_2015_consolidated,consolidated,HBC/2015/HBC_financial_statements_2015_consolidated/HBC_financial_statements_2015_consolidated_extracted.txt
HBC,CTCP Tập đoàn Xây dựng Hòa Bình,2015,HBC_financial_statements_2015_separate,separate,HBC/2015/HBC_financial_statements_2015_separate/HBC_financial_statements_2015_separate_extracted.txt
HBC,CTCP Tập đoàn Xây dựng Hòa Bình,2016,HBC_financial_statements_2016_consolidated,consolidated,HBC/2016/HBC_financial_statements_2016_consolidated/HBC_financial_statements_2016_consolidated_extracted.txt
HBC,CTCP Tập đoàn Xây dựng Hòa Bình,2016,HBC_financial_statements_2016_separate,separate,HBC/2016/HBC_financial_statements_2016_separate/HBC_financial_statements_2016_separate_extracted.txt
HBC,CTCP Tập đoàn Xây dựng Hòa Bình,2017,HBC_financial_statements_2017_consolidated,consolidated,HBC/2017/HBC_financial_statements_2017_consolidated/HBC_financial_statements_2017_consolidated_extracted.txt
HBC,CTCP Tập đoàn Xây dựng Hòa Bình,2017,HBC_financial_statements_2017_separate,separate,HBC/2017/HBC_financial_statements_2017_separate/HBC_financial_statements_2017_separate_extracted.txt
HBC,CTCP Tập đoàn Xây dựng Hòa Bình,2018,HBC_financial_statements_2018_consolidated,consolidated,HBC/2018/HBC_financial_statements_2018_consolidated/HBC_financial_statements_2018_consolidated_extracted.txt
HBC,CTCP Tập đoàn Xây dựng Hòa Bình,2018,HBC_financial_statements_2018_separate,separate,HBC/2018/HBC_financial_statements_2018_separate/HBC_financial_statements_2018_separate_extracted.txt
HBC,CTCP Tập đoàn Xây dựng Hòa Bình,2019,HBC_financial_statements_2019_consolidated,consolidated,HBC/2019/HBC_financial_statements_2019_consolidated/HBC_financial_statements_2019_consolidated_extracted.txt
HBC,CTCP Tập đoàn Xây dựng Hòa Bình,2019,HBC_financial_statements_2019_separate,separate,HBC/2019/HBC_financial_statements_2019_separate/HBC_financial_statements_2019_separate_extracted.txt
HBC,CTCP Tập đoàn Xây dựng Hòa Bình,2020,HBC_financial_statements_2020_consolidated,consolidated,HBC/2020/HBC_financial_statements_2020_consolidated/HBC_financial_statements_2020_consolidated_extracted.txt
HBC,CTCP Tập đoàn Xây dựng Hòa Bình,2020,HBC_financial_statements_2020_separate,separate,HBC/2020/HBC_financial_statements_2020_separate/HBC_financial_statements_2020_separate_extracted.txt
HBC,CTCP Tập đoàn Xây dựng Hòa Bình,2021,HBC_financial_statements_2021_consolidated,consolidated,HBC/2021/HBC_financial_statements_2021_consolidated/HBC_financial_statements_2021_consolidated_extracted.txt
HBC,CTCP Tập đoàn Xây dựng Hòa Bình,2021,HBC_financial_statements_2021_separate,separate,HBC/2021/HBC_financial_statements_2021_separate/HBC_financial_statements_2021_separate_extracted.txt
HBC,CTCP Tập đoàn Xây dựng Hòa Bình,2022,HBC_financial_statements_2022_consolidated,consolidated,HBC/2022/HBC_financial_statements_2022_consolidated/HBC_financial_statements_2022_consolidated_extracted.txt
HBC,CTCP Tập đoàn Xây dựng Hòa Bình,2022,HBC_financial_statements_2022_separate,separate,HBC/2022/HBC_financial_statements_2022_separate/HBC_financial_statements_2022_separate_extracted.txt
HBC,CTCP Tập đoàn Xây dựng Hòa Bình,2023,HBC_financial_statements_2023_consolidated,consolidated,HBC/2023/HBC_financial_statements_2023_consolidated/HBC_financial_statements_2023_consolidated_extracted.txt
HBC,CTCP Tập đoàn Xây dựng Hòa Bình,2023,HBC_financial_statements_2023_separate,separate,HBC/2023/HBC_financial_statements_2023_separate/HBC_financial_statements_2023_separate_extracted.txt
HBC,CTCP Tập đoàn Xây dựng Hòa Bình,2024,HBC_financial_statements_2024_consolidated,consolidated,HBC/2024/HBC_financial_statements_2024_consolidated/HBC_financial_statements_2024_consolidated_extracted.txt
HBC,CTCP Tập đoàn Xây dựng Hòa Bình,2024,HBC_financial_statements_2024_separate,separate,HBC/2024/HBC_financial_statements_2024_separate/HBC_financial_statements_2024_separate_extracted.txt
HBC,CTCP Tập đoàn Xây dựng Hòa Bình,2025,HBC_financial_statements_2025_consolidated,consolidated,HBC/2025/HBC_financial_statements_2025_consolidated/HBC_financial_statements_2025_consolidated_extracted.txt
HBC,CTCP Tập đoàn Xây dựng Hòa Bình,2025,HBC_financial_statements_2025_separate,separate,HBC/2025/HBC_financial_statements_2025_separate/HBC_financial_statements_2025_separate_extracted.txt
HDB,Ngân hàng TMCP Phát triển Thành phố Hồ Chí Minh,2018,HDB_financial_statements_2018_consolidated,consolidated,HDB/2018/HDB_financial_statements_2018_consolidated/HDB_financial_statements_2018_consolidated_extracted.txt
HDB,Ngân hàng TMCP Phát triển Thành phố Hồ Chí Minh,2018,HDB_financial_statements_2018_separate,separate,HDB/2018/HDB_financial_statements_2018_separate/HDB_financial_statements_2018_separate_extracted.txt
HDB,Ngân hàng TMCP Phát triển Thành phố Hồ Chí Minh,2019,HDB_financial_statements_2019_separate,separate,HDB/2019/HDB_financial_statements_2019_separate/HDB_financial_statements_2019_separate_extracted.txt
HDB,Ngân hàng TMCP Phát triển Thành phố Hồ Chí Minh,2020,HDB_financial_statements_2020_consolidated,consolidated,HDB/2020/HDB_financial_statements_2020_consolidated/HDB_financial_statements_2020_consolidated_extracted.txt
HDB,Ngân hàng TMCP Phát triển Thành phố Hồ Chí Minh,2020,HDB_financial_statements_2020_separate,separate,HDB/2020/HDB_financial_statements_2020_separate/HDB_financial_statements_2020_separate_extracted.txt
HDB,Ngân hàng TMCP Phát triển Thành phố Hồ Chí Minh,2021,HDB_financial_statements_2021_consolidated,consolidated,HDB/2021/HDB_financial_statements_2021_consolidated/HDB_financial_statements_2021_consolidated_extracted.txt
HDB,Ngân hàng TMCP Phát triển Thành phố Hồ Chí Minh,2021,HDB_financial_statements_2021_separate,separate,HDB/2021/HDB_financial_statements_2021_separate/HDB_financial_statements_2021_separate_extracted.txt
HDB,Ngân hàng TMCP Phát triển Thành phố Hồ Chí Minh,2022,HDB_financial_statements_2022_consolidated,consolidated,HDB/2022/HDB_financial_statements_2022_consolidated/HDB_financial_statements_2022_consolidated_extracted.txt
HDB,Ngân hàng TMCP Phát triển Thành phố Hồ Chí Minh,2022,HDB_financial_statements_2022_separate_1,separate,HDB/2022/HDB_financial_statements_2022_separate_1/HDB_financial_statements_2022_separate_1_extracted.txt
HDB,Ngân hàng TMCP Phát triển Thành phố Hồ Chí Minh,2022,HDB_financial_statements_2022_separate_2,separate,HDB/2022/HDB_financial_statements_2022_separate_2/HDB_financial_statements_2022_separate_2_extracted.txt
HDB,Ngân hàng TMCP Phát triển Thành phố Hồ Chí Minh,2023,HDB_financial_statements_2023_consolidated_1,consolidated,HDB/2023/HDB_financial_statements_2023_consolidated_1/HDB_financial_statements_2023_consolidated_1_extracted.txt
HDB,Ngân hàng TMCP Phát triển Thành phố Hồ Chí Minh,2023,HDB_financial_statements_2023_consolidated_2,consolidated,HDB/2023/HDB_financial_statements_2023_consolidated_2/HDB_financial_statements_2023_consolidated_2_extracted.txt
HDB,Ngân hàng TMCP Phát triển Thành phố Hồ Chí Minh,2023,HDB_financial_statements_2023_separate_1,separate,HDB/2023/HDB_financial_statements_2023_separate_1/HDB_financial_statements_2023_separate_1_extracted.txt
HDB,Ngân hàng TMCP Phát triển Thành phố Hồ Chí Minh,2023,HDB_financial_statements_2023_separate_2,separate,HDB/2023/HDB_financial_statements_2023_separate_2/HDB_financial_statements_2023_separate_2_extracted.txt
HDB,Ngân hàng TMCP Phát triển Thành phố Hồ Chí Minh,2024,HDB_financial_statements_2024_consolidated,consolidated,HDB/2024/HDB_financial_statements_2024_consolidated/HDB_financial_statements_2024_consolidated_extracted.txt
HDB,Ngân hàng TMCP Phát triển Thành phố Hồ Chí Minh,2024,HDB_financial_statements_2024_separate,separate,HDB/2024/HDB_financial_statements_2024_separate/HDB_financial_statements_2024_separate_extracted.txt
HDB,Ngân hàng TMCP Phát triển Thành phố Hồ Chí Minh,2025,HDB_financial_statements_2025_consolidated,consolidated,HDB/2025/HDB_financial_statements_2025_consolidated/HDB_financial_statements_2025_consolidated_extracted.txt
HDB,Ngân hàng TMCP Phát triển Thành phố Hồ Chí Minh,2025,HDB_financial_statements_2025_separate,separate,HDB/2025/HDB_financial_statements_2025_separate/HDB_financial_statements_2025_separate_extracted.txt
HDG,CTCP Tập đoàn Hà Đô,2015,HDG_financial_statements_2015_consolidated,consolidated,HDG/2015/HDG_financial_statements_2015_consolidated/HDG_financial_statements_2015_consolidated_extracted.txt
HDG,CTCP Tập đoàn Hà Đô,2015,HDG_financial_statements_2015_separate,separate,HDG/2015/HDG_financial_statements_2015_separate/HDG_financial_statements_2015_separate_extracted.txt
HDG,CTCP Tập đoàn Hà Đô,2016,HDG_financial_statements_2016_consolidated,consolidated,HDG/2016/HDG_financial_statements_2016_consolidated/HDG_financial_statements_2016_consolidated_extracted.txt
HDG,CTCP Tập đoàn Hà Đô,2016,HDG_financial_statements_2016_separate,separate,HDG/2016/HDG_financial_statements_2016_separate/HDG_financial_statements_2016_separate_extracted.txt
HDG,CTCP Tập đoàn Hà Đô,2017,HDG_financial_statements_2017_consolidated,consolidated,HDG/2017/HDG_financial_statements_2017_consolidated/HDG_financial_statements_2017_consolidated_extracted.txt
HDG,CTCP Tập đoàn Hà Đô,2017,HDG_financial_statements_2017_separate,separate,HDG/2017/HDG_financial_statements_2017_separate/HDG_financial_statements_2017_separate_extracted.txt
HDG,CTCP Tập đoàn Hà Đô,2018,HDG_financial_statements_2018_consolidated,consolidated,HDG/2018/HDG_financial_statements_2018_consolidated/HDG_financial_statements_2018_consolidated_extracted.txt
HDG,CTCP Tập đoàn Hà Đô,2018,HDG_financial_statements_2018_separate,separate,HDG/2018/HDG_financial_statements_2018_separate/HDG_financial_statements_2018_separate_extracted.txt
HDG,CTCP Tập đoàn Hà Đô,2019,HDG_financial_statements_2019_consolidated,consolidated,HDG/2019/HDG_financial_statements_2019_consolidated/HDG_financial_statements_2019_consolidated_extracted.txt
HDG,CTCP Tập đoàn Hà Đô,2019,HDG_financial_statements_2019_separate,separate,HDG/2019/HDG_financial_statements_2019_separate/HDG_financial_statements_2019_separate_extracted.txt
HDG,CTCP Tập đoàn Hà Đô,2020,HDG_financial_statements_2020_consolidated,consolidated,HDG/2020/HDG_financial_statements_2020_consolidated/HDG_financial_statements_2020_consolidated_extracted.txt
HDG,CTCP Tập đoàn Hà Đô,2020,HDG_financial_statements_2020_separate,separate,HDG/2020/HDG_financial_statements_2020_separate/HDG_financial_statements_2020_separate_extracted.txt
HDG,CTCP Tập đoàn Hà Đô,2021,HDG_financial_statements_2021_consolidated,consolidated,HDG/2021/HDG_financial_statements_2021_consolidated/HDG_financial_statements_2021_consolidated_extracted.txt
HDG,CTCP Tập đoàn Hà Đô,2021,HDG_financial_statements_2021_separate,separate,HDG/2021/HDG_financial_statements_2021_separate/HDG_financial_statements_2021_separate_extracted.txt
HDG,CTCP Tập đoàn Hà Đô,2022,HDG_financial_statements_2022_consolidated,consolidated,HDG/2022/HDG_financial_statements_2022_consolidated/HDG_financial_statements_2022_consolidated_extracted.txt
HDG,CTCP Tập đoàn Hà Đô,2022,HDG_financial_statements_2022_separate,separate,HDG/2022/HDG_financial_statements_2022_separate/HDG_financial_statements_2022_separate_extracted.txt
HDG,CTCP Tập đoàn Hà Đô,2023,HDG_financial_statements_2023_consolidated,consolidated,HDG/2023/HDG_financial_statements_2023_consolidated/HDG_financial_statements_2023_consolidated_extracted.txt
HDG,CTCP Tập đoàn Hà Đô,2023,HDG_financial_statements_2023_separate,separate,HDG/2023/HDG_financial_statements_2023_separate/HDG_financial_statements_2023_separate_extracted.txt
HDG,CTCP Tập đoàn Hà Đô,2024,HDG_financial_statements_2024_consolidated,consolidated,HDG/2024/HDG_financial_statements_2024_consolidated/HDG_financial_statements_2024_consolidated_extracted.txt
HDG,CTCP Tập đoàn Hà Đô,2024,HDG_financial_statements_2024_separate,separate,HDG/2024/HDG_financial_statements_2024_separate/HDG_financial_statements_2024_separate_extracted.txt
HDG,CTCP Tập đoàn Hà Đô,2025,HDG_financial_statements_2025_consolidated,consolidated,HDG/2025/HDG_financial_statements_2025_consolidated/HDG_financial_statements_2025_consolidated_extracted.txt
HDG,CTCP Tập đoàn Hà Đô,2025,HDG_financial_statements_2025_separate,separate,HDG/2025/HDG_financial_statements_2025_separate/HDG_financial_statements_2025_separate_extracted.txt
HHS,CTCP Đầu tư Dịch vụ Hoàng Huy,2015,HHS_financial_statements_2015_consolidated,consolidated,HHS/2015/HHS_financial_statements_2015_consolidated/HHS_financial_statements_2015_consolidated_extracted.txt
HHS,CTCP Đầu tư Dịch vụ Hoàng Huy,2015,HHS_financial_statements_2015_separate,separate,HHS/2015/HHS_financial_statements_2015_separate/HHS_financial_statements_2015_separate_extracted.txt
HHS,CTCP Đầu tư Dịch vụ Hoàng Huy,2016,HHS_financial_statements_2016_consolidated,consolidated,HHS/2016/HHS_financial_statements_2016_consolidated/HHS_financial_statements_2016_consolidated_extracted.txt
HHS,CTCP Đầu tư Dịch vụ Hoàng Huy,2016,HHS_financial_statements_2016_separate,separate,HHS/2016/HHS_financial_statements_2016_separate/HHS_financial_statements_2016_separate_extracted.txt
HHS,CTCP Đầu tư Dịch vụ Hoàng Huy,2017,HHS_financial_statements_2017_consolidated,consolidated,HHS/2017/HHS_financial_statements_2017_consolidated/HHS_financial_statements_2017_consolidated_extracted.txt
HHS,CTCP Đầu tư Dịch vụ Hoàng Huy,2017,HHS_financial_statements_2017_separate,separate,HHS/2017/HHS_financial_statements_2017_separate/HHS_financial_statements_2017_separate_extracted.txt
HHS,CTCP Đầu tư Dịch vụ Hoàng Huy,2018,HHS_financial_statements_2018_consolidated,consolidated,HHS/2018/HHS_financial_statements_2018_consolidated/HHS_financial_statements_2018_consolidated_extracted.txt
HHS,CTCP Đầu tư Dịch vụ Hoàng Huy,2018,HHS_financial_statements_2018_separate,separate,HHS/2018/HHS_financial_statements_2018_separate/HHS_financial_statements_2018_separate_extracted.txt
HHS,CTCP Đầu tư Dịch vụ Hoàng Huy,2019,HHS_financial_statements_2019_consolidated,consolidated,HHS/2019/HHS_financial_statements_2019_consolidated/HHS_financial_statements_2019_consolidated_extracted.txt
HHS,CTCP Đầu tư Dịch vụ Hoàng Huy,2019,HHS_financial_statements_2019_separate,separate,HHS/2019/HHS_financial_statements_2019_separate/HHS_financial_statements_2019_separate_extracted.txt
HHS,CTCP Đầu tư Dịch vụ Hoàng Huy,2020,HHS_financial_statements_2020_consolidated,consolidated,HHS/2020/HHS_financial_statements_2020_consolidated/HHS_financial_statements_2020_consolidated_extracted.txt
HHS,CTCP Đầu tư Dịch vụ Hoàng Huy,2020,HHS_financial_statements_2020_separate,separate,HHS/2020/HHS_financial_statements_2020_separate/HHS_financial_statements_2020_separate_extracted.txt
HHS,CTCP Đầu tư Dịch vụ Hoàng Huy,2021,HHS_financial_statements_2021_consolidated,consolidated,HHS/2021/HHS_financial_statements_2021_consolidated/HHS_financial_statements_2021_consolidated_extracted.txt
HHS,CTCP Đầu tư Dịch vụ Hoàng Huy,2021,HHS_financial_statements_2021_separate,separate,HHS/2021/HHS_financial_statements_2021_separate/HHS_financial_statements_2021_separate_extracted.txt
HHS,CTCP Đầu tư Dịch vụ Hoàng Huy,2022,HHS_financial_statements_2022_consolidated,consolidated,HHS/2022/HHS_financial_statements_2022_consolidated/HHS_financial_statements_2022_consolidated_extracted.txt
HHS,CTCP Đầu tư Dịch vụ Hoàng Huy,2022,HHS_financial_statements_2022_separate,separate,HHS/2022/HHS_financial_statements_2022_separate/HHS_financial_statements_2022_separate_extracted.txt
HHS,CTCP Đầu tư Dịch vụ Hoàng Huy,2023,HHS_financial_statements_2023_consolidated,consolidated,HHS/2023/HHS_financial_statements_2023_consolidated/HHS_financial_statements_2023_consolidated_extracted.txt
HHS,CTCP Đầu tư Dịch vụ Hoàng Huy,2023,HHS_financial_statements_2023_separate,separate,HHS/2023/HHS_financial_statements_2023_separate/HHS_financial_statements_2023_separate_extracted.txt
HHS,CTCP Đầu tư Dịch vụ Hoàng Huy,2024,HHS_financial_statements_2024_consolidated,consolidated,HHS/2024/HHS_financial_statements_2024_consolidated/HHS_financial_statements_2024_consolidated_extracted.txt
HHS,CTCP Đầu tư Dịch vụ Hoàng Huy,2024,HHS_financial_statements_2024_separate,separate,HHS/2024/HHS_financial_statements_2024_separate/HHS_financial_statements_2024_separate_extracted.txt
HHS,CTCP Đầu tư Dịch vụ Hoàng Huy,2025,HHS_financial_statements_2025_consolidated,consolidated,HHS/2025/HHS_financial_statements_2025_consolidated/HHS_financial_statements_2025_consolidated_extracted.txt
HHS,CTCP Đầu tư Dịch vụ Hoàng Huy,2025,HHS_financial_statements_2025_separate,separate,HHS/2025/HHS_financial_statements_2025_separate/HHS_financial_statements_2025_separate_extracted.txt
HHV,CTCP Đầu tư Hạ tầng Giao thông Đèo Cả,2019,HHV_financial_statements_2019_consolidated,consolidated,HHV/2019/HHV_financial_statements_2019_consolidated/HHV_financial_statements_2019_consolidated_extracted.txt
HHV,CTCP Đầu tư Hạ tầng Giao thông Đèo Cả,2019,HHV_financial_statements_2019_separate,separate,HHV/2019/HHV_financial_statements_2019_separate/HHV_financial_statements_2019_separate_extracted.txt
HHV,CTCP Đầu tư Hạ tầng Giao thông Đèo Cả,2020,HHV_financial_statements_2020_consolidated,consolidated,HHV/2020/HHV_financial_statements_2020_consolidated/HHV_financial_statements_2020_consolidated_extracted.txt
HHV,CTCP Đầu tư Hạ tầng Giao thông Đèo Cả,2020,HHV_financial_statements_2020_separate,separate,HHV/2020/HHV_financial_statements_2020_separate/HHV_financial_statements_2020_separate_extracted.txt
HHV,CTCP Đầu tư Hạ tầng Giao thông Đèo Cả,2021,HHV_financial_statements_2021_consolidated,consolidated,HHV/2021/HHV_financial_statements_2021_consolidated/HHV_financial_statements_2021_consolidated_extracted.txt
HHV,CTCP Đầu tư Hạ tầng Giao thông Đèo Cả,2021,HHV_financial_statements_2021_separate,separate,HHV/2021/HHV_financial_statements_2021_separate/HHV_financial_statements_2021_separate_extracted.txt
HHV,CTCP Đầu tư Hạ tầng Giao thông Đèo Cả,2022,HHV_financial_statements_2022_consolidated,consolidated,HHV/2022/HHV_financial_statements_2022_consolidated/HHV_financial_statements_2022_consolidated_extracted.txt
HHV,CTCP Đầu tư Hạ tầng Giao thông Đèo Cả,2022,HHV_financial_statements_2022_separate,separate,HHV/2022/HHV_financial_statements_2022_separate/HHV_financial_statements_2022_separate_extracted.txt
HHV,CTCP Đầu tư Hạ tầng Giao thông Đèo Cả,2023,HHV_financial_statements_2023_consolidated,consolidated,HHV/2023/HHV_financial_statements_2023_consolidated/HHV_financial_statements_2023_consolidated_extracted.txt
HHV,CTCP Đầu tư Hạ tầng Giao thông Đèo Cả,2023,HHV_financial_statements_2023_separate,separate,HHV/2023/HHV_financial_statements_2023_separate/HHV_financial_statements_2023_separate_extracted.txt
HHV,CTCP Đầu tư Hạ tầng Giao thông Đèo Cả,2024,HHV_financial_statements_2024_consolidated,consolidated,HHV/2024/HHV_financial_statements_2024_consolidated/HHV_financial_statements_2024_consolidated_extracted.txt
HHV,CTCP Đầu tư Hạ tầng Giao thông Đèo Cả,2024,HHV_financial_statements_2024_separate,separate,HHV/2024/HHV_financial_statements_2024_separate/HHV_financial_statements_2024_separate_extracted.txt
HHV,CTCP Đầu tư Hạ tầng Giao thông Đèo Cả,2025,HHV_financial_statements_2025_consolidated,consolidated,HHV/2025/HHV_financial_statements_2025_consolidated/HHV_financial_statements_2025_consolidated_extracted.txt
HHV,CTCP Đầu tư Hạ tầng Giao thông Đèo Cả,2025,HHV_financial_statements_2025_separate,separate,HHV/2025/HHV_financial_statements_2025_separate/HHV_financial_statements_2025_separate_extracted.txt
HND,CTCP Nhiệt điện Hải Phòng,2016,HND_financial_statements_2016,other,HND/2016/HND_financial_statements_2016/HND_financial_statements_2016_extracted.txt
HND,CTCP Nhiệt điện Hải Phòng,2017,HND_financial_statements_2017,other,HND/2017/HND_financial_statements_2017/HND_financial_statements_2017_extracted.txt
HND,CTCP Nhiệt điện Hải Phòng,2018,HND_financial_statements_2018,other,HND/2018/HND_financial_statements_2018/HND_financial_statements_2018_extracted.txt
HND,CTCP Nhiệt điện Hải Phòng,2019,HND_financial_statements_2019,other,HND/2019/HND_financial_statements_2019/HND_financial_statements_2019_extracted.txt
HND,CTCP Nhiệt điện Hải Phòng,2020,HND_financial_statements_2020,other,HND/2020/HND_financial_statements_2020/HND_financial_statements_2020_extracted.txt
HND,CTCP Nhiệt điện Hải Phòng,2021,HND_financial_statements_2021,other,HND/2021/HND_financial_statements_2021/HND_financial_statements_2021_extracted.txt
HND,CTCP Nhiệt điện Hải Phòng,2022,HND_financial_statements_2022,other,HND/2022/HND_financial_statements_2022/HND_financial_statements_2022_extracted.txt
HND,CTCP Nhiệt điện Hải Phòng,2023,HND_financial_statements_2023,other,HND/2023/HND_financial_statements_2023/HND_financial_statements_2023_extracted.txt
HND,CTCP Nhiệt điện Hải Phòng,2024,HND_financial_statements_2024,other,HND/2024/HND_financial_statements_2024/HND_financial_statements_2024_extracted.txt
HND,CTCP Nhiệt điện Hải Phòng,2025,HND_financial_statements_2025,other,HND/2025/HND_financial_statements_2025/HND_financial_statements_2025_extracted.txt
HNG,CTCP Nông nghiệp Quốc tế Hoàng Anh Gia Lai,2015,HNG_financial_statements_2015_consolidated,consolidated,HNG/2015/HNG_financial_statements_2015_consolidated/HNG_financial_statements_2015_consolidated_extracted.txt
HNG,CTCP Nông nghiệp Quốc tế Hoàng Anh Gia Lai,2015,HNG_financial_statements_2015_separate,separate,HNG/2015/HNG_financial_statements_2015_separate/HNG_financial_statements_2015_separate_extracted.txt
HNG,CTCP Nông nghiệp Quốc tế Hoàng Anh Gia Lai,2016,HNG_financial_statements_2016_consolidated,consolidated,HNG/2016/HNG_financial_statements_2016_consolidated/HNG_financial_statements_2016_consolidated_extracted.txt
HNG,CTCP Nông nghiệp Quốc tế Hoàng Anh Gia Lai,2016,HNG_financial_statements_2016_separate,separate,HNG/2016/HNG_financial_statements_2016_separate/HNG_financial_statements_2016_separate_extracted.txt
HNG,CTCP Nông nghiệp Quốc tế Hoàng Anh Gia Lai,2017,HNG_financial_statements_2017_separate,separate,HNG/2017/HNG_financial_statements_2017_separate/HNG_financial_statements_2017_separate_extracted.txt
HNG,CTCP Nông nghiệp Quốc tế Hoàng Anh Gia Lai,2018,HNG_financial_statements_2018_consolidated,consolidated,HNG/2018/HNG_financial_statements_2018_consolidated/HNG_financial_statements_2018_consolidated_extracted.txt
HNG,CTCP Nông nghiệp Quốc tế Hoàng Anh Gia Lai,2018,HNG_financial_statements_2018_separate,separate,HNG/2018/HNG_financial_statements_2018_separate/HNG_financial_statements_2018_separate_extracted.txt
HNG,CTCP Nông nghiệp Quốc tế Hoàng Anh Gia Lai,2019,HNG_financial_statements_2019_consolidated,consolidated,HNG/2019/HNG_financial_statements_2019_consolidated/HNG_financial_statements_2019_consolidated_extracted.txt
HNG,CTCP Nông nghiệp Quốc tế Hoàng Anh Gia Lai,2019,HNG_financial_statements_2019_separate,separate,HNG/2019/HNG_financial_statements_2019_separate/HNG_financial_statements_2019_separate_extracted.txt
HNG,CTCP Nông nghiệp Quốc tế Hoàng Anh Gia Lai,2020,HNG_financial_statements_2020_consolidated,consolidated,HNG/2020/HNG_financial_statements_2020_consolidated/HNG_financial_statements_2020_consolidated_extracted.txt
HNG,CTCP Nông nghiệp Quốc tế Hoàng Anh Gia Lai,2020,HNG_financial_statements_2020_separate,separate,HNG/2020/HNG_financial_statements_2020_separate/HNG_financial_statements_2020_separate_extracted.txt
HNG,CTCP Nông nghiệp Quốc tế Hoàng Anh Gia Lai,2021,HNG_financial_statements_2021_consolidated,consolidated,HNG/2021/HNG_financial_statements_2021_consolidated/HNG_financial_statements_2021_consolidated_extracted.txt
HNG,CTCP Nông nghiệp Quốc tế Hoàng Anh Gia Lai,2021,HNG_financial_statements_2021_separate,separate,HNG/2021/HNG_financial_statements_2021_separate/HNG_financial_statements_2021_separate_extracted.txt
HNG,CTCP Nông nghiệp Quốc tế Hoàng Anh Gia Lai,2022,HNG_financial_statements_2022_consolidated,consolidated,HNG/2022/HNG_financial_statements_2022_consolidated/HNG_financial_statements_2022_consolidated_extracted.txt
HNG,CTCP Nông nghiệp Quốc tế Hoàng Anh Gia Lai,2022,HNG_financial_statements_2022_separate,separate,HNG/2022/HNG_financial_statements_2022_separate/HNG_financial_statements_2022_separate_extracted.txt
HNG,CTCP Nông nghiệp Quốc tế Hoàng Anh Gia Lai,2023,HNG_financial_statements_2023_separate,separate,HNG/2023/HNG_financial_statements_2023_separate/HNG_financial_statements_2023_separate_extracted.txt
HNG,CTCP Nông nghiệp Quốc tế Hoàng Anh Gia Lai,2024,HNG_financial_statements_2024_consolidated,consolidated,HNG/2024/HNG_financial_statements_2024_consolidated/HNG_financial_statements_2024_consolidated_extracted.txt
HNG,CTCP Nông nghiệp Quốc tế Hoàng Anh Gia Lai,2024,HNG_financial_statements_2024_separate,separate,HNG/2024/HNG_financial_statements_2024_separate/HNG_financial_statements_2024_separate_extracted.txt
HNG,CTCP Nông nghiệp Quốc tế Hoàng Anh Gia Lai,2025,HNG_financial_statements_2025_consolidated,consolidated,HNG/2025/HNG_financial_statements_2025_consolidated/HNG_financial_statements_2025_consolidated_extracted.txt
HNG,CTCP Nông nghiệp Quốc tế Hoàng Anh Gia Lai,2025,HNG_financial_statements_2025_separate,separate,HNG/2025/HNG_financial_statements_2025_separate/HNG_financial_statements_2025_separate_extracted.txt
HPG,CTCP Tập đoàn Hòa Phát,2015,HPG_financial_statements_2015_consolidated,consolidated,HPG/2015/HPG_financial_statements_2015_consolidated/HPG_financial_statements_2015_consolidated_extracted.txt
HPG,CTCP Tập đoàn Hòa Phát,2015,HPG_financial_statements_2015_separate,separate,HPG/2015/HPG_financial_statements_2015_separate/HPG_financial_statements_2015_separate_extracted.txt
HPG,CTCP Tập đoàn Hòa Phát,2016,HPG_financial_statements_2016_consolidated,consolidated,HPG/2016/HPG_financial_statements_2016_consolidated/HPG_financial_statements_2016_consolidated_extracted.txt
HPG,CTCP Tập đoàn Hòa Phát,2016,HPG_financial_statements_2016_separate,separate,HPG/2016/HPG_financial_statements_2016_separate/HPG_financial_statements_2016_separate_extracted.txt
HPG,CTCP Tập đoàn Hòa Phát,2017,HPG_financial_statements_2017_consolidated,consolidated,HPG/2017/HPG_financial_statements_2017_consolidated/HPG_financial_statements_2017_consolidated_extracted.txt
HPG,CTCP Tập đoàn Hòa Phát,2017,HPG_financial_statements_2017_separate,separate,HPG/2017/HPG_financial_statements_2017_separate/HPG_financial_statements_2017_separate_extracted.txt
HPG,CTCP Tập đoàn Hòa Phát,2018,HPG_financial_statements_2018_consolidated,consolidated,HPG/2018/HPG_financial_statements_2018_consolidated/HPG_financial_statements_2018_consolidated_extracted.txt
HPG,CTCP Tập đoàn Hòa Phát,2018,HPG_financial_statements_2018_separate,separate,HPG/2018/HPG_financial_statements_2018_separate/HPG_financial_statements_2018_separate_extracted.txt
HPG,CTCP Tập đoàn Hòa Phát,2019,HPG_financial_statements_2019_consolidated,consolidated,HPG/2019/HPG_financial_statements_2019_consolidated/HPG_financial_statements_2019_consolidated_extracted.txt
HPG,CTCP Tập đoàn Hòa Phát,2019,HPG_financial_statements_2019_separate,separate,HPG/2019/HPG_financial_statements_2019_separate/HPG_financial_statements_2019_separate_extracted.txt
HPG,CTCP Tập đoàn Hòa Phát,2020,HPG_financial_statements_2020_consolidated,consolidated,HPG/2020/HPG_financial_statements_2020_consolidated/HPG_financial_statements_2020_consolidated_extracted.txt
HPG,CTCP Tập đoàn Hòa Phát,2020,HPG_financial_statements_2020_separate,separate,HPG/2020/HPG_financial_statements_2020_separate/HPG_financial_statements_2020_separate_extracted.txt
HPG,CTCP Tập đoàn Hòa Phát,2021,HPG_financial_statements_2021_consolidated,consolidated,HPG/2021/HPG_financial_statements_2021_consolidated/HPG_financial_statements_2021_consolidated_extracted.txt
HPG,CTCP Tập đoàn Hòa Phát,2021,HPG_financial_statements_2021_separate,separate,HPG/2021/HPG_financial_statements_2021_separate/HPG_financial_statements_2021_separate_extracted.txt
HPG,CTCP Tập đoàn Hòa Phát,2022,HPG_financial_statements_2022_consolidated,consolidated,HPG/2022/HPG_financial_statements_2022_consolidated/HPG_financial_statements_2022_consolidated_extracted.txt
HPG,CTCP Tập đoàn Hòa Phát,2022,HPG_financial_statements_2022_separate,separate,HPG/2022/HPG_financial_statements_2022_separate/HPG_financial_statements_2022_separate_extracted.txt
HPG,CTCP Tập đoàn Hòa Phát,2023,HPG_financial_statements_2023_consolidated,consolidated,HPG/2023/HPG_financial_statements_2023_consolidated/HPG_financial_statements_2023_consolidated_extracted.txt
HPG,CTCP Tập đoàn Hòa Phát,2023,HPG_financial_statements_2023_separate,separate,HPG/2023/HPG_financial_statements_2023_separate/HPG_financial_statements_2023_separate_extracted.txt
HPG,CTCP Tập đoàn Hòa Phát,2024,HPG_financial_statements_2024_consolidated,consolidated,HPG/2024/HPG_financial_statements_2024_consolidated/HPG_financial_statements_2024_consolidated_extracted.txt
HPG,CTCP Tập đoàn Hòa Phát,2024,HPG_financial_statements_2024_separate,separate,HPG/2024/HPG_financial_statements_2024_separate/HPG_financial_statements_2024_separate_extracted.txt
HPG,CTCP Tập đoàn Hòa Phát,2025,HPG_financial_statements_2025_consolidated,consolidated,HPG/2025/HPG_financial_statements_2025_consolidated/HPG_financial_statements_2025_consolidated_extracted.txt
HPG,CTCP Tập đoàn Hòa Phát,2025,HPG_financial_statements_2025_separate,separate,HPG/2025/HPG_financial_statements_2025_separate/HPG_financial_statements_2025_separate_extracted.txt
HPX,CTCP Đầu tư Hải Phát,2018,HPX_financial_statements_2018_consolidated,consolidated,HPX/2018/HPX_financial_statements_2018_consolidated/HPX_financial_statements_2018_consolidated_extracted.txt
HPX,CTCP Đầu tư Hải Phát,2018,HPX_financial_statements_2018_separate,separate,HPX/2018/HPX_financial_statements_2018_separate/HPX_financial_statements_2018_separate_extracted.txt
HPX,CTCP Đầu tư Hải Phát,2019,HPX_financial_statements_2019_consolidated,consolidated,HPX/2019/HPX_financial_statements_2019_consolidated/HPX_financial_statements_2019_consolidated_extracted.txt
HPX,CTCP Đầu tư Hải Phát,2019,HPX_financial_statements_2019_separate,separate,HPX/2019/HPX_financial_statements_2019_separate/HPX_financial_statements_2019_separate_extracted.txt
HPX,CTCP Đầu tư Hải Phát,2020,HPX_financial_statements_2020_consolidated,consolidated,HPX/2020/HPX_financial_statements_2020_consolidated/HPX_financial_statements_2020_consolidated_extracted.txt
HPX,CTCP Đầu tư Hải Phát,2020,HPX_financial_statements_2020_separate,separate,HPX/2020/HPX_financial_statements_2020_separate/HPX_financial_statements_2020_separate_extracted.txt
HPX,CTCP Đầu tư Hải Phát,2021,HPX_financial_statements_2021_consolidated,consolidated,HPX/2021/HPX_financial_statements_2021_consolidated/HPX_financial_statements_2021_consolidated_extracted.txt
HPX,CTCP Đầu tư Hải Phát,2021,HPX_financial_statements_2021_separate,separate,HPX/2021/HPX_financial_statements_2021_separate/HPX_financial_statements_2021_separate_extracted.txt
HPX,CTCP Đầu tư Hải Phát,2022,HPX_financial_statements_2022_consolidated,consolidated,HPX/2022/HPX_financial_statements_2022_consolidated/HPX_financial_statements_2022_consolidated_extracted.txt
HPX,CTCP Đầu tư Hải Phát,2022,HPX_financial_statements_2022_separate,separate,HPX/2022/HPX_financial_statements_2022_separate/HPX_financial_statements_2022_separate_extracted.txt
HPX,CTCP Đầu tư Hải Phát,2023,HPX_financial_statements_2023_consolidated,consolidated,HPX/2023/HPX_financial_statements_2023_consolidated/HPX_financial_statements_2023_consolidated_extracted.txt
HPX,CTCP Đầu tư Hải Phát,2023,HPX_financial_statements_2023_separate,separate,HPX/2023/HPX_financial_statements_2023_separate/HPX_financial_statements_2023_separate_extracted.txt
HPX,CTCP Đầu tư Hải Phát,2024,HPX_financial_statements_2024_consolidated,consolidated,HPX/2024/HPX_financial_statements_2024_consolidated/HPX_financial_statements_2024_consolidated_extracted.txt
HPX,CTCP Đầu tư Hải Phát,2024,HPX_financial_statements_2024_separate,separate,HPX/2024/HPX_financial_statements_2024_separate/HPX_financial_statements_2024_separate_extracted.txt
HPX,CTCP Đầu tư Hải Phát,2025,HPX_financial_statements_2025_consolidated,consolidated,HPX/2025/HPX_financial_statements_2025_consolidated/HPX_financial_statements_2025_consolidated_extracted.txt
HPX,CTCP Đầu tư Hải Phát,2025,HPX_financial_statements_2025_separate,separate,HPX/2025/HPX_financial_statements_2025_separate/HPX_financial_statements_2025_separate_extracted.txt
HSG,CTCP Tập đoàn Hoa Sen,2015,HSG_financial_statements_2015_consolidated,consolidated,HSG/2015/HSG_financial_statements_2015_consolidated/HSG_financial_statements_2015_consolidated_extracted.txt
HSG,CTCP Tập đoàn Hoa Sen,2015,HSG_financial_statements_2015_separate,separate,HSG/2015/HSG_financial_statements_2015_separate/HSG_financial_statements_2015_separate_extracted.txt
HSG,CTCP Tập đoàn Hoa Sen,2016,HSG_financial_statements_2016_consolidated,consolidated,HSG/2016/HSG_financial_statements_2016_consolidated/HSG_financial_statements_2016_consolidated_extracted.txt
HSG,CTCP Tập đoàn Hoa Sen,2016,HSG_financial_statements_2016_separate,separate,HSG/2016/HSG_financial_statements_2016_separate/HSG_financial_statements_2016_separate_extracted.txt
HSG,CTCP Tập đoàn Hoa Sen,2017,HSG_financial_statements_2017_consolidated,consolidated,HSG/2017/HSG_financial_statements_2017_consolidated/HSG_financial_statements_2017_consolidated_extracted.txt
HSG,CTCP Tập đoàn Hoa Sen,2017,HSG_financial_statements_2017_separate,separate,HSG/2017/HSG_financial_statements_2017_separate/HSG_financial_statements_2017_separate_extracted.txt
HSG,CTCP Tập đoàn Hoa Sen,2018,HSG_financial_statements_2018_consolidated,consolidated,HSG/2018/HSG_financial_statements_2018_consolidated/HSG_financial_statements_2018_consolidated_extracted.txt
HSG,CTCP Tập đoàn Hoa Sen,2018,HSG_financial_statements_2018_separate,separate,HSG/2018/HSG_financial_statements_2018_separate/HSG_financial_statements_2018_separate_extracted.txt
HSG,CTCP Tập đoàn Hoa Sen,2019,HSG_financial_statements_2019_consolidated,consolidated,HSG/2019/HSG_financial_statements_2019_consolidated/HSG_financial_statements_2019_consolidated_extracted.txt
HSG,CTCP Tập đoàn Hoa Sen,2019,HSG_financial_statements_2019_separate,separate,HSG/2019/HSG_financial_statements_2019_separate/HSG_financial_statements_2019_separate_extracted.txt
HSG,CTCP Tập đoàn Hoa Sen,2020,HSG_financial_statements_2020_consolidated,consolidated,HSG/2020/HSG_financial_statements_2020_consolidated/HSG_financial_statements_2020_consolidated_extracted.txt
HSG,CTCP Tập đoàn Hoa Sen,2020,HSG_financial_statements_2020_separate,separate,HSG/2020/HSG_financial_statements_2020_separate/HSG_financial_statements_2020_separate_extracted.txt
HSG,CTCP Tập đoàn Hoa Sen,2021,HSG_financial_statements_2021_consolidated,consolidated,HSG/2021/HSG_financial_statements_2021_consolidated/HSG_financial_statements_2021_consolidated_extracted.txt
HSG,CTCP Tập đoàn Hoa Sen,2021,HSG_financial_statements_2021_separate,separate,HSG/2021/HSG_financial_statements_2021_separate/HSG_financial_statements_2021_separate_extracted.txt
HSG,CTCP Tập đoàn Hoa Sen,2022,HSG_financial_statements_2022_consolidated,consolidated,HSG/2022/HSG_financial_statements_2022_consolidated/HSG_financial_statements_2022_consolidated_extracted.txt
HSG,CTCP Tập đoàn Hoa Sen,2022,HSG_financial_statements_2022_separate,separate,HSG/2022/HSG_financial_statements_2022_separate/HSG_financial_statements_2022_separate_extracted.txt
HSG,CTCP Tập đoàn Hoa Sen,2023,HSG_financial_statements_2023_consolidated,consolidated,HSG/2023/HSG_financial_statements_2023_consolidated/HSG_financial_statements_2023_consolidated_extracted.txt
HSG,CTCP Tập đoàn Hoa Sen,2023,HSG_financial_statements_2023_separate,separate,HSG/2023/HSG_financial_statements_2023_separate/HSG_financial_statements_2023_separate_extracted.txt
HSG,CTCP Tập đoàn Hoa Sen,2024,HSG_financial_statements_2024_consolidated,consolidated,HSG/2024/HSG_financial_statements_2024_consolidated/HSG_financial_statements_2024_consolidated_extracted.txt
HSG,CTCP Tập đoàn Hoa Sen,2024,HSG_financial_statements_2024_separate,separate,HSG/2024/HSG_financial_statements_2024_separate/HSG_financial_statements_2024_separate_extracted.txt
HSG,CTCP Tập đoàn Hoa Sen,2025,HSG_financial_statements_2025_consolidated,consolidated,HSG/2025/HSG_financial_statements_2025_consolidated/HSG_financial_statements_2025_consolidated_extracted.txt
HSG,CTCP Tập đoàn Hoa Sen,2025,HSG_financial_statements_2025_separate,separate,HSG/2025/HSG_financial_statements_2025_separate/HSG_financial_statements_2025_separate_extracted.txt
HT1,CTCP Xi Măng Vicem Hà Tiên,2017,HT1_financial_statements_2017_consolidated,consolidated,HT1/2017/HT1_financial_statements_2017_consolidated/HT1_financial_statements_2017_consolidated_extracted.txt
HT1,CTCP Xi Măng Vicem Hà Tiên,2017,HT1_financial_statements_2017_separate,separate,HT1/2017/HT1_financial_statements_2017_separate/HT1_financial_statements_2017_separate_extracted.txt
HT1,CTCP Xi Măng Vicem Hà Tiên,2018,HT1_financial_statements_2018_consolidated,consolidated,HT1/2018/HT1_financial_statements_2018_consolidated/HT1_financial_statements_2018_consolidated_extracted.txt
HT1,CTCP Xi Măng Vicem Hà Tiên,2018,HT1_financial_statements_2018_separate,separate,HT1/2018/HT1_financial_statements_2018_separate/HT1_financial_statements_2018_separate_extracted.txt
HT1,CTCP Xi Măng Vicem Hà Tiên,2019,HT1_financial_statements_2019_consolidated,consolidated,HT1/2019/HT1_financial_statements_2019_consolidated/HT1_financial_statements_2019_consolidated_extracted.txt
HT1,CTCP Xi Măng Vicem Hà Tiên,2019,HT1_financial_statements_2019_separate,separate,HT1/2019/HT1_financial_statements_2019_separate/HT1_financial_statements_2019_separate_extracted.txt
HT1,CTCP Xi Măng Vicem Hà Tiên,2020,HT1_financial_statements_2020_consolidated,consolidated,HT1/2020/HT1_financial_statements_2020_consolidated/HT1_financial_statements_2020_consolidated_extracted.txt
HT1,CTCP Xi Măng Vicem Hà Tiên,2020,HT1_financial_statements_2020_separate,separate,HT1/2020/HT1_financial_statements_2020_separate/HT1_financial_statements_2020_separate_extracted.txt
HT1,CTCP Xi Măng Vicem Hà Tiên,2021,HT1_financial_statements_2021_consolidated,consolidated,HT1/2021/HT1_financial_statements_2021_consolidated/HT1_financial_statements_2021_consolidated_extracted.txt
HT1,CTCP Xi Măng Vicem Hà Tiên,2021,HT1_financial_statements_2021_separate,separate,HT1/2021/HT1_financial_statements_2021_separate/HT1_financial_statements_2021_separate_extracted.txt
HT1,CTCP Xi Măng Vicem Hà Tiên,2022,HT1_financial_statements_2022_consolidated,consolidated,HT1/2022/HT1_financial_statements_2022_consolidated/HT1_financial_statements_2022_consolidated_extracted.txt
HT1,CTCP Xi Măng Vicem Hà Tiên,2022,HT1_financial_statements_2022_separate,separate,HT1/2022/HT1_financial_statements_2022_separate/HT1_financial_statements_2022_separate_extracted.txt
HT1,CTCP Xi Măng Vicem Hà Tiên,2023,HT1_financial_statements_2023_consolidated,consolidated,HT1/2023/HT1_financial_statements_2023_consolidated/HT1_financial_statements_2023_consolidated_extracted.txt
HT1,CTCP Xi Măng Vicem Hà Tiên,2023,HT1_financial_statements_2023_separate,separate,HT1/2023/HT1_financial_statements_2023_separate/HT1_financial_statements_2023_separate_extracted.txt
HT1,CTCP Xi Măng Vicem Hà Tiên,2024,HT1_financial_statements_2024_consolidated,consolidated,HT1/2024/HT1_financial_statements_2024_consolidated/HT1_financial_statements_2024_consolidated_extracted.txt
HT1,CTCP Xi Măng Vicem Hà Tiên,2024,HT1_financial_statements_2024_separate,separate,HT1/2024/HT1_financial_statements_2024_separate/HT1_financial_statements_2024_separate_extracted.txt
HT1,CTCP Xi Măng Vicem Hà Tiên,2025,HT1_financial_statements_2025_consolidated,consolidated,HT1/2025/HT1_financial_statements_2025_consolidated/HT1_financial_statements_2025_consolidated_extracted.txt
HT1,CTCP Xi Măng Vicem Hà Tiên,2025,HT1_financial_statements_2025_separate,separate,HT1/2025/HT1_financial_statements_2025_separate/HT1_financial_statements_2025_separate_extracted.txt
HUT,CTCP Tasco,2015,HUT_financial_statements_2015_consolidated,consolidated,HUT/2015/HUT_financial_statements_2015_consolidated/HUT_financial_statements_2015_consolidated_extracted.txt
HUT,CTCP Tasco,2015,HUT_financial_statements_2015_separate,separate,HUT/2015/HUT_financial_statements_2015_separate/HUT_financial_statements_2015_separate_extracted.txt
HUT,CTCP Tasco,2016,HUT_financial_statements_2016_consolidated,consolidated,HUT/2016/HUT_financial_statements_2016_consolidated/HUT_financial_statements_2016_consolidated_extracted.txt
HUT,CTCP Tasco,2016,HUT_financial_statements_2016_separate,separate,HUT/2016/HUT_financial_statements_2016_separate/HUT_financial_statements_2016_separate_extracted.txt
HUT,CTCP Tasco,2017,HUT_financial_statements_2017_consolidated,consolidated,HUT/2017/HUT_financial_statements_2017_consolidated/HUT_financial_statements_2017_consolidated_extracted.txt
HUT,CTCP Tasco,2017,HUT_financial_statements_2017_separate,separate,HUT/2017/HUT_financial_statements_2017_separate/HUT_financial_statements_2017_separate_extracted.txt
HUT,CTCP Tasco,2018,HUT_financial_statements_2018_consolidated,consolidated,HUT/2018/HUT_financial_statements_2018_consolidated/HUT_financial_statements_2018_consolidated_extracted.txt
HUT,CTCP Tasco,2018,HUT_financial_statements_2018_separate,separate,HUT/2018/HUT_financial_statements_2018_separate/HUT_financial_statements_2018_separate_extracted.txt
HUT,CTCP Tasco,2019,HUT_financial_statements_2019_consolidated,consolidated,HUT/2019/HUT_financial_statements_2019_consolidated/HUT_financial_statements_2019_consolidated_extracted.txt
HUT,CTCP Tasco,2019,HUT_financial_statements_2019_separate,separate,HUT/2019/HUT_financial_statements_2019_separate/HUT_financial_statements_2019_separate_extracted.txt
HUT,CTCP Tasco,2020,HUT_financial_statements_2020_consolidated,consolidated,HUT/2020/HUT_financial_statements_2020_consolidated/HUT_financial_statements_2020_consolidated_extracted.txt
HUT,CTCP Tasco,2020,HUT_financial_statements_2020_separate,separate,HUT/2020/HUT_financial_statements_2020_separate/HUT_financial_statements_2020_separate_extracted.txt
HUT,CTCP Tasco,2021,HUT_financial_statements_2021_consolidated,consolidated,HUT/2021/HUT_financial_statements_2021_consolidated/HUT_financial_statements_2021_consolidated_extracted.txt
HUT,CTCP Tasco,2021,HUT_financial_statements_2021_separate,separate,HUT/2021/HUT_financial_statements_2021_separate/HUT_financial_statements_2021_separate_extracted.txt
HUT,CTCP Tasco,2022,HUT_financial_statements_2022_consolidated,consolidated,HUT/2022/HUT_financial_statements_2022_consolidated/HUT_financial_statements_2022_consolidated_extracted.txt
HUT,CTCP Tasco,2022,HUT_financial_statements_2022_separate,separate,HUT/2022/HUT_financial_statements_2022_separate/HUT_financial_statements_2022_separate_extracted.txt
HUT,CTCP Tasco,2023,HUT_financial_statements_2023_consolidated,consolidated,HUT/2023/HUT_financial_statements_2023_consolidated/HUT_financial_statements_2023_consolidated_extracted.txt
HUT,CTCP Tasco,2023,HUT_financial_statements_2023_separate,separate,HUT/2023/HUT_financial_statements_2023_separate/HUT_financial_statements_2023_separate_extracted.txt
HUT,CTCP Tasco,2024,HUT_financial_statements_2024_consolidated,consolidated,HUT/2024/HUT_financial_statements_2024_consolidated/HUT_financial_statements_2024_consolidated_extracted.txt
HUT,CTCP Tasco,2024,HUT_financial_statements_2024_separate,separate,HUT/2024/HUT_financial_statements_2024_separate/HUT_financial_statements_2024_separate_extracted.txt
HUT,CTCP Tasco,2025,HUT_financial_statements_2025_consolidated,consolidated,HUT/2025/HUT_financial_statements_2025_consolidated/HUT_financial_statements_2025_consolidated_extracted.txt
HUT,CTCP Tasco,2025,HUT_financial_statements_2025_separate,separate,HUT/2025/HUT_financial_statements_2025_separate/HUT_financial_statements_2025_separate_extracted.txt
IJC,CTCP Phát triển Hạ tầng Kỹ thuật,2015,IJC_financial_statements_2015_consolidated,consolidated,IJC/2015/IJC_financial_statements_2015_consolidated/IJC_financial_statements_2015_consolidated_extracted.txt
IJC,CTCP Phát triển Hạ tầng Kỹ thuật,2015,IJC_financial_statements_2015_separate,separate,IJC/2015/IJC_financial_statements_2015_separate/IJC_financial_statements_2015_separate_extracted.txt
IJC,CTCP Phát triển Hạ tầng Kỹ thuật,2016,IJC_financial_statements_2016_consolidated,consolidated,IJC/2016/IJC_financial_statements_2016_consolidated/IJC_financial_statements_2016_consolidated_extracted.txt
IJC,CTCP Phát triển Hạ tầng Kỹ thuật,2016,IJC_financial_statements_2016_separate,separate,IJC/2016/IJC_financial_statements_2016_separate/IJC_financial_statements_2016_separate_extracted.txt
IJC,CTCP Phát triển Hạ tầng Kỹ thuật,2017,IJC_financial_statements_2017_consolidated,consolidated,IJC/2017/IJC_financial_statements_2017_consolidated/IJC_financial_statements_2017_consolidated_extracted.txt
IJC,CTCP Phát triển Hạ tầng Kỹ thuật,2017,IJC_financial_statements_2017_separate,separate,IJC/2017/IJC_financial_statements_2017_separate/IJC_financial_statements_2017_separate_extracted.txt
IJC,CTCP Phát triển Hạ tầng Kỹ thuật,2018,IJC_financial_statements_2018_consolidated,consolidated,IJC/2018/IJC_financial_statements_2018_consolidated/IJC_financial_statements_2018_consolidated_extracted.txt
IJC,CTCP Phát triển Hạ tầng Kỹ thuật,2018,IJC_financial_statements_2018_separate,separate,IJC/2018/IJC_financial_statements_2018_separate/IJC_financial_statements_2018_separate_extracted.txt
IJC,CTCP Phát triển Hạ tầng Kỹ thuật,2019,IJC_financial_statements_2019_consolidated,consolidated,IJC/2019/IJC_financial_statements_2019_consolidated/IJC_financial_statements_2019_consolidated_extracted.txt
IJC,CTCP Phát triển Hạ tầng Kỹ thuật,2019,IJC_financial_statements_2019_separate,separate,IJC/2019/IJC_financial_statements_2019_separate/IJC_financial_statements_2019_separate_extracted.txt
IJC,CTCP Phát triển Hạ tầng Kỹ thuật,2020,IJC_financial_statements_2020_consolidated,consolidated,IJC/2020/IJC_financial_statements_2020_consolidated/IJC_financial_statements_2020_consolidated_extracted.txt
IJC,CTCP Phát triển Hạ tầng Kỹ thuật,2020,IJC_financial_statements_2020_separate,separate,IJC/2020/IJC_financial_statements_2020_separate/IJC_financial_statements_2020_separate_extracted.txt
IJC,CTCP Phát triển Hạ tầng Kỹ thuật,2021,IJC_financial_statements_2021_consolidated,consolidated,IJC/2021/IJC_financial_statements_2021_consolidated/IJC_financial_statements_2021_consolidated_extracted.txt
IJC,CTCP Phát triển Hạ tầng Kỹ thuật,2021,IJC_financial_statements_2021_separate,separate,IJC/2021/IJC_financial_statements_2021_separate/IJC_financial_statements_2021_separate_extracted.txt
IJC,CTCP Phát triển Hạ tầng Kỹ thuật,2022,IJC_financial_statements_2022_separate,separate,IJC/2022/IJC_financial_statements_2022_separate/IJC_financial_statements_2022_separate_extracted.txt
IJC,CTCP Phát triển Hạ tầng Kỹ thuật,2023,IJC_financial_statements_2023_separate,separate,IJC/2023/IJC_financial_statements_2023_separate/IJC_financial_statements_2023_separate_extracted.txt
IJC,CTCP Phát triển Hạ tầng Kỹ thuật,2024,IJC_financial_statements_2024_consolidated,consolidated,IJC/2024/IJC_financial_statements_2024_consolidated/IJC_financial_statements_2024_consolidated_extracted.txt
IJC,CTCP Phát triển Hạ tầng Kỹ thuật,2024,IJC_financial_statements_2024_separate,separate,IJC/2024/IJC_financial_statements_2024_separate/IJC_financial_statements_2024_separate_extracted.txt
IJC,CTCP Phát triển Hạ tầng Kỹ thuật,2025,IJC_financial_statements_2025_consolidated,consolidated,IJC/2025/IJC_financial_statements_2025_consolidated/IJC_financial_statements_2025_consolidated_extracted.txt
IJC,CTCP Phát triển Hạ tầng Kỹ thuật,2025,IJC_financial_statements_2025_separate,separate,IJC/2025/IJC_financial_statements_2025_separate/IJC_financial_statements_2025_separate_extracted.txt
KBC,Tổng Công ty Phát triển Đô thị Kinh Bắc - CTCP,2015,KBC_financial_statements_2015_consolidated,consolidated,KBC/2015/KBC_financial_statements_2015_consolidated/KBC_financial_statements_2015_consolidated_extracted.txt
KBC,Tổng Công ty Phát triển Đô thị Kinh Bắc - CTCP,2015,KBC_financial_statements_2015_separate,separate,KBC/2015/KBC_financial_statements_2015_separate/KBC_financial_statements_2015_separate_extracted.txt
KBC,Tổng Công ty Phát triển Đô thị Kinh Bắc - CTCP,2016,KBC_financial_statements_2016_consolidated,consolidated,KBC/2016/KBC_financial_statements_2016_consolidated/KBC_financial_statements_2016_consolidated_extracted.txt
KBC,Tổng Công ty Phát triển Đô thị Kinh Bắc - CTCP,2016,KBC_financial_statements_2016_separate,separate,KBC/2016/KBC_financial_statements_2016_separate/KBC_financial_statements_2016_separate_extracted.txt
KBC,Tổng Công ty Phát triển Đô thị Kinh Bắc - CTCP,2017,KBC_financial_statements_2017_consolidated,consolidated,KBC/2017/KBC_financial_statements_2017_consolidated/KBC_financial_statements_2017_consolidated_extracted.txt
KBC,Tổng Công ty Phát triển Đô thị Kinh Bắc - CTCP,2017,KBC_financial_statements_2017_separate,separate,KBC/2017/KBC_financial_statements_2017_separate/KBC_financial_statements_2017_separate_extracted.txt
KBC,Tổng Công ty Phát triển Đô thị Kinh Bắc - CTCP,2018,KBC_financial_statements_2018_consolidated,consolidated,KBC/2018/KBC_financial_statements_2018_consolidated/KBC_financial_statements_2018_consolidated_extracted.txt
KBC,Tổng Công ty Phát triển Đô thị Kinh Bắc - CTCP,2018,KBC_financial_statements_2018_separate,separate,KBC/2018/KBC_financial_statements_2018_separate/KBC_financial_statements_2018_separate_extracted.txt
KBC,Tổng Công ty Phát triển Đô thị Kinh Bắc - CTCP,2019,KBC_financial_statements_2019_consolidated,consolidated,KBC/2019/KBC_financial_statements_2019_consolidated/KBC_financial_statements_2019_consolidated_extracted.txt
KBC,Tổng Công ty Phát triển Đô thị Kinh Bắc - CTCP,2019,KBC_financial_statements_2019_separate,separate,KBC/2019/KBC_financial_statements_2019_separate/KBC_financial_statements_2019_separate_extracted.txt
KBC,Tổng Công ty Phát triển Đô thị Kinh Bắc - CTCP,2020,KBC_financial_statements_2020_consolidated,consolidated,KBC/2020/KBC_financial_statements_2020_consolidated/KBC_financial_statements_2020_consolidated_extracted.txt
KBC,Tổng Công ty Phát triển Đô thị Kinh Bắc - CTCP,2020,KBC_financial_statements_2020_separate,separate,KBC/2020/KBC_financial_statements_2020_separate/KBC_financial_statements_2020_separate_extracted.txt
KBC,Tổng Công ty Phát triển Đô thị Kinh Bắc - CTCP,2021,KBC_financial_statements_2021_consolidated,consolidated,KBC/2021/KBC_financial_statements_2021_consolidated/KBC_financial_statements_2021_consolidated_extracted.txt
KBC,Tổng Công ty Phát triển Đô thị Kinh Bắc - CTCP,2021,KBC_financial_statements_2021_separate,separate,KBC/2021/KBC_financial_statements_2021_separate/KBC_financial_statements_2021_separate_extracted.txt
KBC,Tổng Công ty Phát triển Đô thị Kinh Bắc - CTCP,2022,KBC_financial_statements_2022_consolidated,consolidated,KBC/2022/KBC_financial_statements_2022_consolidated/KBC_financial_statements_2022_consolidated_extracted.txt
KBC,Tổng Công ty Phát triển Đô thị Kinh Bắc - CTCP,2022,KBC_financial_statements_2022_separate,separate,KBC/2022/KBC_financial_statements_2022_separate/KBC_financial_statements_2022_separate_extracted.txt
KBC,Tổng Công ty Phát triển Đô thị Kinh Bắc - CTCP,2023,KBC_financial_statements_2023_consolidated,consolidated,KBC/2023/KBC_financial_statements_2023_consolidated/KBC_financial_statements_2023_consolidated_extracted.txt
KBC,Tổng Công ty Phát triển Đô thị Kinh Bắc - CTCP,2023,KBC_financial_statements_2023_separate,separate,KBC/2023/KBC_financial_statements_2023_separate/KBC_financial_statements_2023_separate_extracted.txt
KBC,Tổng Công ty Phát triển Đô thị Kinh Bắc - CTCP,2024,KBC_financial_statements_2024_consolidated,consolidated,KBC/2024/KBC_financial_statements_2024_consolidated/KBC_financial_statements_2024_consolidated_extracted.txt
KBC,Tổng Công ty Phát triển Đô thị Kinh Bắc - CTCP,2024,KBC_financial_statements_2024_separate,separate,KBC/2024/KBC_financial_statements_2024_separate/KBC_financial_statements_2024_separate_extracted.txt
KBC,Tổng Công ty Phát triển Đô thị Kinh Bắc - CTCP,2025,KBC_financial_statements_2025_consolidated,consolidated,KBC/2025/KBC_financial_statements_2025_consolidated/KBC_financial_statements_2025_consolidated_extracted.txt
KBC,Tổng Công ty Phát triển Đô thị Kinh Bắc - CTCP,2025,KBC_financial_statements_2025_separate,separate,KBC/2025/KBC_financial_statements_2025_separate/KBC_financial_statements_2025_separate_extracted.txt
KHG,CTCP Tập đoàn Khải Hoàn Land,2019,KHG_financial_statements_2019_consolidated,consolidated,KHG/2019/KHG_financial_statements_2019_consolidated/KHG_financial_statements_2019_consolidated_extracted.txt
KHG,CTCP Tập đoàn Khải Hoàn Land,2019,KHG_financial_statements_2019_separate,separate,KHG/2019/KHG_financial_statements_2019_separate/KHG_financial_statements_2019_separate_extracted.txt
KHG,CTCP Tập đoàn Khải Hoàn Land,2020,KHG_financial_statements_2020_consolidated,consolidated,KHG/2020/KHG_financial_statements_2020_consolidated/KHG_financial_statements_2020_consolidated_extracted.txt
KHG,CTCP Tập đoàn Khải Hoàn Land,2020,KHG_financial_statements_2020_separate,separate,KHG/2020/KHG_financial_statements_2020_separate/KHG_financial_statements_2020_separate_extracted.txt
KHG,CTCP Tập đoàn Khải Hoàn Land,2021,KHG_financial_statements_2021_consolidated,consolidated,KHG/2021/KHG_financial_statements_2021_consolidated/KHG_financial_statements_2021_consolidated_extracted.txt
KHG,CTCP Tập đoàn Khải Hoàn Land,2021,KHG_financial_statements_2021_separate,separate,KHG/2021/KHG_financial_statements_2021_separate/KHG_financial_statements_2021_separate_extracted.txt
KHG,CTCP Tập đoàn Khải Hoàn Land,2022,KHG_financial_statements_2022_consolidated,consolidated,KHG/2022/KHG_financial_statements_2022_consolidated/KHG_financial_statements_2022_consolidated_extracted.txt
KHG,CTCP Tập đoàn Khải Hoàn Land,2022,KHG_financial_statements_2022_separate,separate,KHG/2022/KHG_financial_statements_2022_separate/KHG_financial_statements_2022_separate_extracted.txt
KHG,CTCP Tập đoàn Khải Hoàn Land,2023,KHG_financial_statements_2023_consolidated,consolidated,KHG/2023/KHG_financial_statements_2023_consolidated/KHG_financial_statements_2023_consolidated_extracted.txt
KHG,CTCP Tập đoàn Khải Hoàn Land,2023,KHG_financial_statements_2023_separate,separate,KHG/2023/KHG_financial_statements_2023_separate/KHG_financial_statements_2023_separate_extracted.txt
KHG,CTCP Tập đoàn Khải Hoàn Land,2024,KHG_financial_statements_2024_consolidated,consolidated,KHG/2024/KHG_financial_statements_2024_consolidated/KHG_financial_statements_2024_consolidated_extracted.txt
KHG,CTCP Tập đoàn Khải Hoàn Land,2024,KHG_financial_statements_2024_separate,separate,KHG/2024/KHG_financial_statements_2024_separate/KHG_financial_statements_2024_separate_extracted.txt
KHG,CTCP Tập đoàn Khải Hoàn Land,2025,KHG_financial_statements_2025_consolidated,consolidated,KHG/2025/KHG_financial_statements_2025_consolidated/KHG_financial_statements_2025_consolidated_extracted.txt
KHG,CTCP Tập đoàn Khải Hoàn Land,2025,KHG_financial_statements_2025_separate,separate,KHG/2025/KHG_financial_statements_2025_separate/KHG_financial_statements_2025_separate_extracted.txt
KLB,Ngân hàng TMCP Kiên Long,2016,KLB_financial_statements_2016_consolidated,consolidated,KLB/2016/KLB_financial_statements_2016_consolidated/KLB_financial_statements_2016_consolidated_extracted.txt
KLB,Ngân hàng TMCP Kiên Long,2016,KLB_financial_statements_2016_separate,separate,KLB/2016/KLB_financial_statements_2016_separate/KLB_financial_statements_2016_separate_extracted.txt
KLB,Ngân hàng TMCP Kiên Long,2017,KLB_financial_statements_2017_consolidated,consolidated,KLB/2017/KLB_financial_statements_2017_consolidated/KLB_financial_statements_2017_consolidated_extracted.txt
KLB,Ngân hàng TMCP Kiên Long,2017,KLB_financial_statements_2017_separate,separate,KLB/2017/KLB_financial_statements_2017_separate/KLB_financial_statements_2017_separate_extracted.txt
KLB,Ngân hàng TMCP Kiên Long,2018,KLB_financial_statements_2018_consolidated,consolidated,KLB/2018/KLB_financial_statements_2018_consolidated/KLB_financial_statements_2018_consolidated_extracted.txt
KLB,Ngân hàng TMCP Kiên Long,2018,KLB_financial_statements_2018_separate,separate,KLB/2018/KLB_financial_statements_2018_separate/KLB_financial_statements_2018_separate_extracted.txt
KLB,Ngân hàng TMCP Kiên Long,2019,KLB_financial_statements_2019_consolidated,consolidated,KLB/2019/KLB_financial_statements_2019_consolidated/KLB_financial_statements_2019_consolidated_extracted.txt
KLB,Ngân hàng TMCP Kiên Long,2019,KLB_financial_statements_2019_separate,separate,KLB/2019/KLB_financial_statements_2019_separate/KLB_financial_statements_2019_separate_extracted.txt
KLB,Ngân hàng TMCP Kiên Long,2020,KLB_financial_statements_2020_consolidated,consolidated,KLB/2020/KLB_financial_statements_2020_consolidated/KLB_financial_statements_2020_consolidated_extracted.txt
KLB,Ngân hàng TMCP Kiên Long,2020,KLB_financial_statements_2020_separate,separate,KLB/2020/KLB_financial_statements_2020_separate/KLB_financial_statements_2020_separate_extracted.txt
KLB,Ngân hàng TMCP Kiên Long,2021,KLB_financial_statements_2021_consolidated,consolidated,KLB/2021/KLB_financial_statements_2021_consolidated/KLB_financial_statements_2021_consolidated_extracted.txt
KLB,Ngân hàng TMCP Kiên Long,2021,KLB_financial_statements_2021_separate,separate,KLB/2021/KLB_financial_statements_2021_separate/KLB_financial_statements_2021_separate_extracted.txt
KLB,Ngân hàng TMCP Kiên Long,2022,KLB_financial_statements_2022_consolidated,consolidated,KLB/2022/KLB_financial_statements_2022_consolidated/KLB_financial_statements_2022_consolidated_extracted.txt
KLB,Ngân hàng TMCP Kiên Long,2022,KLB_financial_statements_2022_separate,separate,KLB/2022/KLB_financial_statements_2022_separate/KLB_financial_statements_2022_separate_extracted.txt
KLB,Ngân hàng TMCP Kiên Long,2023,KLB_financial_statements_2023_consolidated,consolidated,KLB/2023/KLB_financial_statements_2023_consolidated/KLB_financial_statements_2023_consolidated_extracted.txt
KLB,Ngân hàng TMCP Kiên Long,2023,KLB_financial_statements_2023_separate,separate,KLB/2023/KLB_financial_statements_2023_separate/KLB_financial_statements_2023_separate_extracted.txt
KLB,Ngân hàng TMCP Kiên Long,2024,KLB_financial_statements_2024_consolidated,consolidated,KLB/2024/KLB_financial_statements_2024_consolidated/KLB_financial_statements_2024_consolidated_extracted.txt
KLB,Ngân hàng TMCP Kiên Long,2024,KLB_financial_statements_2024_separate,separate,KLB/2024/KLB_financial_statements_2024_separate/KLB_financial_statements_2024_separate_extracted.txt
KLB,Ngân hàng TMCP Kiên Long,2025,KLB_financial_statements_2025_consolidated,consolidated,KLB/2025/KLB_financial_statements_2025_consolidated/KLB_financial_statements_2025_consolidated_extracted.txt
KLB,Ngân hàng TMCP Kiên Long,2025,KLB_financial_statements_2025_separate,separate,KLB/2025/KLB_financial_statements_2025_separate/KLB_financial_statements_2025_separate_extracted.txt
MBB,Ngân hàng TMCP Quân đội,2015,MBB_financial_statements_2015_consolidated,consolidated,MBB/2015/MBB_financial_statements_2015_consolidated/MBB_financial_statements_2015_consolidated_extracted.txt
MBB,Ngân hàng TMCP Quân đội,2015,MBB_financial_statements_2015_separate,separate,MBB/2015/MBB_financial_statements_2015_separate/MBB_financial_statements_2015_separate_extracted.txt
MBB,Ngân hàng TMCP Quân đội,2016,MBB_financial_statements_2016_consolidated,consolidated,MBB/2016/MBB_financial_statements_2016_consolidated/MBB_financial_statements_2016_consolidated_extracted.txt
MBB,Ngân hàng TMCP Quân đội,2016,MBB_financial_statements_2016_separate,separate,MBB/2016/MBB_financial_statements_2016_separate/MBB_financial_statements_2016_separate_extracted.txt
MBB,Ngân hàng TMCP Quân đội,2017,MBB_financial_statements_2017_consolidated,consolidated,MBB/2017/MBB_financial_statements_2017_consolidated/MBB_financial_statements_2017_consolidated_extracted.txt
MBB,Ngân hàng TMCP Quân đội,2017,MBB_financial_statements_2017_separate,separate,MBB/2017/MBB_financial_statements_2017_separate/MBB_financial_statements_2017_separate_extracted.txt
MBB,Ngân hàng TMCP Quân đội,2018,MBB_financial_statements_2018_consolidated,consolidated,MBB/2018/MBB_financial_statements_2018_consolidated/MBB_financial_statements_2018_consolidated_extracted.txt
MBB,Ngân hàng TMCP Quân đội,2018,MBB_financial_statements_2018_separate,separate,MBB/2018/MBB_financial_statements_2018_separate/MBB_financial_statements_2018_separate_extracted.txt
MBB,Ngân hàng TMCP Quân đội,2019,MBB_financial_statements_2019_consolidated,consolidated,MBB/2019/MBB_financial_statements_2019_consolidated/MBB_financial_statements_2019_consolidated_extracted.txt
MBB,Ngân hàng TMCP Quân đội,2019,MBB_financial_statements_2019_separate,separate,MBB/2019/MBB_financial_statements_2019_separate/MBB_financial_statements_2019_separate_extracted.txt
MBB,Ngân hàng TMCP Quân đội,2020,MBB_financial_statements_2020_consolidated,consolidated,MBB/2020/MBB_financial_statements_2020_consolidated/MBB_financial_statements_2020_consolidated_extracted.txt
MBB,Ngân hàng TMCP Quân đội,2020,MBB_financial_statements_2020_separate,separate,MBB/2020/MBB_financial_statements_2020_separate/MBB_financial_statements_2020_separate_extracted.txt
MBB,Ngân hàng TMCP Quân đội,2021,MBB_financial_statements_2021_consolidated,consolidated,MBB/2021/MBB_financial_statements_2021_consolidated/MBB_financial_statements_2021_consolidated_extracted.txt
MBB,Ngân hàng TMCP Quân đội,2021,MBB_financial_statements_2021_separate,separate,MBB/2021/MBB_financial_statements_2021_separate/MBB_financial_statements_2021_separate_extracted.txt
MBB,Ngân hàng TMCP Quân đội,2022,MBB_financial_statements_2022_consolidated,consolidated,MBB/2022/MBB_financial_statements_2022_consolidated/MBB_financial_statements_2022_consolidated_extracted.txt
MBB,Ngân hàng TMCP Quân đội,2022,MBB_financial_statements_2022_separate_1,separate,MBB/2022/MBB_financial_statements_2022_separate_1/MBB_financial_statements_2022_separate_1_extracted.txt
MBB,Ngân hàng TMCP Quân đội,2022,MBB_financial_statements_2022_separate_2,separate,MBB/2022/MBB_financial_statements_2022_separate_2/MBB_financial_statements_2022_separate_2_extracted.txt
MBB,Ngân hàng TMCP Quân đội,2023,MBB_financial_statements_2023_consolidated,consolidated,MBB/2023/MBB_financial_statements_2023_consolidated/MBB_financial_statements_2023_consolidated_extracted.txt
MBB,Ngân hàng TMCP Quân đội,2023,MBB_financial_statements_2023_separate,separate,MBB/2023/MBB_financial_statements_2023_separate/MBB_financial_statements_2023_separate_extracted.txt
MBB,Ngân hàng TMCP Quân đội,2024,MBB_financial_statements_2024_consolidated,consolidated,MBB/2024/MBB_financial_statements_2024_consolidated/MBB_financial_statements_2024_consolidated_extracted.txt
MBB,Ngân hàng TMCP Quân đội,2024,MBB_financial_statements_2024_separate,separate,MBB/2024/MBB_financial_statements_2024_separate/MBB_financial_statements_2024_separate_extracted.txt
MBB,Ngân hàng TMCP Quân đội,2025,MBB_financial_statements_2025_consolidated,consolidated,MBB/2025/MBB_financial_statements_2025_consolidated/MBB_financial_statements_2025_consolidated_extracted.txt
MBB,Ngân hàng TMCP Quân đội,2025,MBB_financial_statements_2025_separate,separate,MBB/2025/MBB_financial_statements_2025_separate/MBB_financial_statements_2025_separate_extracted.txt
MBS,CTCP Chứng khoán MB,2016,MBS_financial_statements_2016,other,MBS/2016/MBS_financial_statements_2016/MBS_financial_statements_2016_extracted.txt
MBS,CTCP Chứng khoán MB,2017,MBS_financial_statements_2017,other,MBS/2017/MBS_financial_statements_2017/MBS_financial_statements_2017_extracted.txt
MBS,CTCP Chứng khoán MB,2018,MBS_financial_statements_2018,other,MBS/2018/MBS_financial_statements_2018/MBS_financial_statements_2018_extracted.txt
MBS,CTCP Chứng khoán MB,2019,MBS_financial_statements_2019,other,MBS/2019/MBS_financial_statements_2019/MBS_financial_statements_2019_extracted.txt
MBS,CTCP Chứng khoán MB,2020,MBS_financial_statements_2020,other,MBS/2020/MBS_financial_statements_2020/MBS_financial_statements_2020_extracted.txt
MBS,CTCP Chứng khoán MB,2021,MBS_financial_statements_2021,other,MBS/2021/MBS_financial_statements_2021/MBS_financial_statements_2021_extracted.txt
MBS,CTCP Chứng khoán MB,2022,MBS_financial_statements_2022,other,MBS/2022/MBS_financial_statements_2022/MBS_financial_statements_2022_extracted.txt
MBS,CTCP Chứng khoán MB,2023,MBS_financial_statements_2023,other,MBS/2023/MBS_financial_statements_2023/MBS_financial_statements_2023_extracted.txt
MBS,CTCP Chứng khoán MB,2024,MBS_financial_statements_2024,other,MBS/2024/MBS_financial_statements_2024/MBS_financial_statements_2024_extracted.txt
MBS,CTCP Chứng khoán MB,2025,MBS_financial_statements_2025,other,MBS/2025/MBS_financial_statements_2025/MBS_financial_statements_2025_extracted.txt
MCH,CTCP Hàng tiêu dùng Masan,2016,MCH_financial_statements_2016_consolidated,consolidated,MCH/2016/MCH_financial_statements_2016_consolidated/MCH_financial_statements_2016_consolidated_extracted.txt
MCH,CTCP Hàng tiêu dùng Masan,2016,MCH_financial_statements_2016_separate,separate,MCH/2016/MCH_financial_statements_2016_separate/MCH_financial_statements_2016_separate_extracted.txt
MCH,CTCP Hàng tiêu dùng Masan,2017,MCH_financial_statements_2017_consolidated,consolidated,MCH/2017/MCH_financial_statements_2017_consolidated/MCH_financial_statements_2017_consolidated_extracted.txt
MCH,CTCP Hàng tiêu dùng Masan,2017,MCH_financial_statements_2017_separate,separate,MCH/2017/MCH_financial_statements_2017_separate/MCH_financial_statements_2017_separate_extracted.txt
MCH,CTCP Hàng tiêu dùng Masan,2018,MCH_financial_statements_2018_consolidated,consolidated,MCH/2018/MCH_financial_statements_2018_consolidated/MCH_financial_statements_2018_consolidated_extracted.txt
MCH,CTCP Hàng tiêu dùng Masan,2018,MCH_financial_statements_2018_separate,separate,MCH/2018/MCH_financial_statements_2018_separate/MCH_financial_statements_2018_separate_extracted.txt
MCH,CTCP Hàng tiêu dùng Masan,2019,MCH_financial_statements_2019_consolidated,consolidated,MCH/2019/MCH_financial_statements_2019_consolidated/MCH_financial_statements_2019_consolidated_extracted.txt
MCH,CTCP Hàng tiêu dùng Masan,2019,MCH_financial_statements_2019_separate,separate,MCH/2019/MCH_financial_statements_2019_separate/MCH_financial_statements_2019_separate_extracted.txt
MCH,CTCP Hàng tiêu dùng Masan,2020,MCH_financial_statements_2020_consolidated,consolidated,MCH/2020/MCH_financial_statements_2020_consolidated/MCH_financial_statements_2020_consolidated_extracted.txt
MCH,CTCP Hàng tiêu dùng Masan,2020,MCH_financial_statements_2020_separate,separate,MCH/2020/MCH_financial_statements_2020_separate/MCH_financial_statements_2020_separate_extracted.txt
MCH,CTCP Hàng tiêu dùng Masan,2021,MCH_financial_statements_2021_consolidated,consolidated,MCH/2021/MCH_financial_statements_2021_consolidated/MCH_financial_statements_2021_consolidated_extracted.txt
MCH,CTCP Hàng tiêu dùng Masan,2021,MCH_financial_statements_2021_separate,separate,MCH/2021/MCH_financial_statements_2021_separate/MCH_financial_statements_2021_separate_extracted.txt
MCH,CTCP Hàng tiêu dùng Masan,2022,MCH_financial_statements_2022_consolidated,consolidated,MCH/2022/MCH_financial_statements_2022_consolidated/MCH_financial_statements_2022_consolidated_extracted.txt
MCH,CTCP Hàng tiêu dùng Masan,2022,MCH_financial_statements_2022_separate,separate,MCH/2022/MCH_financial_statements_2022_separate/MCH_financial_statements_2022_separate_extracted.txt
MCH,CTCP Hàng tiêu dùng Masan,2023,MCH_financial_statements_2023_consolidated,consolidated,MCH/2023/MCH_financial_statements_2023_consolidated/MCH_financial_statements_2023_consolidated_extracted.txt
MCH,CTCP Hàng tiêu dùng Masan,2023,MCH_financial_statements_2023_separate,separate,MCH/2023/MCH_financial_statements_2023_separate/MCH_financial_statements_2023_separate_extracted.txt
MCH,CTCP Hàng tiêu dùng Masan,2024,MCH_2024_financial_statement_explanations_1,other,MCH/2024/MCH_2024_financial_statement_explanations_1/MCH_2024_financial_statement_explanations_1_extracted.txt
MCH,CTCP Hàng tiêu dùng Masan,2024,MCH_2024_financial_statement_explanations_2,other,MCH/2024/MCH_2024_financial_statement_explanations_2/MCH_2024_financial_statement_explanations_2_extracted.txt
MCH,CTCP Hàng tiêu dùng Masan,2024,MCH_financial_statements_2024_consolidated,consolidated,MCH/2024/MCH_financial_statements_2024_consolidated/MCH_financial_statements_2024_consolidated_extracted.txt
MCH,CTCP Hàng tiêu dùng Masan,2024,MCH_financial_statements_2024_separate,separate,MCH/2024/MCH_financial_statements_2024_separate/MCH_financial_statements_2024_separate_extracted.txt
MCH,CTCP Hàng tiêu dùng Masan,2025,MCH_financial_statements_2025_consolidated,consolidated,MCH/2025/MCH_financial_statements_2025_consolidated/MCH_financial_statements_2025_consolidated_extracted.txt
MCH,CTCP Hàng tiêu dùng Masan,2025,MCH_financial_statements_2025_separate,separate,MCH/2025/MCH_financial_statements_2025_separate/MCH_financial_statements_2025_separate_extracted.txt
MML,CTCP Masan MeatLife,2017,MML_financial_statements_2017_consolidated,consolidated,MML/2017/MML_financial_statements_2017_consolidated/MML_financial_statements_2017_consolidated_extracted.txt
MML,CTCP Masan MeatLife,2017,MML_financial_statements_2017_separate,separate,MML/2017/MML_financial_statements_2017_separate/MML_financial_statements_2017_separate_extracted.txt
MML,CTCP Masan MeatLife,2018,MML_financial_statements_2018_consolidated,consolidated,MML/2018/MML_financial_statements_2018_consolidated/MML_financial_statements_2018_consolidated_extracted.txt
MML,CTCP Masan MeatLife,2019,MML_financial_statements_2019_consolidated,consolidated,MML/2019/MML_financial_statements_2019_consolidated/MML_financial_statements_2019_consolidated_extracted.txt
MML,CTCP Masan MeatLife,2019,MML_financial_statements_2019_separate,separate,MML/2019/MML_financial_statements_2019_separate/MML_financial_statements_2019_separate_extracted.txt
MML,CTCP Masan MeatLife,2020,MML_financial_statements_2020_consolidated,consolidated,MML/2020/MML_financial_statements_2020_consolidated/MML_financial_statements_2020_consolidated_extracted.txt
MML,CTCP Masan MeatLife,2020,MML_financial_statements_2020_separate,separate,MML/2020/MML_financial_statements_2020_separate/MML_financial_statements_2020_separate_extracted.txt
MML,CTCP Masan MeatLife,2021,MML_financial_statements_2021_consolidated,consolidated,MML/2021/MML_financial_statements_2021_consolidated/MML_financial_statements_2021_consolidated_extracted.txt
MML,CTCP Masan MeatLife,2021,MML_financial_statements_2021_separate,separate,MML/2021/MML_financial_statements_2021_separate/MML_financial_statements_2021_separate_extracted.txt
MML,CTCP Masan MeatLife,2022,MML_financial_statements_2022_consolidated,consolidated,MML/2022/MML_financial_statements_2022_consolidated/MML_financial_statements_2022_consolidated_extracted.txt
MML,CTCP Masan MeatLife,2022,MML_financial_statements_2022_separate,separate,MML/2022/MML_financial_statements_2022_separate/MML_financial_statements_2022_separate_extracted.txt
MML,CTCP Masan MeatLife,2023,MML_financial_statements_2023_consolidated,consolidated,MML/2023/MML_financial_statements_2023_consolidated/MML_financial_statements_2023_consolidated_extracted.txt
MML,CTCP Masan MeatLife,2023,MML_financial_statements_2023_separate,separate,MML/2023/MML_financial_statements_2023_separate/MML_financial_statements_2023_separate_extracted.txt
MML,CTCP Masan MeatLife,2024,MML_financial_statements_2024_consolidated,consolidated,MML/2024/MML_financial_statements_2024_consolidated/MML_financial_statements_2024_consolidated_extracted.txt
MML,CTCP Masan MeatLife,2024,MML_financial_statements_2024_separate,separate,MML/2024/MML_financial_statements_2024_separate/MML_financial_statements_2024_separate_extracted.txt
MML,CTCP Masan MeatLife,2025,MML_financial_statements_2025_consolidated,consolidated,MML/2025/MML_financial_statements_2025_consolidated/MML_financial_statements_2025_consolidated_extracted.txt
MML,CTCP Masan MeatLife,2025,MML_financial_statements_2025_separate,separate,MML/2025/MML_financial_statements_2025_separate/MML_financial_statements_2025_separate_extracted.txt
MPC,CTCP Tập đoàn Thủy sản Minh Phú,2015,MPC_financial_statements_2015_consolidated,consolidated,MPC/2015/MPC_financial_statements_2015_consolidated/MPC_financial_statements_2015_consolidated_extracted.txt
MPC,CTCP Tập đoàn Thủy sản Minh Phú,2016,MPC_financial_statements_2016_consolidated,consolidated,MPC/2016/MPC_financial_statements_2016_consolidated/MPC_financial_statements_2016_consolidated_extracted.txt
MPC,CTCP Tập đoàn Thủy sản Minh Phú,2016,MPC_financial_statements_2016_separate,separate,MPC/2016/MPC_financial_statements_2016_separate/MPC_financial_statements_2016_separate_extracted.txt
MPC,CTCP Tập đoàn Thủy sản Minh Phú,2017,MPC_financial_statements_2017_consolidated,consolidated,MPC/2017/MPC_financial_statements_2017_consolidated/MPC_financial_statements_2017_consolidated_extracted.txt
MPC,CTCP Tập đoàn Thủy sản Minh Phú,2017,MPC_financial_statements_2017_separate,separate,MPC/2017/MPC_financial_statements_2017_separate/MPC_financial_statements_2017_separate_extracted.txt
MPC,CTCP Tập đoàn Thủy sản Minh Phú,2018,MPC_financial_statements_2018_consolidated,consolidated,MPC/2018/MPC_financial_statements_2018_consolidated/MPC_financial_statements_2018_consolidated_extracted.txt
MPC,CTCP Tập đoàn Thủy sản Minh Phú,2018,MPC_financial_statements_2018_separate,separate,MPC/2018/MPC_financial_statements_2018_separate/MPC_financial_statements_2018_separate_extracted.txt
MPC,CTCP Tập đoàn Thủy sản Minh Phú,2019,MPC_financial_statements_2019_consolidated,consolidated,MPC/2019/MPC_financial_statements_2019_consolidated/MPC_financial_statements_2019_consolidated_extracted.txt
MPC,CTCP Tập đoàn Thủy sản Minh Phú,2019,MPC_financial_statements_2019_separate_1,separate,MPC/2019/MPC_financial_statements_2019_separate_1/MPC_financial_statements_2019_separate_1_extracted.txt
MPC,CTCP Tập đoàn Thủy sản Minh Phú,2019,MPC_financial_statements_2019_separate_2,separate,MPC/2019/MPC_financial_statements_2019_separate_2/MPC_financial_statements_2019_separate_2_extracted.txt
MPC,CTCP Tập đoàn Thủy sản Minh Phú,2020,MPC_financial_statements_2020_consolidated,consolidated,MPC/2020/MPC_financial_statements_2020_consolidated/MPC_financial_statements_2020_consolidated_extracted.txt
MPC,CTCP Tập đoàn Thủy sản Minh Phú,2020,MPC_financial_statements_2020_separate,separate,MPC/2020/MPC_financial_statements_2020_separate/MPC_financial_statements_2020_separate_extracted.txt
MPC,CTCP Tập đoàn Thủy sản Minh Phú,2021,MPC_financial_statements_2021_consolidated,consolidated,MPC/2021/MPC_financial_statements_2021_consolidated/MPC_financial_statements_2021_consolidated_extracted.txt
MPC,CTCP Tập đoàn Thủy sản Minh Phú,2021,MPC_financial_statements_2021_separate,separate,MPC/2021/MPC_financial_statements_2021_separate/MPC_financial_statements_2021_separate_extracted.txt
MPC,CTCP Tập đoàn Thủy sản Minh Phú,2022,MPC_financial_statements_2022_consolidated,consolidated,MPC/2022/MPC_financial_statements_2022_consolidated/MPC_financial_statements_2022_consolidated_extracted.txt
MPC,CTCP Tập đoàn Thủy sản Minh Phú,2022,MPC_financial_statements_2022_separate,separate,MPC/2022/MPC_financial_statements_2022_separate/MPC_financial_statements_2022_separate_extracted.txt
MPC,CTCP Tập đoàn Thủy sản Minh Phú,2023,MPC_financial_statements_2023_consolidated,consolidated,MPC/2023/MPC_financial_statements_2023_consolidated/MPC_financial_statements_2023_consolidated_extracted.txt
MPC,CTCP Tập đoàn Thủy sản Minh Phú,2023,MPC_financial_statements_2023_separate,separate,MPC/2023/MPC_financial_statements_2023_separate/MPC_financial_statements_2023_separate_extracted.txt
MPC,CTCP Tập đoàn Thủy sản Minh Phú,2024,MPC_financial_statements_2024_consolidated,consolidated,MPC/2024/MPC_financial_statements_2024_consolidated/MPC_financial_statements_2024_consolidated_extracted.txt
MPC,CTCP Tập đoàn Thủy sản Minh Phú,2024,MPC_financial_statements_2024_separate,separate,MPC/2024/MPC_financial_statements_2024_separate/MPC_financial_statements_2024_separate_extracted.txt
MPC,CTCP Tập đoàn Thủy sản Minh Phú,2025,MPC_financial_statements_2025_consolidated,consolidated,MPC/2025/MPC_financial_statements_2025_consolidated/MPC_financial_statements_2025_consolidated_extracted.txt
MPC,CTCP Tập đoàn Thủy sản Minh Phú,2025,MPC_financial_statements_2025_separate,separate,MPC/2025/MPC_financial_statements_2025_separate/MPC_financial_statements_2025_separate_extracted.txt
MSB,Ngân hàng TMCP Hàng hải Việt Nam,2015,MSB_financial_statements_2015_consolidated,consolidated,MSB/2015/MSB_financial_statements_2015_consolidated/MSB_financial_statements_2015_consolidated_extracted.txt
MSB,Ngân hàng TMCP Hàng hải Việt Nam,2015,MSB_financial_statements_2015_separate,separate,MSB/2015/MSB_financial_statements_2015_separate/MSB_financial_statements_2015_separate_extracted.txt
MSB,Ngân hàng TMCP Hàng hải Việt Nam,2016,MSB_financial_statements_2016_consolidated,consolidated,MSB/2016/MSB_financial_statements_2016_consolidated/MSB_financial_statements_2016_consolidated_extracted.txt
MSB,Ngân hàng TMCP Hàng hải Việt Nam,2016,MSB_financial_statements_2016_separate,separate,MSB/2016/MSB_financial_statements_2016_separate/MSB_financial_statements_2016_separate_extracted.txt
MSB,Ngân hàng TMCP Hàng hải Việt Nam,2017,MSB_financial_statements_2017_consolidated,consolidated,MSB/2017/MSB_financial_statements_2017_consolidated/MSB_financial_statements_2017_consolidated_extracted.txt
MSB,Ngân hàng TMCP Hàng hải Việt Nam,2017,MSB_financial_statements_2017_separate,separate,MSB/2017/MSB_financial_statements_2017_separate/MSB_financial_statements_2017_separate_extracted.txt
MSB,Ngân hàng TMCP Hàng hải Việt Nam,2018,MSB_financial_statements_2018_consolidated,consolidated,MSB/2018/MSB_financial_statements_2018_consolidated/MSB_financial_statements_2018_consolidated_extracted.txt
MSB,Ngân hàng TMCP Hàng hải Việt Nam,2018,MSB_financial_statements_2018_separate,separate,MSB/2018/MSB_financial_statements_2018_separate/MSB_financial_statements_2018_separate_extracted.txt
MSB,Ngân hàng TMCP Hàng hải Việt Nam,2019,MSB_financial_statements_2019_consolidated,consolidated,MSB/2019/MSB_financial_statements_2019_consolidated/MSB_financial_statements_2019_consolidated_extracted.txt
MSB,Ngân hàng TMCP Hàng hải Việt Nam,2019,MSB_financial_statements_2019_separate,separate,MSB/2019/MSB_financial_statements_2019_separate/MSB_financial_statements_2019_separate_extracted.txt
MSB,Ngân hàng TMCP Hàng hải Việt Nam,2020,MSB_financial_statements_2020_consolidated,consolidated,MSB/2020/MSB_financial_statements_2020_consolidated/MSB_financial_statements_2020_consolidated_extracted.txt
MSB,Ngân hàng TMCP Hàng hải Việt Nam,2020,MSB_financial_statements_2020_separate,separate,MSB/2020/MSB_financial_statements_2020_separate/MSB_financial_statements_2020_separate_extracted.txt
MSB,Ngân hàng TMCP Hàng hải Việt Nam,2021,MSB_financial_statements_2021_consolidated,consolidated,MSB/2021/MSB_financial_statements_2021_consolidated/MSB_financial_statements_2021_consolidated_extracted.txt
MSB,Ngân hàng TMCP Hàng hải Việt Nam,2021,MSB_financial_statements_2021_separate,separate,MSB/2021/MSB_financial_statements_2021_separate/MSB_financial_statements_2021_separate_extracted.txt
MSB,Ngân hàng TMCP Hàng hải Việt Nam,2022,MSB_financial_statements_2022_consolidated,consolidated,MSB/2022/MSB_financial_statements_2022_consolidated/MSB_financial_statements_2022_consolidated_extracted.txt
MSB,Ngân hàng TMCP Hàng hải Việt Nam,2022,MSB_financial_statements_2022_separate,separate,MSB/2022/MSB_financial_statements_2022_separate/MSB_financial_statements_2022_separate_extracted.txt
MSB,Ngân hàng TMCP Hàng hải Việt Nam,2023,MSB_financial_statements_2023_consolidated,consolidated,MSB/2023/MSB_financial_statements_2023_consolidated/MSB_financial_statements_2023_consolidated_extracted.txt
MSB,Ngân hàng TMCP Hàng hải Việt Nam,2023,MSB_financial_statements_2023_separate,separate,MSB/2023/MSB_financial_statements_2023_separate/MSB_financial_statements_2023_separate_extracted.txt
MSB,Ngân hàng TMCP Hàng hải Việt Nam,2024,MSB_financial_statements_2024_consolidated,consolidated,MSB/2024/MSB_financial_statements_2024_consolidated/MSB_financial_statements_2024_consolidated_extracted.txt
MSB,Ngân hàng TMCP Hàng hải Việt Nam,2024,MSB_financial_statements_2024_separate,separate,MSB/2024/MSB_financial_statements_2024_separate/MSB_financial_statements_2024_separate_extracted.txt
MSB,Ngân hàng TMCP Hàng hải Việt Nam,2025,MSB_financial_statements_2025_consolidated,consolidated,MSB/2025/MSB_financial_statements_2025_consolidated/MSB_financial_statements_2025_consolidated_extracted.txt
MSB,Ngân hàng TMCP Hàng hải Việt Nam,2025,MSB_financial_statements_2025_separate,separate,MSB/2025/MSB_financial_statements_2025_separate/MSB_financial_statements_2025_separate_extracted.txt
MSN,CTCP Tập đoàn Masan,2015,MSN_financial_statements_2015_consolidated,consolidated,MSN/2015/MSN_financial_statements_2015_consolidated/MSN_financial_statements_2015_consolidated_extracted.txt
MSN,CTCP Tập đoàn Masan,2015,MSN_financial_statements_2015_separate,separate,MSN/2015/MSN_financial_statements_2015_separate/MSN_financial_statements_2015_separate_extracted.txt
MSN,CTCP Tập đoàn Masan,2016,MSN_financial_statements_2016_consolidated,consolidated,MSN/2016/MSN_financial_statements_2016_consolidated/MSN_financial_statements_2016_consolidated_extracted.txt
MSN,CTCP Tập đoàn Masan,2016,MSN_financial_statements_2016_separate,separate,MSN/2016/MSN_financial_statements_2016_separate/MSN_financial_statements_2016_separate_extracted.txt
MSN,CTCP Tập đoàn Masan,2017,MSN_financial_statements_2017_consolidated,consolidated,MSN/2017/MSN_financial_statements_2017_consolidated/MSN_financial_statements_2017_consolidated_extracted.txt
MSN,CTCP Tập đoàn Masan,2017,MSN_financial_statements_2017_separate,separate,MSN/2017/MSN_financial_statements_2017_separate/MSN_financial_statements_2017_separate_extracted.txt
MSN,CTCP Tập đoàn Masan,2018,MSN_financial_statements_2018_consolidated,consolidated,MSN/2018/MSN_financial_statements_2018_consolidated/MSN_financial_statements_2018_consolidated_extracted.txt
MSN,CTCP Tập đoàn Masan,2018,MSN_financial_statements_2018_separate,separate,MSN/2018/MSN_financial_statements_2018_separate/MSN_financial_statements_2018_separate_extracted.txt
MSN,CTCP Tập đoàn Masan,2019,MSN_financial_statements_2019_consolidated,consolidated,MSN/2019/MSN_financial_statements_2019_consolidated/MSN_financial_statements_2019_consolidated_extracted.txt
MSN,CTCP Tập đoàn Masan,2019,MSN_financial_statements_2019_separate,separate,MSN/2019/MSN_financial_statements_2019_separate/MSN_financial_statements_2019_separate_extracted.txt
MSN,CTCP Tập đoàn Masan,2020,MSN_financial_statements_2020_consolidated,consolidated,MSN/2020/MSN_financial_statements_2020_consolidated/MSN_financial_statements_2020_consolidated_extracted.txt
MSN,CTCP Tập đoàn Masan,2020,MSN_financial_statements_2020_separate,separate,MSN/2020/MSN_financial_statements_2020_separate/MSN_financial_statements_2020_separate_extracted.txt
MSN,CTCP Tập đoàn Masan,2021,MSN_financial_statements_2021_consolidated,consolidated,MSN/2021/MSN_financial_statements_2021_consolidated/MSN_financial_statements_2021_consolidated_extracted.txt
MSN,CTCP Tập đoàn Masan,2021,MSN_financial_statements_2021_separate,separate,MSN/2021/MSN_financial_statements_2021_separate/MSN_financial_statements_2021_separate_extracted.txt
MSN,CTCP Tập đoàn Masan,2022,MSN_financial_statements_2022_consolidated,consolidated,MSN/2022/MSN_financial_statements_2022_consolidated/MSN_financial_statements_2022_consolidated_extracted.txt
MSN,CTCP Tập đoàn Masan,2022,MSN_financial_statements_2022_separate,separate,MSN/2022/MSN_financial_statements_2022_separate/MSN_financial_statements_2022_separate_extracted.txt
MSN,CTCP Tập đoàn Masan,2023,MSN_financial_statements_2023_consolidated,consolidated,MSN/2023/MSN_financial_statements_2023_consolidated/MSN_financial_statements_2023_consolidated_extracted.txt
MSN,CTCP Tập đoàn Masan,2023,MSN_financial_statements_2023_separate,separate,MSN/2023/MSN_financial_statements_2023_separate/MSN_financial_statements_2023_separate_extracted.txt
MSN,CTCP Tập đoàn Masan,2024,MSN_financial_statements_2024_consolidated,consolidated,MSN/2024/MSN_financial_statements_2024_consolidated/MSN_financial_statements_2024_consolidated_extracted.txt
MSN,CTCP Tập đoàn Masan,2024,MSN_financial_statements_2024_separate,separate,MSN/2024/MSN_financial_statements_2024_separate/MSN_financial_statements_2024_separate_extracted.txt
MSN,CTCP Tập đoàn Masan,2025,MSN_financial_statements_2025_consolidated,consolidated,MSN/2025/MSN_financial_statements_2025_consolidated/MSN_financial_statements_2025_consolidated_extracted.txt
MSN,CTCP Tập đoàn Masan,2025,MSN_financial_statements_2025_separate,separate,MSN/2025/MSN_financial_statements_2025_separate/MSN_financial_statements_2025_separate_extracted.txt
MSR,CTCP Masan High-Tech Materials,2015,MSR_financial_statements_2015_consolidated,consolidated,MSR/2015/MSR_financial_statements_2015_consolidated/MSR_financial_statements_2015_consolidated_extracted.txt
MSR,CTCP Masan High-Tech Materials,2015,MSR_financial_statements_2015_separate,separate,MSR/2015/MSR_financial_statements_2015_separate/MSR_financial_statements_2015_separate_extracted.txt
MSR,CTCP Masan High-Tech Materials,2016,MSR_financial_statements_2016_consolidated,consolidated,MSR/2016/MSR_financial_statements_2016_consolidated/MSR_financial_statements_2016_consolidated_extracted.txt
MSR,CTCP Masan High-Tech Materials,2016,MSR_financial_statements_2016_separate,separate,MSR/2016/MSR_financial_statements_2016_separate/MSR_financial_statements_2016_separate_extracted.txt
MSR,CTCP Masan High-Tech Materials,2017,MSR_financial_statements_2017_consolidated,consolidated,MSR/2017/MSR_financial_statements_2017_consolidated/MSR_financial_statements_2017_consolidated_extracted.txt
MSR,CTCP Masan High-Tech Materials,2017,MSR_financial_statements_2017_separate,separate,MSR/2017/MSR_financial_statements_2017_separate/MSR_financial_statements_2017_separate_extracted.txt
MSR,CTCP Masan High-Tech Materials,2018,MSR_financial_statements_2018_consolidated,consolidated,MSR/2018/MSR_financial_statements_2018_consolidated/MSR_financial_statements_2018_consolidated_extracted.txt
MSR,CTCP Masan High-Tech Materials,2018,MSR_financial_statements_2018_separate,separate,MSR/2018/MSR_financial_statements_2018_separate/MSR_financial_statements_2018_separate_extracted.txt
MSR,CTCP Masan High-Tech Materials,2019,MSR_financial_statements_2019_consolidated,consolidated,MSR/2019/MSR_financial_statements_2019_consolidated/MSR_financial_statements_2019_consolidated_extracted.txt
MSR,CTCP Masan High-Tech Materials,2019,MSR_financial_statements_2019_separate,separate,MSR/2019/MSR_financial_statements_2019_separate/MSR_financial_statements_2019_separate_extracted.txt
MSR,CTCP Masan High-Tech Materials,2020,MSR_financial_statements_2020_consolidated,consolidated,MSR/2020/MSR_financial_statements_2020_consolidated/MSR_financial_statements_2020_consolidated_extracted.txt
MSR,CTCP Masan High-Tech Materials,2020,MSR_financial_statements_2020_separate,separate,MSR/2020/MSR_financial_statements_2020_separate/MSR_financial_statements_2020_separate_extracted.txt
MSR,CTCP Masan High-Tech Materials,2021,MSR_financial_statements_2021_consolidated,consolidated,MSR/2021/MSR_financial_statements_2021_consolidated/MSR_financial_statements_2021_consolidated_extracted.txt
MSR,CTCP Masan High-Tech Materials,2021,MSR_financial_statements_2021_separate,separate,MSR/2021/MSR_financial_statements_2021_separate/MSR_financial_statements_2021_separate_extracted.txt
MSR,CTCP Masan High-Tech Materials,2022,MSR_financial_statements_2022_consolidated,consolidated,MSR/2022/MSR_financial_statements_2022_consolidated/MSR_financial_statements_2022_consolidated_extracted.txt
MSR,CTCP Masan High-Tech Materials,2022,MSR_financial_statements_2022_separate,separate,MSR/2022/MSR_financial_statements_2022_separate/MSR_financial_statements_2022_separate_extracted.txt
MSR,CTCP Masan High-Tech Materials,2023,MSR_financial_statements_2023_consolidated,consolidated,MSR/2023/MSR_financial_statements_2023_consolidated/MSR_financial_statements_2023_consolidated_extracted.txt
MSR,CTCP Masan High-Tech Materials,2023,MSR_financial_statements_2023_separate,separate,MSR/2023/MSR_financial_statements_2023_separate/MSR_financial_statements_2023_separate_extracted.txt
MSR,CTCP Masan High-Tech Materials,2024,MSR_financial_statements_2024_consolidated,consolidated,MSR/2024/MSR_financial_statements_2024_consolidated/MSR_financial_statements_2024_consolidated_extracted.txt
MSR,CTCP Masan High-Tech Materials,2024,MSR_financial_statements_2024_separate,separate,MSR/2024/MSR_financial_statements_2024_separate/MSR_financial_statements_2024_separate_extracted.txt
MSR,CTCP Masan High-Tech Materials,2025,MSR_financial_statements_2025_consolidated,consolidated,MSR/2025/MSR_financial_statements_2025_consolidated/MSR_financial_statements_2025_consolidated_extracted.txt
MSR,CTCP Masan High-Tech Materials,2025,MSR_financial_statements_2025_separate,separate,MSR/2025/MSR_financial_statements_2025_separate/MSR_financial_statements_2025_separate_extracted.txt
MWG,CTCP Đầu tư Thế giới Di động,2015,MWG_financial_statements_2015_consolidated,consolidated,MWG/2015/MWG_financial_statements_2015_consolidated/MWG_financial_statements_2015_consolidated_extracted.txt
MWG,CTCP Đầu tư Thế giới Di động,2015,MWG_financial_statements_2015_separate,separate,MWG/2015/MWG_financial_statements_2015_separate/MWG_financial_statements_2015_separate_extracted.txt
MWG,CTCP Đầu tư Thế giới Di động,2016,MWG_financial_statements_2016_consolidated,consolidated,MWG/2016/MWG_financial_statements_2016_consolidated/MWG_financial_statements_2016_consolidated_extracted.txt
MWG,CTCP Đầu tư Thế giới Di động,2016,MWG_financial_statements_2016_separate,separate,MWG/2016/MWG_financial_statements_2016_separate/MWG_financial_statements_2016_separate_extracted.txt
MWG,CTCP Đầu tư Thế giới Di động,2017,MWG_financial_statements_2017_consolidated,consolidated,MWG/2017/MWG_financial_statements_2017_consolidated/MWG_financial_statements_2017_consolidated_extracted.txt
MWG,CTCP Đầu tư Thế giới Di động,2017,MWG_financial_statements_2017_separate,separate,MWG/2017/MWG_financial_statements_2017_separate/MWG_financial_statements_2017_separate_extracted.txt
MWG,CTCP Đầu tư Thế giới Di động,2018,MWG_financial_statements_2018_consolidated,consolidated,MWG/2018/MWG_financial_statements_2018_consolidated/MWG_financial_statements_2018_consolidated_extracted.txt
MWG,CTCP Đầu tư Thế giới Di động,2018,MWG_financial_statements_2018_separate,separate,MWG/2018/MWG_financial_statements_2018_separate/MWG_financial_statements_2018_separate_extracted.txt
MWG,CTCP Đầu tư Thế giới Di động,2019,MWG_financial_statements_2019_consolidated,consolidated,MWG/2019/MWG_financial_statements_2019_consolidated/MWG_financial_statements_2019_consolidated_extracted.txt
MWG,CTCP Đầu tư Thế giới Di động,2019,MWG_financial_statements_2019_separate,separate,MWG/2019/MWG_financial_statements_2019_separate/MWG_financial_statements_2019_separate_extracted.txt
MWG,CTCP Đầu tư Thế giới Di động,2020,MWG_financial_statements_2020_consolidated,consolidated,MWG/2020/MWG_financial_statements_2020_consolidated/MWG_financial_statements_2020_consolidated_extracted.txt
MWG,CTCP Đầu tư Thế giới Di động,2020,MWG_financial_statements_2020_separate,separate,MWG/2020/MWG_financial_statements_2020_separate/MWG_financial_statements_2020_separate_extracted.txt
MWG,CTCP Đầu tư Thế giới Di động,2021,MWG_financial_statements_2021_consolidated,consolidated,MWG/2021/MWG_financial_statements_2021_consolidated/MWG_financial_statements_2021_consolidated_extracted.txt
MWG,CTCP Đầu tư Thế giới Di động,2021,MWG_financial_statements_2021_separate,separate,MWG/2021/MWG_financial_statements_2021_separate/MWG_financial_statements_2021_separate_extracted.txt
MWG,CTCP Đầu tư Thế giới Di động,2022,MWG_financial_statements_2022_consolidated,consolidated,MWG/2022/MWG_financial_statements_2022_consolidated/MWG_financial_statements_2022_consolidated_extracted.txt
MWG,CTCP Đầu tư Thế giới Di động,2022,MWG_financial_statements_2022_separate,separate,MWG/2022/MWG_financial_statements_2022_separate/MWG_financial_statements_2022_separate_extracted.txt
MWG,CTCP Đầu tư Thế giới Di động,2023,MWG_financial_statements_2023_consolidated,consolidated,MWG/2023/MWG_financial_statements_2023_consolidated/MWG_financial_statements_2023_consolidated_extracted.txt
MWG,CTCP Đầu tư Thế giới Di động,2023,MWG_financial_statements_2023_separate,separate,MWG/2023/MWG_financial_statements_2023_separate/MWG_financial_statements_2023_separate_extracted.txt
MWG,CTCP Đầu tư Thế giới Di động,2024,MWG_financial_statements_2024_consolidated,consolidated,MWG/2024/MWG_financial_statements_2024_consolidated/MWG_financial_statements_2024_consolidated_extracted.txt
MWG,CTCP Đầu tư Thế giới Di động,2024,MWG_financial_statements_2024_separate,separate,MWG/2024/MWG_financial_statements_2024_separate/MWG_financial_statements_2024_separate_extracted.txt
MWG,CTCP Đầu tư Thế giới Di động,2025,MWG_financial_statements_2025_consolidated,consolidated,MWG/2025/MWG_financial_statements_2025_consolidated/MWG_financial_statements_2025_consolidated_extracted.txt
MWG,CTCP Đầu tư Thế giới Di động,2025,MWG_financial_statements_2025_separate,separate,MWG/2025/MWG_financial_statements_2025_separate/MWG_financial_statements_2025_separate_extracted.txt
NAB,Ngân hàng TMCP Nam Á,2020,NAB_financial_statements_2020_consolidated,consolidated,NAB/2020/NAB_financial_statements_2020_consolidated/NAB_financial_statements_2020_consolidated_extracted.txt
NAB,Ngân hàng TMCP Nam Á,2020,NAB_financial_statements_2020_separate,separate,NAB/2020/NAB_financial_statements_2020_separate/NAB_financial_statements_2020_separate_extracted.txt
NAB,Ngân hàng TMCP Nam Á,2021,NAB_financial_statements_2021_consolidated,consolidated,NAB/2021/NAB_financial_statements_2021_consolidated/NAB_financial_statements_2021_consolidated_extracted.txt
NAB,Ngân hàng TMCP Nam Á,2021,NAB_financial_statements_2021_separate,separate,NAB/2021/NAB_financial_statements_2021_separate/NAB_financial_statements_2021_separate_extracted.txt
NAB,Ngân hàng TMCP Nam Á,2022,NAB_financial_statements_2022_consolidated_1,consolidated,NAB/2022/NAB_financial_statements_2022_consolidated_1/NAB_financial_statements_2022_consolidated_1_extracted.txt
NAB,Ngân hàng TMCP Nam Á,2022,NAB_financial_statements_2022_consolidated_2,consolidated,NAB/2022/NAB_financial_statements_2022_consolidated_2/NAB_financial_statements_2022_consolidated_2_extracted.txt
NAB,Ngân hàng TMCP Nam Á,2022,NAB_financial_statements_2022_separate,separate,NAB/2022/NAB_financial_statements_2022_separate/NAB_financial_statements_2022_separate_extracted.txt
NAB,Ngân hàng TMCP Nam Á,2023,NAB_financial_statements_2023_consolidated_1,consolidated,NAB/2023/NAB_financial_statements_2023_consolidated_1/NAB_financial_statements_2023_consolidated_1_extracted.txt
NAB,Ngân hàng TMCP Nam Á,2023,NAB_financial_statements_2023_consolidated_2,consolidated,NAB/2023/NAB_financial_statements_2023_consolidated_2/NAB_financial_statements_2023_consolidated_2_extracted.txt
NAB,Ngân hàng TMCP Nam Á,2023,NAB_financial_statements_2023_separate,separate,NAB/2023/NAB_financial_statements_2023_separate/NAB_financial_statements_2023_separate_extracted.txt
NAB,Ngân hàng TMCP Nam Á,2024,NAB_financial_statements_2024_consolidated,consolidated,NAB/2024/NAB_financial_statements_2024_consolidated/NAB_financial_statements_2024_consolidated_extracted.txt
NAB,Ngân hàng TMCP Nam Á,2024,NAB_financial_statements_2024_separate,separate,NAB/2024/NAB_financial_statements_2024_separate/NAB_financial_statements_2024_separate_extracted.txt
NAB,Ngân hàng TMCP Nam Á,2025,NAB_financial_statements_2025_consolidated,consolidated,NAB/2025/NAB_financial_statements_2025_consolidated/NAB_financial_statements_2025_consolidated_extracted.txt
NAB,Ngân hàng TMCP Nam Á,2025,NAB_financial_statements_2025_separate,separate,NAB/2025/NAB_financial_statements_2025_separate/NAB_financial_statements_2025_separate_extracted.txt
NKG,CTCP Thép Nam Kim,2016,NKG_financial_statements_2016_consolidated,consolidated,NKG/2016/NKG_financial_statements_2016_consolidated/NKG_financial_statements_2016_consolidated_extracted.txt
NKG,CTCP Thép Nam Kim,2016,NKG_financial_statements_2016_separate,separate,NKG/2016/NKG_financial_statements_2016_separate/NKG_financial_statements_2016_separate_extracted.txt
NKG,CTCP Thép Nam Kim,2017,NKG_financial_statements_2017_consolidated,consolidated,NKG/2017/NKG_financial_statements_2017_consolidated/NKG_financial_statements_2017_consolidated_extracted.txt
NKG,CTCP Thép Nam Kim,2017,NKG_financial_statements_2017_separate,separate,NKG/2017/NKG_financial_statements_2017_separate/NKG_financial_statements_2017_separate_extracted.txt
NKG,CTCP Thép Nam Kim,2018,NKG_financial_statements_2018_consolidated,consolidated,NKG/2018/NKG_financial_statements_2018_consolidated/NKG_financial_statements_2018_consolidated_extracted.txt
NKG,CTCP Thép Nam Kim,2018,NKG_financial_statements_2018_separate,separate,NKG/2018/NKG_financial_statements_2018_separate/NKG_financial_statements_2018_separate_extracted.txt
NKG,CTCP Thép Nam Kim,2019,NKG_financial_statements_2019_consolidated,consolidated,NKG/2019/NKG_financial_statements_2019_consolidated/NKG_financial_statements_2019_consolidated_extracted.txt
NKG,CTCP Thép Nam Kim,2019,NKG_financial_statements_2019_separate,separate,NKG/2019/NKG_financial_statements_2019_separate/NKG_financial_statements_2019_separate_extracted.txt
NKG,CTCP Thép Nam Kim,2020,NKG_financial_statements_2020_consolidated,consolidated,NKG/2020/NKG_financial_statements_2020_consolidated/NKG_financial_statements_2020_consolidated_extracted.txt
NKG,CTCP Thép Nam Kim,2020,NKG_financial_statements_2020_separate,separate,NKG/2020/NKG_financial_statements_2020_separate/NKG_financial_statements_2020_separate_extracted.txt
NKG,CTCP Thép Nam Kim,2021,NKG_financial_statements_2021_consolidated,consolidated,NKG/2021/NKG_financial_statements_2021_consolidated/NKG_financial_statements_2021_consolidated_extracted.txt
NKG,CTCP Thép Nam Kim,2021,NKG_financial_statements_2021_separate,separate,NKG/2021/NKG_financial_statements_2021_separate/NKG_financial_statements_2021_separate_extracted.txt
NKG,CTCP Thép Nam Kim,2022,NKG_financial_statements_2022_consolidated,consolidated,NKG/2022/NKG_financial_statements_2022_consolidated/NKG_financial_statements_2022_consolidated_extracted.txt
NKG,CTCP Thép Nam Kim,2022,NKG_financial_statements_2022_separate,separate,NKG/2022/NKG_financial_statements_2022_separate/NKG_financial_statements_2022_separate_extracted.txt
NKG,CTCP Thép Nam Kim,2023,NKG_financial_statements_2023_consolidated,consolidated,NKG/2023/NKG_financial_statements_2023_consolidated/NKG_financial_statements_2023_consolidated_extracted.txt
NKG,CTCP Thép Nam Kim,2023,NKG_financial_statements_2023_separate,separate,NKG/2023/NKG_financial_statements_2023_separate/NKG_financial_statements_2023_separate_extracted.txt
NKG,CTCP Thép Nam Kim,2024,NKG_financial_statements_2024_consolidated,consolidated,NKG/2024/NKG_financial_statements_2024_consolidated/NKG_financial_statements_2024_consolidated_extracted.txt
NKG,CTCP Thép Nam Kim,2024,NKG_financial_statements_2024_separate,separate,NKG/2024/NKG_financial_statements_2024_separate/NKG_financial_statements_2024_separate_extracted.txt
NKG,CTCP Thép Nam Kim,2025,NKG_financial_statements_2025_consolidated,consolidated,NKG/2025/NKG_financial_statements_2025_consolidated/NKG_financial_statements_2025_consolidated_extracted.txt
NKG,CTCP Thép Nam Kim,2025,NKG_financial_statements_2025_separate,separate,NKG/2025/NKG_financial_statements_2025_separate/NKG_financial_statements_2025_separate_extracted.txt
NLG,CTCP Đầu tư Nam Long,2015,NLG_financial_statements_2015_consolidated,consolidated,NLG/2015/NLG_financial_statements_2015_consolidated/NLG_financial_statements_2015_consolidated_extracted.txt
NLG,CTCP Đầu tư Nam Long,2015,NLG_financial_statements_2015_separate,separate,NLG/2015/NLG_financial_statements_2015_separate/NLG_financial_statements_2015_separate_extracted.txt
NLG,CTCP Đầu tư Nam Long,2016,NLG_financial_statements_2016_consolidated,consolidated,NLG/2016/NLG_financial_statements_2016_consolidated/NLG_financial_statements_2016_consolidated_extracted.txt
NLG,CTCP Đầu tư Nam Long,2016,NLG_financial_statements_2016_separate,separate,NLG/2016/NLG_financial_statements_2016_separate/NLG_financial_statements_2016_separate_extracted.txt
NLG,CTCP Đầu tư Nam Long,2017,NLG_financial_statements_2017_consolidated,consolidated,NLG/2017/NLG_financial_statements_2017_consolidated/NLG_financial_statements_2017_consolidated_extracted.txt
NLG,CTCP Đầu tư Nam Long,2017,NLG_financial_statements_2017_separate,separate,NLG/2017/NLG_financial_statements_2017_separate/NLG_financial_statements_2017_separate_extracted.txt
NLG,CTCP Đầu tư Nam Long,2018,NLG_financial_statements_2018_consolidated,consolidated,NLG/2018/NLG_financial_statements_2018_consolidated/NLG_financial_statements_2018_consolidated_extracted.txt
NLG,CTCP Đầu tư Nam Long,2018,NLG_financial_statements_2018_separate,separate,NLG/2018/NLG_financial_statements_2018_separate/NLG_financial_statements_2018_separate_extracted.txt
NLG,CTCP Đầu tư Nam Long,2019,NLG_financial_statements_2019_consolidated,consolidated,NLG/2019/NLG_financial_statements_2019_consolidated/NLG_financial_statements_2019_consolidated_extracted.txt
NLG,CTCP Đầu tư Nam Long,2019,NLG_financial_statements_2019_separate,separate,NLG/2019/NLG_financial_statements_2019_separate/NLG_financial_statements_2019_separate_extracted.txt
NLG,CTCP Đầu tư Nam Long,2020,NLG_financial_statements_2020_consolidated,consolidated,NLG/2020/NLG_financial_statements_2020_consolidated/NLG_financial_statements_2020_consolidated_extracted.txt
NLG,CTCP Đầu tư Nam Long,2020,NLG_financial_statements_2020_separate,separate,NLG/2020/NLG_financial_statements_2020_separate/NLG_financial_statements_2020_separate_extracted.txt
NLG,CTCP Đầu tư Nam Long,2021,NLG_financial_statements_2021_consolidated,consolidated,NLG/2021/NLG_financial_statements_2021_consolidated/NLG_financial_statements_2021_consolidated_extracted.txt
NLG,CTCP Đầu tư Nam Long,2021,NLG_financial_statements_2021_separate,separate,NLG/2021/NLG_financial_statements_2021_separate/NLG_financial_statements_2021_separate_extracted.txt
NLG,CTCP Đầu tư Nam Long,2022,NLG_financial_statements_2022_consolidated,consolidated,NLG/2022/NLG_financial_statements_2022_consolidated/NLG_financial_statements_2022_consolidated_extracted.txt
NLG,CTCP Đầu tư Nam Long,2022,NLG_financial_statements_2022_separate,separate,NLG/2022/NLG_financial_statements_2022_separate/NLG_financial_statements_2022_separate_extracted.txt
NLG,CTCP Đầu tư Nam Long,2023,NLG_financial_statements_2023_consolidated,consolidated,NLG/2023/NLG_financial_statements_2023_consolidated/NLG_financial_statements_2023_consolidated_extracted.txt
NLG,CTCP Đầu tư Nam Long,2023,NLG_financial_statements_2023_separate,separate,NLG/2023/NLG_financial_statements_2023_separate/NLG_financial_statements_2023_separate_extracted.txt
NLG,CTCP Đầu tư Nam Long,2024,NLG_financial_statements_2024_consolidated,consolidated,NLG/2024/NLG_financial_statements_2024_consolidated/NLG_financial_statements_2024_consolidated_extracted.txt
NLG,CTCP Đầu tư Nam Long,2024,NLG_financial_statements_2024_separate,separate,NLG/2024/NLG_financial_statements_2024_separate/NLG_financial_statements_2024_separate_extracted.txt
NLG,CTCP Đầu tư Nam Long,2025,NLG_financial_statements_2025_consolidated,consolidated,NLG/2025/NLG_financial_statements_2025_consolidated/NLG_financial_statements_2025_consolidated_extracted.txt
NLG,CTCP Đầu tư Nam Long,2025,NLG_financial_statements_2025_separate,separate,NLG/2025/NLG_financial_statements_2025_separate/NLG_financial_statements_2025_separate_extracted.txt
NVB,Ngân hàng TMCP Quốc Dân,2015,NVB_financial_statements_2015_consolidated,consolidated,NVB/2015/NVB_financial_statements_2015_consolidated/NVB_financial_statements_2015_consolidated_extracted.txt
NVB,Ngân hàng TMCP Quốc Dân,2015,NVB_financial_statements_2015_separate,separate,NVB/2015/NVB_financial_statements_2015_separate/NVB_financial_statements_2015_separate_extracted.txt
NVB,Ngân hàng TMCP Quốc Dân,2016,NVB_financial_statements_2016_consolidated,consolidated,NVB/2016/NVB_financial_statements_2016_consolidated/NVB_financial_statements_2016_consolidated_extracted.txt
NVB,Ngân hàng TMCP Quốc Dân,2016,NVB_financial_statements_2016_separate,separate,NVB/2016/NVB_financial_statements_2016_separate/NVB_financial_statements_2016_separate_extracted.txt
NVB,Ngân hàng TMCP Quốc Dân,2017,NVB_financial_statements_2017_consolidated,consolidated,NVB/2017/NVB_financial_statements_2017_consolidated/NVB_financial_statements_2017_consolidated_extracted.txt
NVB,Ngân hàng TMCP Quốc Dân,2017,NVB_financial_statements_2017_separate,separate,NVB/2017/NVB_financial_statements_2017_separate/NVB_financial_statements_2017_separate_extracted.txt
NVB,Ngân hàng TMCP Quốc Dân,2018,NVB_financial_statements_2018_consolidated,consolidated,NVB/2018/NVB_financial_statements_2018_consolidated/NVB_financial_statements_2018_consolidated_extracted.txt
NVB,Ngân hàng TMCP Quốc Dân,2018,NVB_financial_statements_2018_separate,separate,NVB/2018/NVB_financial_statements_2018_separate/NVB_financial_statements_2018_separate_extracted.txt
NVB,Ngân hàng TMCP Quốc Dân,2019,NVB_financial_statements_2019_consolidated,consolidated,NVB/2019/NVB_financial_statements_2019_consolidated/NVB_financial_statements_2019_consolidated_extracted.txt
NVB,Ngân hàng TMCP Quốc Dân,2019,NVB_financial_statements_2019_separate,separate,NVB/2019/NVB_financial_statements_2019_separate/NVB_financial_statements_2019_separate_extracted.txt
NVB,Ngân hàng TMCP Quốc Dân,2020,NVB_financial_statements_2020_consolidated_1,consolidated,NVB/2020/NVB_financial_statements_2020_consolidated_1/NVB_financial_statements_2020_consolidated_1_extracted.txt
NVB,Ngân hàng TMCP Quốc Dân,2020,NVB_financial_statements_2020_consolidated_2,consolidated,NVB/2020/NVB_financial_statements_2020_consolidated_2/NVB_financial_statements_2020_consolidated_2_extracted.txt
NVB,Ngân hàng TMCP Quốc Dân,2020,NVB_financial_statements_2020_separate,separate,NVB/2020/NVB_financial_statements_2020_separate/NVB_financial_statements_2020_separate_extracted.txt
NVB,Ngân hàng TMCP Quốc Dân,2021,NVB_financial_statements_2021_consolidated,consolidated,NVB/2021/NVB_financial_statements_2021_consolidated/NVB_financial_statements_2021_consolidated_extracted.txt
NVB,Ngân hàng TMCP Quốc Dân,2021,NVB_financial_statements_2021_separate,separate,NVB/2021/NVB_financial_statements_2021_separate/NVB_financial_statements_2021_separate_extracted.txt
NVB,Ngân hàng TMCP Quốc Dân,2022,NVB_financial_statements_2022_consolidated,consolidated,NVB/2022/NVB_financial_statements_2022_consolidated/NVB_financial_statements_2022_consolidated_extracted.txt
NVB,Ngân hàng TMCP Quốc Dân,2022,NVB_financial_statements_2022_separate,separate,NVB/2022/NVB_financial_statements_2022_separate/NVB_financial_statements_2022_separate_extracted.txt
NVB,Ngân hàng TMCP Quốc Dân,2023,NVB_financial_statements_2023_consolidated,consolidated,NVB/2023/NVB_financial_statements_2023_consolidated/NVB_financial_statements_2023_consolidated_extracted.txt
NVB,Ngân hàng TMCP Quốc Dân,2023,NVB_financial_statements_2023_separate,separate,NVB/2023/NVB_financial_statements_2023_separate/NVB_financial_statements_2023_separate_extracted.txt
NVB,Ngân hàng TMCP Quốc Dân,2024,NVB_financial_statements_2024_consolidated,consolidated,NVB/2024/NVB_financial_statements_2024_consolidated/NVB_financial_statements_2024_consolidated_extracted.txt
NVB,Ngân hàng TMCP Quốc Dân,2024,NVB_financial_statements_2024_separate,separate,NVB/2024/NVB_financial_statements_2024_separate/NVB_financial_statements_2024_separate_extracted.txt
NVB,Ngân hàng TMCP Quốc Dân,2025,NVB_financial_statements_2025_consolidated,consolidated,NVB/2025/NVB_financial_statements_2025_consolidated/NVB_financial_statements_2025_consolidated_extracted.txt
NVB,Ngân hàng TMCP Quốc Dân,2025,NVB_financial_statements_2025_separate,separate,NVB/2025/NVB_financial_statements_2025_separate/NVB_financial_statements_2025_separate_extracted.txt
NVL,CTCP Tập đoàn Đầu tư Địa ốc No Va,2016,NVL_financial_statements_2016_consolidated,consolidated,NVL/2016/NVL_financial_statements_2016_consolidated/NVL_financial_statements_2016_consolidated_extracted.txt
NVL,CTCP Tập đoàn Đầu tư Địa ốc No Va,2016,NVL_financial_statements_2016_separate,separate,NVL/2016/NVL_financial_statements_2016_separate/NVL_financial_statements_2016_separate_extracted.txt
NVL,CTCP Tập đoàn Đầu tư Địa ốc No Va,2017,NVL_financial_statements_2017_consolidated,consolidated,NVL/2017/NVL_financial_statements_2017_consolidated/NVL_financial_statements_2017_consolidated_extracted.txt
NVL,CTCP Tập đoàn Đầu tư Địa ốc No Va,2017,NVL_financial_statements_2017_separate,separate,NVL/2017/NVL_financial_statements_2017_separate/NVL_financial_statements_2017_separate_extracted.txt
NVL,CTCP Tập đoàn Đầu tư Địa ốc No Va,2018,NVL_financial_statements_2018_consolidated,consolidated,NVL/2018/NVL_financial_statements_2018_consolidated/NVL_financial_statements_2018_consolidated_extracted.txt
NVL,CTCP Tập đoàn Đầu tư Địa ốc No Va,2018,NVL_financial_statements_2018_separate,separate,NVL/2018/NVL_financial_statements_2018_separate/NVL_financial_statements_2018_separate_extracted.txt
NVL,CTCP Tập đoàn Đầu tư Địa ốc No Va,2019,NVL_financial_statements_2019_consolidated,consolidated,NVL/2019/NVL_financial_statements_2019_consolidated/NVL_financial_statements_2019_consolidated_extracted.txt
NVL,CTCP Tập đoàn Đầu tư Địa ốc No Va,2019,NVL_financial_statements_2019_separate,separate,NVL/2019/NVL_financial_statements_2019_separate/NVL_financial_statements_2019_separate_extracted.txt
NVL,CTCP Tập đoàn Đầu tư Địa ốc No Va,2020,NVL_financial_statements_2020_consolidated,consolidated,NVL/2020/NVL_financial_statements_2020_consolidated/NVL_financial_statements_2020_consolidated_extracted.txt
NVL,CTCP Tập đoàn Đầu tư Địa ốc No Va,2020,NVL_financial_statements_2020_separate,separate,NVL/2020/NVL_financial_statements_2020_separate/NVL_financial_statements_2020_separate_extracted.txt
NVL,CTCP Tập đoàn Đầu tư Địa ốc No Va,2021,NVL_financial_statements_2021_consolidated,consolidated,NVL/2021/NVL_financial_statements_2021_consolidated/NVL_financial_statements_2021_consolidated_extracted.txt
NVL,CTCP Tập đoàn Đầu tư Địa ốc No Va,2021,NVL_financial_statements_2021_separate,separate,NVL/2021/NVL_financial_statements_2021_separate/NVL_financial_statements_2021_separate_extracted.txt
NVL,CTCP Tập đoàn Đầu tư Địa ốc No Va,2022,NVL_financial_statements_2022_consolidated,consolidated,NVL/2022/NVL_financial_statements_2022_consolidated/NVL_financial_statements_2022_consolidated_extracted.txt
NVL,CTCP Tập đoàn Đầu tư Địa ốc No Va,2022,NVL_financial_statements_2022_separate,separate,NVL/2022/NVL_financial_statements_2022_separate/NVL_financial_statements_2022_separate_extracted.txt
NVL,CTCP Tập đoàn Đầu tư Địa ốc No Va,2023,NVL_financial_statements_2023_consolidated,consolidated,NVL/2023/NVL_financial_statements_2023_consolidated/NVL_financial_statements_2023_consolidated_extracted.txt
NVL,CTCP Tập đoàn Đầu tư Địa ốc No Va,2023,NVL_financial_statements_2023_separate,separate,NVL/2023/NVL_financial_statements_2023_separate/NVL_financial_statements_2023_separate_extracted.txt
NVL,CTCP Tập đoàn Đầu tư Địa ốc No Va,2024,NVL_financial_statements_2024_consolidated,consolidated,NVL/2024/NVL_financial_statements_2024_consolidated/NVL_financial_statements_2024_consolidated_extracted.txt
NVL,CTCP Tập đoàn Đầu tư Địa ốc No Va,2024,NVL_financial_statements_2024_separate,separate,NVL/2024/NVL_financial_statements_2024_separate/NVL_financial_statements_2024_separate_extracted.txt
NVL,CTCP Tập đoàn Đầu tư Địa ốc No Va,2025,NVL_financial_statements_2025_consolidated,consolidated,NVL/2025/NVL_financial_statements_2025_consolidated/NVL_financial_statements_2025_consolidated_extracted.txt
NVL,CTCP Tập đoàn Đầu tư Địa ốc No Va,2025,NVL_financial_statements_2025_separate,separate,NVL/2025/NVL_financial_statements_2025_separate/NVL_financial_statements_2025_separate_extracted.txt
OCB,Ngân hàng TMCP Phương Đông,2017,OCB_financial_statements_2017_consolidated,consolidated,OCB/2017/OCB_financial_statements_2017_consolidated/OCB_financial_statements_2017_consolidated_extracted.txt
OCB,Ngân hàng TMCP Phương Đông,2017,OCB_financial_statements_2017_separate,separate,OCB/2017/OCB_financial_statements_2017_separate/OCB_financial_statements_2017_separate_extracted.txt
OCB,Ngân hàng TMCP Phương Đông,2018,OCB_financial_statements_2018_consolidated,consolidated,OCB/2018/OCB_financial_statements_2018_consolidated/OCB_financial_statements_2018_consolidated_extracted.txt
OCB,Ngân hàng TMCP Phương Đông,2018,OCB_financial_statements_2018_separate,separate,OCB/2018/OCB_financial_statements_2018_separate/OCB_financial_statements_2018_separate_extracted.txt
OCB,Ngân hàng TMCP Phương Đông,2019,OCB_financial_statements_2019_consolidated,consolidated,OCB/2019/OCB_financial_statements_2019_consolidated/OCB_financial_statements_2019_consolidated_extracted.txt
OCB,Ngân hàng TMCP Phương Đông,2019,OCB_financial_statements_2019_separate,separate,OCB/2019/OCB_financial_statements_2019_separate/OCB_financial_statements_2019_separate_extracted.txt
OCB,Ngân hàng TMCP Phương Đông,2020,OCB_financial_statements_2020_consolidated,consolidated,OCB/2020/OCB_financial_statements_2020_consolidated/OCB_financial_statements_2020_consolidated_extracted.txt
OCB,Ngân hàng TMCP Phương Đông,2020,OCB_financial_statements_2020_separate,separate,OCB/2020/OCB_financial_statements_2020_separate/OCB_financial_statements_2020_separate_extracted.txt
OCB,Ngân hàng TMCP Phương Đông,2021,OCB_financial_statements_2021_consolidated,consolidated,OCB/2021/OCB_financial_statements_2021_consolidated/OCB_financial_statements_2021_consolidated_extracted.txt
OCB,Ngân hàng TMCP Phương Đông,2021,OCB_financial_statements_2021_separate,separate,OCB/2021/OCB_financial_statements_2021_separate/OCB_financial_statements_2021_separate_extracted.txt
OCB,Ngân hàng TMCP Phương Đông,2022,OCB_financial_statements_2022_consolidated_1,consolidated,OCB/2022/OCB_financial_statements_2022_consolidated_1/OCB_financial_statements_2022_consolidated_1_extracted.txt
OCB,Ngân hàng TMCP Phương Đông,2022,OCB_financial_statements_2022_consolidated_2,consolidated,OCB/2022/OCB_financial_statements_2022_consolidated_2/OCB_financial_statements_2022_consolidated_2_extracted.txt
OCB,Ngân hàng TMCP Phương Đông,2022,OCB_financial_statements_2022_separate_1,separate,OCB/2022/OCB_financial_statements_2022_separate_1/OCB_financial_statements_2022_separate_1_extracted.txt
OCB,Ngân hàng TMCP Phương Đông,2022,OCB_financial_statements_2022_separate_2,separate,OCB/2022/OCB_financial_statements_2022_separate_2/OCB_financial_statements_2022_separate_2_extracted.txt
OCB,Ngân hàng TMCP Phương Đông,2023,OCB_financial_statements_2023_consolidated,consolidated,OCB/2023/OCB_financial_statements_2023_consolidated/OCB_financial_statements_2023_consolidated_extracted.txt
OCB,Ngân hàng TMCP Phương Đông,2023,OCB_financial_statements_2023_separate,separate,OCB/2023/OCB_financial_statements_2023_separate/OCB_financial_statements_2023_separate_extracted.txt
OCB,Ngân hàng TMCP Phương Đông,2024,OCB_financial_statements_2024_consolidated,consolidated,OCB/2024/OCB_financial_statements_2024_consolidated/OCB_financial_statements_2024_consolidated_extracted.txt
OCB,Ngân hàng TMCP Phương Đông,2024,OCB_financial_statements_2024_separate,separate,OCB/2024/OCB_financial_statements_2024_separate/OCB_financial_statements_2024_separate_extracted.txt
OCB,Ngân hàng TMCP Phương Đông,2025,OCB_financial_statements_2025_consolidated,consolidated,OCB/2025/OCB_financial_statements_2025_consolidated/OCB_financial_statements_2025_consolidated_extracted.txt
OCB,Ngân hàng TMCP Phương Đông,2025,OCB_financial_statements_2025_separate,separate,OCB/2025/OCB_financial_statements_2025_separate/OCB_financial_statements_2025_separate_extracted.txt
OGC,CTCP Tập đoàn Đại Dương,2015,OGC_financial_statements_2015_consolidated,consolidated,OGC/2015/OGC_financial_statements_2015_consolidated/OGC_financial_statements_2015_consolidated_extracted.txt
OGC,CTCP Tập đoàn Đại Dương,2015,OGC_financial_statements_2015_separate,separate,OGC/2015/OGC_financial_statements_2015_separate/OGC_financial_statements_2015_separate_extracted.txt
OGC,CTCP Tập đoàn Đại Dương,2016,OGC_financial_statements_2016_consolidated,consolidated,OGC/2016/OGC_financial_statements_2016_consolidated/OGC_financial_statements_2016_consolidated_extracted.txt
OGC,CTCP Tập đoàn Đại Dương,2016,OGC_financial_statements_2016_separate,separate,OGC/2016/OGC_financial_statements_2016_separate/OGC_financial_statements_2016_separate_extracted.txt
OGC,CTCP Tập đoàn Đại Dương,2017,OGC_financial_statements_2017_consolidated,consolidated,OGC/2017/OGC_financial_statements_2017_consolidated/OGC_financial_statements_2017_consolidated_extracted.txt
OGC,CTCP Tập đoàn Đại Dương,2017,OGC_financial_statements_2017_separate,separate,OGC/2017/OGC_financial_statements_2017_separate/OGC_financial_statements_2017_separate_extracted.txt
OGC,CTCP Tập đoàn Đại Dương,2018,OGC_financial_statements_2018_consolidated,consolidated,OGC/2018/OGC_financial_statements_2018_consolidated/OGC_financial_statements_2018_consolidated_extracted.txt
OGC,CTCP Tập đoàn Đại Dương,2018,OGC_financial_statements_2018_separate,separate,OGC/2018/OGC_financial_statements_2018_separate/OGC_financial_statements_2018_separate_extracted.txt
OGC,CTCP Tập đoàn Đại Dương,2019,OGC_financial_statements_2019_consolidated,consolidated,OGC/2019/OGC_financial_statements_2019_consolidated/OGC_financial_statements_2019_consolidated_extracted.txt
OGC,CTCP Tập đoàn Đại Dương,2019,OGC_financial_statements_2019_separate,separate,OGC/2019/OGC_financial_statements_2019_separate/OGC_financial_statements_2019_separate_extracted.txt
OGC,CTCP Tập đoàn Đại Dương,2020,OGC_financial_statements_2020_consolidated,consolidated,OGC/2020/OGC_financial_statements_2020_consolidated/OGC_financial_statements_2020_consolidated_extracted.txt
OGC,CTCP Tập đoàn Đại Dương,2020,OGC_financial_statements_2020_separate,separate,OGC/2020/OGC_financial_statements_2020_separate/OGC_financial_statements_2020_separate_extracted.txt
OGC,CTCP Tập đoàn Đại Dương,2021,OGC_financial_statements_2021_consolidated,consolidated,OGC/2021/OGC_financial_statements_2021_consolidated/OGC_financial_statements_2021_consolidated_extracted.txt
OGC,CTCP Tập đoàn Đại Dương,2022,OGC_financial_statements_2022_consolidated,consolidated,OGC/2022/OGC_financial_statements_2022_consolidated/OGC_financial_statements_2022_consolidated_extracted.txt
OGC,CTCP Tập đoàn Đại Dương,2022,OGC_financial_statements_2022_separate,separate,OGC/2022/OGC_financial_statements_2022_separate/OGC_financial_statements_2022_separate_extracted.txt
OGC,CTCP Tập đoàn Đại Dương,2023,OGC_financial_statements_2023_consolidated,consolidated,OGC/2023/OGC_financial_statements_2023_consolidated/OGC_financial_statements_2023_consolidated_extracted.txt
OGC,CTCP Tập đoàn Đại Dương,2023,OGC_financial_statements_2023_separate,separate,OGC/2023/OGC_financial_statements_2023_separate/OGC_financial_statements_2023_separate_extracted.txt
OGC,CTCP Tập đoàn Đại Dương,2024,OGC_financial_statements_2024_consolidated,consolidated,OGC/2024/OGC_financial_statements_2024_consolidated/OGC_financial_statements_2024_consolidated_extracted.txt
OGC,CTCP Tập đoàn Đại Dương,2024,OGC_financial_statements_2024_separate,separate,OGC/2024/OGC_financial_statements_2024_separate/OGC_financial_statements_2024_separate_extracted.txt
OGC,CTCP Tập đoàn Đại Dương,2025,OGC_financial_statements_2025_consolidated,consolidated,OGC/2025/OGC_financial_statements_2025_consolidated/OGC_financial_statements_2025_consolidated_extracted.txt
OGC,CTCP Tập đoàn Đại Dương,2025,OGC_financial_statements_2025_separate,separate,OGC/2025/OGC_financial_statements_2025_separate/OGC_financial_statements_2025_separate_extracted.txt
PC1,CTCP Tập Đoàn PC1,2015,PC1_financial_statements_2015_consolidated,consolidated,PC1/2015/PC1_financial_statements_2015_consolidated/PC1_financial_statements_2015_consolidated_extracted.txt
PC1,CTCP Tập Đoàn PC1,2015,PC1_financial_statements_2015_separate,separate,PC1/2015/PC1_financial_statements_2015_separate/PC1_financial_statements_2015_separate_extracted.txt
PC1,CTCP Tập Đoàn PC1,2016,PC1_financial_statements_2016_consolidated,consolidated,PC1/2016/PC1_financial_statements_2016_consolidated/PC1_financial_statements_2016_consolidated_extracted.txt
PC1,CTCP Tập Đoàn PC1,2016,PC1_financial_statements_2016_separate,separate,PC1/2016/PC1_financial_statements_2016_separate/PC1_financial_statements_2016_separate_extracted.txt
PC1,CTCP Tập Đoàn PC1,2017,PC1_financial_statements_2017_consolidated,consolidated,PC1/2017/PC1_financial_statements_2017_consolidated/PC1_financial_statements_2017_consolidated_extracted.txt
PC1,CTCP Tập Đoàn PC1,2017,PC1_financial_statements_2017_separate,separate,PC1/2017/PC1_financial_statements_2017_separate/PC1_financial_statements_2017_separate_extracted.txt
PC1,CTCP Tập Đoàn PC1,2018,PC1_financial_statements_2018_consolidated,consolidated,PC1/2018/PC1_financial_statements_2018_consolidated/PC1_financial_statements_2018_consolidated_extracted.txt
PC1,CTCP Tập Đoàn PC1,2018,PC1_financial_statements_2018_separate,separate,PC1/2018/PC1_financial_statements_2018_separate/PC1_financial_statements_2018_separate_extracted.txt
PC1,CTCP Tập Đoàn PC1,2019,PC1_financial_statements_2019_consolidated,consolidated,PC1/2019/PC1_financial_statements_2019_consolidated/PC1_financial_statements_2019_consolidated_extracted.txt
PC1,CTCP Tập Đoàn PC1,2019,PC1_financial_statements_2019_separate,separate,PC1/2019/PC1_financial_statements_2019_separate/PC1_financial_statements_2019_separate_extracted.txt
PC1,CTCP Tập Đoàn PC1,2020,PC1_financial_statements_2020_consolidated,consolidated,PC1/2020/PC1_financial_statements_2020_consolidated/PC1_financial_statements_2020_consolidated_extracted.txt
PC1,CTCP Tập Đoàn PC1,2020,PC1_financial_statements_2020_separate,separate,PC1/2020/PC1_financial_statements_2020_separate/PC1_financial_statements_2020_separate_extracted.txt
PC1,CTCP Tập Đoàn PC1,2021,PC1_financial_statements_2021_consolidated,consolidated,PC1/2021/PC1_financial_statements_2021_consolidated/PC1_financial_statements_2021_consolidated_extracted.txt
PC1,CTCP Tập Đoàn PC1,2021,PC1_financial_statements_2021_separate,separate,PC1/2021/PC1_financial_statements_2021_separate/PC1_financial_statements_2021_separate_extracted.txt
PC1,CTCP Tập Đoàn PC1,2022,PC1_financial_statements_2022_consolidated,consolidated,PC1/2022/PC1_financial_statements_2022_consolidated/PC1_financial_statements_2022_consolidated_extracted.txt
PC1,CTCP Tập Đoàn PC1,2022,PC1_financial_statements_2022_separate,separate,PC1/2022/PC1_financial_statements_2022_separate/PC1_financial_statements_2022_separate_extracted.txt
PC1,CTCP Tập Đoàn PC1,2023,PC1_financial_statements_2023_consolidated,consolidated,PC1/2023/PC1_financial_statements_2023_consolidated/PC1_financial_statements_2023_consolidated_extracted.txt
PC1,CTCP Tập Đoàn PC1,2023,PC1_financial_statements_2023_separate,separate,PC1/2023/PC1_financial_statements_2023_separate/PC1_financial_statements_2023_separate_extracted.txt
PC1,CTCP Tập Đoàn PC1,2024,PC1_financial_statements_2024_consolidated,consolidated,PC1/2024/PC1_financial_statements_2024_consolidated/PC1_financial_statements_2024_consolidated_extracted.txt
PC1,CTCP Tập Đoàn PC1,2024,PC1_financial_statements_2024_separate,separate,PC1/2024/PC1_financial_statements_2024_separate/PC1_financial_statements_2024_separate_extracted.txt
PC1,CTCP Tập Đoàn PC1,2025,PC1_financial_statements_2025_consolidated,consolidated,PC1/2025/PC1_financial_statements_2025_consolidated/PC1_financial_statements_2025_consolidated_extracted.txt
PC1,CTCP Tập Đoàn PC1,2025,PC1_financial_statements_2025_separate,separate,PC1/2025/PC1_financial_statements_2025_separate/PC1_financial_statements_2025_separate_extracted.txt
PDR,CTCP Phát triển Bất động sản Phát Đạt,2015,PDR_financial_statements_2015_separate,separate,PDR/2015/PDR_financial_statements_2015_separate/PDR_financial_statements_2015_separate_extracted.txt
PDR,CTCP Phát triển Bất động sản Phát Đạt,2016,PDR_financial_statements_2016_separate,separate,PDR/2016/PDR_financial_statements_2016_separate/PDR_financial_statements_2016_separate_extracted.txt
PDR,CTCP Phát triển Bất động sản Phát Đạt,2017,PDR_financial_statements_2017_separate,separate,PDR/2017/PDR_financial_statements_2017_separate/PDR_financial_statements_2017_separate_extracted.txt
PDR,CTCP Phát triển Bất động sản Phát Đạt,2018,PDR_financial_statements_2018_separate,separate,PDR/2018/PDR_financial_statements_2018_separate/PDR_financial_statements_2018_separate_extracted.txt
PDR,CTCP Phát triển Bất động sản Phát Đạt,2019,PDR_financial_statements_2019_separate,separate,PDR/2019/PDR_financial_statements_2019_separate/PDR_financial_statements_2019_separate_extracted.txt
PDR,CTCP Phát triển Bất động sản Phát Đạt,2020,PDR_financial_statements_2020_separate,separate,PDR/2020/PDR_financial_statements_2020_separate/PDR_financial_statements_2020_separate_extracted.txt
PDR,CTCP Phát triển Bất động sản Phát Đạt,2021,PDR_financial_statements_2021_separate,separate,PDR/2021/PDR_financial_statements_2021_separate/PDR_financial_statements_2021_separate_extracted.txt
PDR,CTCP Phát triển Bất động sản Phát Đạt,2022,PDR_financial_statements_2022_separate,separate,PDR/2022/PDR_financial_statements_2022_separate/PDR_financial_statements_2022_separate_extracted.txt
PDR,CTCP Phát triển Bất động sản Phát Đạt,2023,PDR_financial_statements_2023_separate,separate,PDR/2023/PDR_financial_statements_2023_separate/PDR_financial_statements_2023_separate_extracted.txt
PDR,CTCP Phát triển Bất động sản Phát Đạt,2024,PDR_financial_statements_2024_separate,separate,PDR/2024/PDR_financial_statements_2024_separate/PDR_financial_statements_2024_separate_extracted.txt
PDR,CTCP Phát triển Bất động sản Phát Đạt,2025,PDR_financial_statements_2025_consolidated,consolidated,PDR/2025/PDR_financial_statements_2025_consolidated/PDR_financial_statements_2025_consolidated_extracted.txt
PDR,CTCP Phát triển Bất động sản Phát Đạt,2025,PDR_financial_statements_2025_separate,separate,PDR/2025/PDR_financial_statements_2025_separate/PDR_financial_statements_2025_separate_extracted.txt
PLX,Tập đoàn Xăng Dầu Việt Nam,2015,PLX_financial_statements_2015_consolidated,consolidated,PLX/2015/PLX_financial_statements_2015_consolidated/PLX_financial_statements_2015_consolidated_extracted.txt
PLX,Tập đoàn Xăng Dầu Việt Nam,2015,PLX_financial_statements_2015_separate,separate,PLX/2015/PLX_financial_statements_2015_separate/PLX_financial_statements_2015_separate_extracted.txt
PLX,Tập đoàn Xăng Dầu Việt Nam,2016,PLX_financial_statements_2016_consolidated,consolidated,PLX/2016/PLX_financial_statements_2016_consolidated/PLX_financial_statements_2016_consolidated_extracted.txt
PLX,Tập đoàn Xăng Dầu Việt Nam,2016,PLX_financial_statements_2016_separate,separate,PLX/2016/PLX_financial_statements_2016_separate/PLX_financial_statements_2016_separate_extracted.txt
PLX,Tập đoàn Xăng Dầu Việt Nam,2017,PLX_financial_statements_2017_consolidated,consolidated,PLX/2017/PLX_financial_statements_2017_consolidated/PLX_financial_statements_2017_consolidated_extracted.txt
PLX,Tập đoàn Xăng Dầu Việt Nam,2018,PLX_financial_statements_2018_consolidated,consolidated,PLX/2018/PLX_financial_statements_2018_consolidated/PLX_financial_statements_2018_consolidated_extracted.txt
PLX,Tập đoàn Xăng Dầu Việt Nam,2018,PLX_financial_statements_2018_separate,separate,PLX/2018/PLX_financial_statements_2018_separate/PLX_financial_statements_2018_separate_extracted.txt
PLX,Tập đoàn Xăng Dầu Việt Nam,2019,PLX_financial_statements_2019_consolidated,consolidated,PLX/2019/PLX_financial_statements_2019_consolidated/PLX_financial_statements_2019_consolidated_extracted.txt
PLX,Tập đoàn Xăng Dầu Việt Nam,2019,PLX_financial_statements_2019_separate,separate,PLX/2019/PLX_financial_statements_2019_separate/PLX_financial_statements_2019_separate_extracted.txt
PLX,Tập đoàn Xăng Dầu Việt Nam,2020,PLX_financial_statements_2020_consolidated,consolidated,PLX/2020/PLX_financial_statements_2020_consolidated/PLX_financial_statements_2020_consolidated_extracted.txt
PLX,Tập đoàn Xăng Dầu Việt Nam,2020,PLX_financial_statements_2020_separate,separate,PLX/2020/PLX_financial_statements_2020_separate/PLX_financial_statements_2020_separate_extracted.txt
PLX,Tập đoàn Xăng Dầu Việt Nam,2021,PLX_financial_statements_2021_consolidated,consolidated,PLX/2021/PLX_financial_statements_2021_consolidated/PLX_financial_statements_2021_consolidated_extracted.txt
PLX,Tập đoàn Xăng Dầu Việt Nam,2021,PLX_financial_statements_2021_separate,separate,PLX/2021/PLX_financial_statements_2021_separate/PLX_financial_statements_2021_separate_extracted.txt
PLX,Tập đoàn Xăng Dầu Việt Nam,2022,PLX_financial_statements_2022_consolidated,consolidated,PLX/2022/PLX_financial_statements_2022_consolidated/PLX_financial_statements_2022_consolidated_extracted.txt
PLX,Tập đoàn Xăng Dầu Việt Nam,2022,PLX_financial_statements_2022_separate,separate,PLX/2022/PLX_financial_statements_2022_separate/PLX_financial_statements_2022_separate_extracted.txt
PLX,Tập đoàn Xăng Dầu Việt Nam,2023,PLX_financial_statements_2023_consolidated,consolidated,PLX/2023/PLX_financial_statements_2023_consolidated/PLX_financial_statements_2023_consolidated_extracted.txt
PLX,Tập đoàn Xăng Dầu Việt Nam,2023,PLX_financial_statements_2023_separate,separate,PLX/2023/PLX_financial_statements_2023_separate/PLX_financial_statements_2023_separate_extracted.txt
PLX,Tập đoàn Xăng Dầu Việt Nam,2024,PLX_financial_statements_2024_consolidated,consolidated,PLX/2024/PLX_financial_statements_2024_consolidated/PLX_financial_statements_2024_consolidated_extracted.txt
PLX,Tập đoàn Xăng Dầu Việt Nam,2024,PLX_financial_statements_2024_separate,separate,PLX/2024/PLX_financial_statements_2024_separate/PLX_financial_statements_2024_separate_extracted.txt
PLX,Tập đoàn Xăng Dầu Việt Nam,2025,PLX_financial_statements_2025_consolidated,consolidated,PLX/2025/PLX_financial_statements_2025_consolidated/PLX_financial_statements_2025_consolidated_extracted.txt
PLX,Tập đoàn Xăng Dầu Việt Nam,2025,PLX_financial_statements_2025_separate,separate,PLX/2025/PLX_financial_statements_2025_separate/PLX_financial_statements_2025_separate_extracted.txt
PNJ,CTCP Vàng bạc Đá quý Phú Nhuận,2015,PNJ_financial_statements_2015_consolidated,consolidated,PNJ/2015/PNJ_financial_statements_2015_consolidated/PNJ_financial_statements_2015_consolidated_extracted.txt
PNJ,CTCP Vàng bạc Đá quý Phú Nhuận,2015,PNJ_financial_statements_2015_separate,separate,PNJ/2015/PNJ_financial_statements_2015_separate/PNJ_financial_statements_2015_separate_extracted.txt
PNJ,CTCP Vàng bạc Đá quý Phú Nhuận,2016,PNJ_financial_statements_2016_consolidated,consolidated,PNJ/2016/PNJ_financial_statements_2016_consolidated/PNJ_financial_statements_2016_consolidated_extracted.txt
PNJ,CTCP Vàng bạc Đá quý Phú Nhuận,2016,PNJ_financial_statements_2016_separate,separate,PNJ/2016/PNJ_financial_statements_2016_separate/PNJ_financial_statements_2016_separate_extracted.txt
PNJ,CTCP Vàng bạc Đá quý Phú Nhuận,2017,PNJ_financial_statements_2017_consolidated,consolidated,PNJ/2017/PNJ_financial_statements_2017_consolidated/PNJ_financial_statements_2017_consolidated_extracted.txt
PNJ,CTCP Vàng bạc Đá quý Phú Nhuận,2017,PNJ_financial_statements_2017_separate,separate,PNJ/2017/PNJ_financial_statements_2017_separate/PNJ_financial_statements_2017_separate_extracted.txt
PNJ,CTCP Vàng bạc Đá quý Phú Nhuận,2018,PNJ_financial_statements_2018_consolidated,consolidated,PNJ/2018/PNJ_financial_statements_2018_consolidated/PNJ_financial_statements_2018_consolidated_extracted.txt
PNJ,CTCP Vàng bạc Đá quý Phú Nhuận,2018,PNJ_financial_statements_2018_separate,separate,PNJ/2018/PNJ_financial_statements_2018_separate/PNJ_financial_statements_2018_separate_extracted.txt
PNJ,CTCP Vàng bạc Đá quý Phú Nhuận,2019,PNJ_financial_statements_2019_consolidated,consolidated,PNJ/2019/PNJ_financial_statements_2019_consolidated/PNJ_financial_statements_2019_consolidated_extracted.txt
PNJ,CTCP Vàng bạc Đá quý Phú Nhuận,2019,PNJ_financial_statements_2019_separate,separate,PNJ/2019/PNJ_financial_statements_2019_separate/PNJ_financial_statements_2019_separate_extracted.txt
PNJ,CTCP Vàng bạc Đá quý Phú Nhuận,2020,PNJ_financial_statements_2020_consolidated,consolidated,PNJ/2020/PNJ_financial_statements_2020_consolidated/PNJ_financial_statements_2020_consolidated_extracted.txt
PNJ,CTCP Vàng bạc Đá quý Phú Nhuận,2020,PNJ_financial_statements_2020_separate,separate,PNJ/2020/PNJ_financial_statements_2020_separate/PNJ_financial_statements_2020_separate_extracted.txt
PNJ,CTCP Vàng bạc Đá quý Phú Nhuận,2021,PNJ_financial_statements_2021_consolidated,consolidated,PNJ/2021/PNJ_financial_statements_2021_consolidated/PNJ_financial_statements_2021_consolidated_extracted.txt
PNJ,CTCP Vàng bạc Đá quý Phú Nhuận,2021,PNJ_financial_statements_2021_separate,separate,PNJ/2021/PNJ_financial_statements_2021_separate/PNJ_financial_statements_2021_separate_extracted.txt
PNJ,CTCP Vàng bạc Đá quý Phú Nhuận,2022,PNJ_financial_statements_2022_consolidated,consolidated,PNJ/2022/PNJ_financial_statements_2022_consolidated/PNJ_financial_statements_2022_consolidated_extracted.txt
PNJ,CTCP Vàng bạc Đá quý Phú Nhuận,2022,PNJ_financial_statements_2022_separate,separate,PNJ/2022/PNJ_financial_statements_2022_separate/PNJ_financial_statements_2022_separate_extracted.txt
PNJ,CTCP Vàng bạc Đá quý Phú Nhuận,2023,PNJ_financial_statements_2023_consolidated,consolidated,PNJ/2023/PNJ_financial_statements_2023_consolidated/PNJ_financial_statements_2023_consolidated_extracted.txt
PNJ,CTCP Vàng bạc Đá quý Phú Nhuận,2023,PNJ_financial_statements_2023_separate,separate,PNJ/2023/PNJ_financial_statements_2023_separate/PNJ_financial_statements_2023_separate_extracted.txt
PNJ,CTCP Vàng bạc Đá quý Phú Nhuận,2024,PNJ_financial_statements_2024_consolidated,consolidated,PNJ/2024/PNJ_financial_statements_2024_consolidated/PNJ_financial_statements_2024_consolidated_extracted.txt
PNJ,CTCP Vàng bạc Đá quý Phú Nhuận,2024,PNJ_financial_statements_2024_separate,separate,PNJ/2024/PNJ_financial_statements_2024_separate/PNJ_financial_statements_2024_separate_extracted.txt
PNJ,CTCP Vàng bạc Đá quý Phú Nhuận,2025,PNJ_financial_statements_2025_consolidated,consolidated,PNJ/2025/PNJ_financial_statements_2025_consolidated/PNJ_financial_statements_2025_consolidated_extracted.txt
PNJ,CTCP Vàng bạc Đá quý Phú Nhuận,2025,PNJ_financial_statements_2025_separate,separate,PNJ/2025/PNJ_financial_statements_2025_separate/PNJ_financial_statements_2025_separate_extracted.txt
POW,Tổng Công ty Điện lực Dầu khí Việt Nam - CTCP,2017,POW_financial_statements_2017_consolidated,consolidated,POW/2017/POW_financial_statements_2017_consolidated/POW_financial_statements_2017_consolidated_extracted.txt
POW,Tổng Công ty Điện lực Dầu khí Việt Nam - CTCP,2017,POW_financial_statements_2017_separate,separate,POW/2017/POW_financial_statements_2017_separate/POW_financial_statements_2017_separate_extracted.txt
POW,Tổng Công ty Điện lực Dầu khí Việt Nam - CTCP,2018,POW_financial_statements_2018_consolidated,consolidated,POW/2018/POW_financial_statements_2018_consolidated/POW_financial_statements_2018_consolidated_extracted.txt
POW,Tổng Công ty Điện lực Dầu khí Việt Nam - CTCP,2018,POW_financial_statements_2018_separate,separate,POW/2018/POW_financial_statements_2018_separate/POW_financial_statements_2018_separate_extracted.txt
POW,Tổng Công ty Điện lực Dầu khí Việt Nam - CTCP,2019,POW_financial_statements_2019_consolidated,consolidated,POW/2019/POW_financial_statements_2019_consolidated/POW_financial_statements_2019_consolidated_extracted.txt
POW,Tổng Công ty Điện lực Dầu khí Việt Nam - CTCP,2019,POW_financial_statements_2019_separate,separate,POW/2019/POW_financial_statements_2019_separate/POW_financial_statements_2019_separate_extracted.txt
POW,Tổng Công ty Điện lực Dầu khí Việt Nam - CTCP,2020,POW_financial_statements_2020_consolidated,consolidated,POW/2020/POW_financial_statements_2020_consolidated/POW_financial_statements_2020_consolidated_extracted.txt
POW,Tổng Công ty Điện lực Dầu khí Việt Nam - CTCP,2020,POW_financial_statements_2020_separate,separate,POW/2020/POW_financial_statements_2020_separate/POW_financial_statements_2020_separate_extracted.txt
POW,Tổng Công ty Điện lực Dầu khí Việt Nam - CTCP,2021,POW_financial_statements_2021_consolidated,consolidated,POW/2021/POW_financial_statements_2021_consolidated/POW_financial_statements_2021_consolidated_extracted.txt
POW,Tổng Công ty Điện lực Dầu khí Việt Nam - CTCP,2021,POW_financial_statements_2021_separate,separate,POW/2021/POW_financial_statements_2021_separate/POW_financial_statements_2021_separate_extracted.txt
POW,Tổng Công ty Điện lực Dầu khí Việt Nam - CTCP,2022,POW_financial_statements_2022_consolidated,consolidated,POW/2022/POW_financial_statements_2022_consolidated/POW_financial_statements_2022_consolidated_extracted.txt
POW,Tổng Công ty Điện lực Dầu khí Việt Nam - CTCP,2022,POW_financial_statements_2022_separate,separate,POW/2022/POW_financial_statements_2022_separate/POW_financial_statements_2022_separate_extracted.txt
POW,Tổng Công ty Điện lực Dầu khí Việt Nam - CTCP,2023,POW_financial_statements_2023_consolidated,consolidated,POW/2023/POW_financial_statements_2023_consolidated/POW_financial_statements_2023_consolidated_extracted.txt
POW,Tổng Công ty Điện lực Dầu khí Việt Nam - CTCP,2023,POW_financial_statements_2023_separate,separate,POW/2023/POW_financial_statements_2023_separate/POW_financial_statements_2023_separate_extracted.txt
POW,Tổng Công ty Điện lực Dầu khí Việt Nam - CTCP,2024,POW_financial_statements_2024_consolidated,consolidated,POW/2024/POW_financial_statements_2024_consolidated/POW_financial_statements_2024_consolidated_extracted.txt
POW,Tổng Công ty Điện lực Dầu khí Việt Nam - CTCP,2024,POW_financial_statements_2024_separate,separate,POW/2024/POW_financial_statements_2024_separate/POW_financial_statements_2024_separate_extracted.txt
POW,Tổng Công ty Điện lực Dầu khí Việt Nam - CTCP,2025,POW_financial_statements_2025_consolidated_1,consolidated,POW/2025/POW_financial_statements_2025_consolidated_1/POW_financial_statements_2025_consolidated_1_extracted.txt
POW,Tổng Công ty Điện lực Dầu khí Việt Nam - CTCP,2025,POW_financial_statements_2025_consolidated_2,consolidated,POW/2025/POW_financial_statements_2025_consolidated_2/POW_financial_statements_2025_consolidated_2_extracted.txt
POW,Tổng Công ty Điện lực Dầu khí Việt Nam - CTCP,2025,POW_financial_statements_2025_separate,separate,POW/2025/POW_financial_statements_2025_separate/POW_financial_statements_2025_separate_extracted.txt
PRT,Tổng Công ty Sản xuất - Xuất nhập khẩu Bình Dương - CTCP,2017,PRT_financial_statements_2017_consolidated,consolidated,PRT/2017/PRT_financial_statements_2017_consolidated/PRT_financial_statements_2017_consolidated_extracted.txt
PRT,Tổng Công ty Sản xuất - Xuất nhập khẩu Bình Dương - CTCP,2017,PRT_financial_statements_2017_separate,separate,PRT/2017/PRT_financial_statements_2017_separate/PRT_financial_statements_2017_separate_extracted.txt
PRT,Tổng Công ty Sản xuất - Xuất nhập khẩu Bình Dương - CTCP,2018,PRT_financial_statements_2018_consolidated,consolidated,PRT/2018/PRT_financial_statements_2018_consolidated/PRT_financial_statements_2018_consolidated_extracted.txt
PRT,Tổng Công ty Sản xuất - Xuất nhập khẩu Bình Dương - CTCP,2018,PRT_financial_statements_2018_separate,separate,PRT/2018/PRT_financial_statements_2018_separate/PRT_financial_statements_2018_separate_extracted.txt
PRT,Tổng Công ty Sản xuất - Xuất nhập khẩu Bình Dương - CTCP,2019,PRT_financial_statements_2019_consolidated,consolidated,PRT/2019/PRT_financial_statements_2019_consolidated/PRT_financial_statements_2019_consolidated_extracted.txt
PRT,Tổng Công ty Sản xuất - Xuất nhập khẩu Bình Dương - CTCP,2019,PRT_financial_statements_2019_separate,separate,PRT/2019/PRT_financial_statements_2019_separate/PRT_financial_statements_2019_separate_extracted.txt
PRT,Tổng Công ty Sản xuất - Xuất nhập khẩu Bình Dương - CTCP,2020,PRT_2020_financial_statement_explanations,other,PRT/2020/PRT_2020_financial_statement_explanations/PRT_2020_financial_statement_explanations_extracted.txt
PRT,Tổng Công ty Sản xuất - Xuất nhập khẩu Bình Dương - CTCP,2020,PRT_financial_statements_2020_consolidated,consolidated,PRT/2020/PRT_financial_statements_2020_consolidated/PRT_financial_statements_2020_consolidated_extracted.txt
PRT,Tổng Công ty Sản xuất - Xuất nhập khẩu Bình Dương - CTCP,2020,PRT_financial_statements_2020_separate,separate,PRT/2020/PRT_financial_statements_2020_separate/PRT_financial_statements_2020_separate_extracted.txt
PRT,Tổng Công ty Sản xuất - Xuất nhập khẩu Bình Dương - CTCP,2021,PRT_2021_explanatory_letters_1,other,PRT/2021/PRT_2021_explanatory_letters_1/PRT_2021_explanatory_letters_1_extracted.txt
PRT,Tổng Công ty Sản xuất - Xuất nhập khẩu Bình Dương - CTCP,2021,PRT_2021_explanatory_letters_2,other,PRT/2021/PRT_2021_explanatory_letters_2/PRT_2021_explanatory_letters_2_extracted.txt
PRT,Tổng Công ty Sản xuất - Xuất nhập khẩu Bình Dương - CTCP,2021,PRT_financial_statements_2021_consolidated,consolidated,PRT/2021/PRT_financial_statements_2021_consolidated/PRT_financial_statements_2021_consolidated_extracted.txt
PRT,Tổng Công ty Sản xuất - Xuất nhập khẩu Bình Dương - CTCP,2021,PRT_financial_statements_2021_separate,separate,PRT/2021/PRT_financial_statements_2021_separate/PRT_financial_statements_2021_separate_extracted.txt
PRT,Tổng Công ty Sản xuất - Xuất nhập khẩu Bình Dương - CTCP,2022,PRT_2022_explanatory_letters_1,other,PRT/2022/PRT_2022_explanatory_letters_1/PRT_2022_explanatory_letters_1_extracted.txt
PRT,Tổng Công ty Sản xuất - Xuất nhập khẩu Bình Dương - CTCP,2022,PRT_2022_explanatory_letters_2,other,PRT/2022/PRT_2022_explanatory_letters_2/PRT_2022_explanatory_letters_2_extracted.txt
PRT,Tổng Công ty Sản xuất - Xuất nhập khẩu Bình Dương - CTCP,2022,PRT_financial_statements_2022_consolidated,consolidated,PRT/2022/PRT_financial_statements_2022_consolidated/PRT_financial_statements_2022_consolidated_extracted.txt
PRT,Tổng Công ty Sản xuất - Xuất nhập khẩu Bình Dương - CTCP,2022,PRT_financial_statements_2022_separate,separate,PRT/2022/PRT_financial_statements_2022_separate/PRT_financial_statements_2022_separate_extracted.txt
PRT,Tổng Công ty Sản xuất - Xuất nhập khẩu Bình Dương - CTCP,2023,PRT_2023_explanatory_letters_1,other,PRT/2023/PRT_2023_explanatory_letters_1/PRT_2023_explanatory_letters_1_extracted.txt
PRT,Tổng Công ty Sản xuất - Xuất nhập khẩu Bình Dương - CTCP,2023,PRT_2023_explanatory_letters_2,other,PRT/2023/PRT_2023_explanatory_letters_2/PRT_2023_explanatory_letters_2_extracted.txt
PRT,Tổng Công ty Sản xuất - Xuất nhập khẩu Bình Dương - CTCP,2023,PRT_financial_statements_2023_consolidated,consolidated,PRT/2023/PRT_financial_statements_2023_consolidated/PRT_financial_statements_2023_consolidated_extracted.txt
PRT,Tổng Công ty Sản xuất - Xuất nhập khẩu Bình Dương - CTCP,2023,PRT_financial_statements_2023_separate,separate,PRT/2023/PRT_financial_statements_2023_separate/PRT_financial_statements_2023_separate_extracted.txt
PRT,Tổng Công ty Sản xuất - Xuất nhập khẩu Bình Dương - CTCP,2024,PRT_2024_financial_statement_explanations_1,other,PRT/2024/PRT_2024_financial_statement_explanations_1/PRT_2024_financial_statement_explanations_1_extracted.txt
PRT,Tổng Công ty Sản xuất - Xuất nhập khẩu Bình Dương - CTCP,2024,PRT_2024_financial_statement_explanations_2,other,PRT/2024/PRT_2024_financial_statement_explanations_2/PRT_2024_financial_statement_explanations_2_extracted.txt
PRT,Tổng Công ty Sản xuất - Xuất nhập khẩu Bình Dương - CTCP,2024,PRT_financial_statements_2024_consolidated,consolidated,PRT/2024/PRT_financial_statements_2024_consolidated/PRT_financial_statements_2024_consolidated_extracted.txt
PRT,Tổng Công ty Sản xuất - Xuất nhập khẩu Bình Dương - CTCP,2024,PRT_financial_statements_2024_separate,separate,PRT/2024/PRT_financial_statements_2024_separate/PRT_financial_statements_2024_separate_extracted.txt
PRT,Tổng Công ty Sản xuất - Xuất nhập khẩu Bình Dương - CTCP,2025,PRT_2025_financial_statement_explanations_1,other,PRT/2025/PRT_2025_financial_statement_explanations_1/PRT_2025_financial_statement_explanations_1_extracted.txt
PRT,Tổng Công ty Sản xuất - Xuất nhập khẩu Bình Dương - CTCP,2025,PRT_2025_financial_statement_explanations_2,other,PRT/2025/PRT_2025_financial_statement_explanations_2/PRT_2025_financial_statement_explanations_2_extracted.txt
PRT,Tổng Công ty Sản xuất - Xuất nhập khẩu Bình Dương - CTCP,2025,PRT_financial_statements_2025_consolidated,consolidated,PRT/2025/PRT_financial_statements_2025_consolidated/PRT_financial_statements_2025_consolidated_extracted.txt
PRT,Tổng Công ty Sản xuất - Xuất nhập khẩu Bình Dương - CTCP,2025,PRT_financial_statements_2025_separate,separate,PRT/2025/PRT_financial_statements_2025_separate/PRT_financial_statements_2025_separate_extracted.txt
PVT,Tổng Công ty cổ phần Vận tải Dầu khí,2015,PVT_financial_statements_2015_consolidated,consolidated,PVT/2015/PVT_financial_statements_2015_consolidated/PVT_financial_statements_2015_consolidated_extracted.txt
PVT,Tổng Công ty cổ phần Vận tải Dầu khí,2015,PVT_financial_statements_2015_separate,separate,PVT/2015/PVT_financial_statements_2015_separate/PVT_financial_statements_2015_separate_extracted.txt
PVT,Tổng Công ty cổ phần Vận tải Dầu khí,2016,PVT_financial_statements_2016_consolidated,consolidated,PVT/2016/PVT_financial_statements_2016_consolidated/PVT_financial_statements_2016_consolidated_extracted.txt
PVT,Tổng Công ty cổ phần Vận tải Dầu khí,2016,PVT_financial_statements_2016_separate,separate,PVT/2016/PVT_financial_statements_2016_separate/PVT_financial_statements_2016_separate_extracted.txt
PVT,Tổng Công ty cổ phần Vận tải Dầu khí,2017,PVT_financial_statements_2017_consolidated,consolidated,PVT/2017/PVT_financial_statements_2017_consolidated/PVT_financial_statements_2017_consolidated_extracted.txt
PVT,Tổng Công ty cổ phần Vận tải Dầu khí,2017,PVT_financial_statements_2017_separate,separate,PVT/2017/PVT_financial_statements_2017_separate/PVT_financial_statements_2017_separate_extracted.txt
PVT,Tổng Công ty cổ phần Vận tải Dầu khí,2018,PVT_financial_statements_2018_consolidated,consolidated,PVT/2018/PVT_financial_statements_2018_consolidated/PVT_financial_statements_2018_consolidated_extracted.txt
PVT,Tổng Công ty cổ phần Vận tải Dầu khí,2018,PVT_financial_statements_2018_separate,separate,PVT/2018/PVT_financial_statements_2018_separate/PVT_financial_statements_2018_separate_extracted.txt
PVT,Tổng Công ty cổ phần Vận tải Dầu khí,2019,PVT_financial_statements_2019_consolidated,consolidated,PVT/2019/PVT_financial_statements_2019_consolidated/PVT_financial_statements_2019_consolidated_extracted.txt
PVT,Tổng Công ty cổ phần Vận tải Dầu khí,2019,PVT_financial_statements_2019_separate,separate,PVT/2019/PVT_financial_statements_2019_separate/PVT_financial_statements_2019_separate_extracted.txt
PVT,Tổng Công ty cổ phần Vận tải Dầu khí,2020,PVT_financial_statements_2020_consolidated,consolidated,PVT/2020/PVT_financial_statements_2020_consolidated/PVT_financial_statements_2020_consolidated_extracted.txt
PVT,Tổng Công ty cổ phần Vận tải Dầu khí,2020,PVT_financial_statements_2020_separate,separate,PVT/2020/PVT_financial_statements_2020_separate/PVT_financial_statements_2020_separate_extracted.txt
PVT,Tổng Công ty cổ phần Vận tải Dầu khí,2021,PVT_financial_statements_2021_consolidated,consolidated,PVT/2021/PVT_financial_statements_2021_consolidated/PVT_financial_statements_2021_consolidated_extracted.txt
PVT,Tổng Công ty cổ phần Vận tải Dầu khí,2021,PVT_financial_statements_2021_separate,separate,PVT/2021/PVT_financial_statements_2021_separate/PVT_financial_statements_2021_separate_extracted.txt
PVT,Tổng Công ty cổ phần Vận tải Dầu khí,2022,PVT_financial_statements_2022_consolidated,consolidated,PVT/2022/PVT_financial_statements_2022_consolidated/PVT_financial_statements_2022_consolidated_extracted.txt
PVT,Tổng Công ty cổ phần Vận tải Dầu khí,2022,PVT_financial_statements_2022_separate,separate,PVT/2022/PVT_financial_statements_2022_separate/PVT_financial_statements_2022_separate_extracted.txt
PVT,Tổng Công ty cổ phần Vận tải Dầu khí,2023,PVT_financial_statements_2023_consolidated,consolidated,PVT/2023/PVT_financial_statements_2023_consolidated/PVT_financial_statements_2023_consolidated_extracted.txt
PVT,Tổng Công ty cổ phần Vận tải Dầu khí,2023,PVT_financial_statements_2023_separate,separate,PVT/2023/PVT_financial_statements_2023_separate/PVT_financial_statements_2023_separate_extracted.txt
PVT,Tổng Công ty cổ phần Vận tải Dầu khí,2024,PVT_financial_statements_2024_consolidated,consolidated,PVT/2024/PVT_financial_statements_2024_consolidated/PVT_financial_statements_2024_consolidated_extracted.txt
PVT,Tổng Công ty cổ phần Vận tải Dầu khí,2024,PVT_financial_statements_2024_separate,separate,PVT/2024/PVT_financial_statements_2024_separate/PVT_financial_statements_2024_separate_extracted.txt
PVT,Tổng Công ty cổ phần Vận tải Dầu khí,2025,PVT_financial_statements_2025_consolidated,consolidated,PVT/2025/PVT_financial_statements_2025_consolidated/PVT_financial_statements_2025_consolidated_extracted.txt
PVT,Tổng Công ty cổ phần Vận tải Dầu khí,2025,PVT_financial_statements_2025_separate,separate,PVT/2025/PVT_financial_statements_2025_separate/PVT_financial_statements_2025_separate_extracted.txt
QNS,CTCP Đường Quảng Ngãi,2015,QNS_financial_statements_2015_consolidated,consolidated,QNS/2015/QNS_financial_statements_2015_consolidated/QNS_financial_statements_2015_consolidated_extracted.txt
QNS,CTCP Đường Quảng Ngãi,2015,QNS_financial_statements_2015_separate,separate,QNS/2015/QNS_financial_statements_2015_separate/QNS_financial_statements_2015_separate_extracted.txt
QNS,CTCP Đường Quảng Ngãi,2016,QNS_financial_statements_2016_consolidated,consolidated,QNS/2016/QNS_financial_statements_2016_consolidated/QNS_financial_statements_2016_consolidated_extracted.txt
QNS,CTCP Đường Quảng Ngãi,2016,QNS_financial_statements_2016_separate,separate,QNS/2016/QNS_financial_statements_2016_separate/QNS_financial_statements_2016_separate_extracted.txt
QNS,CTCP Đường Quảng Ngãi,2017,QNS_financial_statements_2017_consolidated,consolidated,QNS/2017/QNS_financial_statements_2017_consolidated/QNS_financial_statements_2017_consolidated_extracted.txt
QNS,CTCP Đường Quảng Ngãi,2017,QNS_financial_statements_2017_separate,separate,QNS/2017/QNS_financial_statements_2017_separate/QNS_financial_statements_2017_separate_extracted.txt
QNS,CTCP Đường Quảng Ngãi,2018,QNS_financial_statements_2018_consolidated,consolidated,QNS/2018/QNS_financial_statements_2018_consolidated/QNS_financial_statements_2018_consolidated_extracted.txt
QNS,CTCP Đường Quảng Ngãi,2018,QNS_financial_statements_2018_separate,separate,QNS/2018/QNS_financial_statements_2018_separate/QNS_financial_statements_2018_separate_extracted.txt
QNS,CTCP Đường Quảng Ngãi,2019,QNS_financial_statements_2019_consolidated,consolidated,QNS/2019/QNS_financial_statements_2019_consolidated/QNS_financial_statements_2019_consolidated_extracted.txt
QNS,CTCP Đường Quảng Ngãi,2019,QNS_financial_statements_2019_separate,separate,QNS/2019/QNS_financial_statements_2019_separate/QNS_financial_statements_2019_separate_extracted.txt
QNS,CTCP Đường Quảng Ngãi,2020,QNS_financial_statements_2020_consolidated,consolidated,QNS/2020/QNS_financial_statements_2020_consolidated/QNS_financial_statements_2020_consolidated_extracted.txt
QNS,CTCP Đường Quảng Ngãi,2020,QNS_financial_statements_2020_separate,separate,QNS/2020/QNS_financial_statements_2020_separate/QNS_financial_statements_2020_separate_extracted.txt
QNS,CTCP Đường Quảng Ngãi,2021,QNS_financial_statements_2021_consolidated,consolidated,QNS/2021/QNS_financial_statements_2021_consolidated/QNS_financial_statements_2021_consolidated_extracted.txt
QNS,CTCP Đường Quảng Ngãi,2021,QNS_financial_statements_2021_separate,separate,QNS/2021/QNS_financial_statements_2021_separate/QNS_financial_statements_2021_separate_extracted.txt
QNS,CTCP Đường Quảng Ngãi,2022,QNS_financial_statements_2022_consolidated,consolidated,QNS/2022/QNS_financial_statements_2022_consolidated/QNS_financial_statements_2022_consolidated_extracted.txt
QNS,CTCP Đường Quảng Ngãi,2022,QNS_financial_statements_2022_separate,separate,QNS/2022/QNS_financial_statements_2022_separate/QNS_financial_statements_2022_separate_extracted.txt
QNS,CTCP Đường Quảng Ngãi,2023,QNS_financial_statements_2023_consolidated,consolidated,QNS/2023/QNS_financial_statements_2023_consolidated/QNS_financial_statements_2023_consolidated_extracted.txt
QNS,CTCP Đường Quảng Ngãi,2023,QNS_financial_statements_2023_separate,separate,QNS/2023/QNS_financial_statements_2023_separate/QNS_financial_statements_2023_separate_extracted.txt
QNS,CTCP Đường Quảng Ngãi,2024,QNS_financial_statements_2024_consolidated,consolidated,QNS/2024/QNS_financial_statements_2024_consolidated/QNS_financial_statements_2024_consolidated_extracted.txt
QNS,CTCP Đường Quảng Ngãi,2024,QNS_financial_statements_2024_separate,separate,QNS/2024/QNS_financial_statements_2024_separate/QNS_financial_statements_2024_separate_extracted.txt
QNS,CTCP Đường Quảng Ngãi,2025,QNS_financial_statements_2025_consolidated,consolidated,QNS/2025/QNS_financial_statements_2025_consolidated/QNS_financial_statements_2025_consolidated_extracted.txt
QNS,CTCP Đường Quảng Ngãi,2025,QNS_financial_statements_2025_separate,separate,QNS/2025/QNS_financial_statements_2025_separate/QNS_financial_statements_2025_separate_extracted.txt
SAB,Tổng Công ty cổ phần Bia - Rượu - Nước giải khát Sài Gòn,2016,SAB_financial_statements_2016_consolidated,consolidated,SAB/2016/SAB_financial_statements_2016_consolidated/SAB_financial_statements_2016_consolidated_extracted.txt
SAB,Tổng Công ty cổ phần Bia - Rượu - Nước giải khát Sài Gòn,2016,SAB_financial_statements_2016_separate,separate,SAB/2016/SAB_financial_statements_2016_separate/SAB_financial_statements_2016_separate_extracted.txt
SAB,Tổng Công ty cổ phần Bia - Rượu - Nước giải khát Sài Gòn,2017,SAB_financial_statements_2017_consolidated,consolidated,SAB/2017/SAB_financial_statements_2017_consolidated/SAB_financial_statements_2017_consolidated_extracted.txt
SAB,Tổng Công ty cổ phần Bia - Rượu - Nước giải khát Sài Gòn,2017,SAB_financial_statements_2017_separate,separate,SAB/2017/SAB_financial_statements_2017_separate/SAB_financial_statements_2017_separate_extracted.txt
SAB,Tổng Công ty cổ phần Bia - Rượu - Nước giải khát Sài Gòn,2018,SAB_financial_statements_2018_consolidated,consolidated,SAB/2018/SAB_financial_statements_2018_consolidated/SAB_financial_statements_2018_consolidated_extracted.txt
SAB,Tổng Công ty cổ phần Bia - Rượu - Nước giải khát Sài Gòn,2018,SAB_financial_statements_2018_separate,separate,SAB/2018/SAB_financial_statements_2018_separate/SAB_financial_statements_2018_separate_extracted.txt
SAB,Tổng Công ty cổ phần Bia - Rượu - Nước giải khát Sài Gòn,2019,SAB_financial_statements_2019_separate,separate,SAB/2019/SAB_financial_statements_2019_separate/SAB_financial_statements_2019_separate_extracted.txt
SAB,Tổng Công ty cổ phần Bia - Rượu - Nước giải khát Sài Gòn,2020,SAB_financial_statements_2020_consolidated,consolidated,SAB/2020/SAB_financial_statements_2020_consolidated/SAB_financial_statements_2020_consolidated_extracted.txt
SAB,Tổng Công ty cổ phần Bia - Rượu - Nước giải khát Sài Gòn,2020,SAB_financial_statements_2020_separate,separate,SAB/2020/SAB_financial_statements_2020_separate/SAB_financial_statements_2020_separate_extracted.txt
SAB,Tổng Công ty cổ phần Bia - Rượu - Nước giải khát Sài Gòn,2021,SAB_financial_statements_2021_consolidated,consolidated,SAB/2021/SAB_financial_statements_2021_consolidated/SAB_financial_statements_2021_consolidated_extracted.txt
SAB,Tổng Công ty cổ phần Bia - Rượu - Nước giải khát Sài Gòn,2021,SAB_financial_statements_2021_separate,separate,SAB/2021/SAB_financial_statements_2021_separate/SAB_financial_statements_2021_separate_extracted.txt
SAB,Tổng Công ty cổ phần Bia - Rượu - Nước giải khát Sài Gòn,2022,SAB_financial_statements_2022_consolidated,consolidated,SAB/2022/SAB_financial_statements_2022_consolidated/SAB_financial_statements_2022_consolidated_extracted.txt
SAB,Tổng Công ty cổ phần Bia - Rượu - Nước giải khát Sài Gòn,2022,SAB_financial_statements_2022_separate,separate,SAB/2022/SAB_financial_statements_2022_separate/SAB_financial_statements_2022_separate_extracted.txt
SAB,Tổng Công ty cổ phần Bia - Rượu - Nước giải khát Sài Gòn,2023,SAB_financial_statements_2023_consolidated,consolidated,SAB/2023/SAB_financial_statements_2023_consolidated/SAB_financial_statements_2023_consolidated_extracted.txt
SAB,Tổng Công ty cổ phần Bia - Rượu - Nước giải khát Sài Gòn,2023,SAB_financial_statements_2023_separate,separate,SAB/2023/SAB_financial_statements_2023_separate/SAB_financial_statements_2023_separate_extracted.txt
SAB,Tổng Công ty cổ phần Bia - Rượu - Nước giải khát Sài Gòn,2024,SAB_financial_statements_2024_consolidated,consolidated,SAB/2024/SAB_financial_statements_2024_consolidated/SAB_financial_statements_2024_consolidated_extracted.txt
SAB,Tổng Công ty cổ phần Bia - Rượu - Nước giải khát Sài Gòn,2024,SAB_financial_statements_2024_separate,separate,SAB/2024/SAB_financial_statements_2024_separate/SAB_financial_statements_2024_separate_extracted.txt
SAB,Tổng Công ty cổ phần Bia - Rượu - Nước giải khát Sài Gòn,2025,SAB_financial_statements_2025_consolidated,consolidated,SAB/2025/SAB_financial_statements_2025_consolidated/SAB_financial_statements_2025_consolidated_extracted.txt
SAB,Tổng Công ty cổ phần Bia - Rượu - Nước giải khát Sài Gòn,2025,SAB_financial_statements_2025_separate,separate,SAB/2025/SAB_financial_statements_2025_separate/SAB_financial_statements_2025_separate_extracted.txt
SAM,CTCP SAM Holdings,2015,SAM_financial_statements_2015_consolidated,consolidated,SAM/2015/SAM_financial_statements_2015_consolidated/SAM_financial_statements_2015_consolidated_extracted.txt
SAM,CTCP SAM Holdings,2015,SAM_financial_statements_2015_separate,separate,SAM/2015/SAM_financial_statements_2015_separate/SAM_financial_statements_2015_separate_extracted.txt
SAM,CTCP SAM Holdings,2016,SAM_financial_statements_2016_consolidated,consolidated,SAM/2016/SAM_financial_statements_2016_consolidated/SAM_financial_statements_2016_consolidated_extracted.txt
SAM,CTCP SAM Holdings,2016,SAM_financial_statements_2016_separate,separate,SAM/2016/SAM_financial_statements_2016_separate/SAM_financial_statements_2016_separate_extracted.txt
SAM,CTCP SAM Holdings,2017,SAM_financial_statements_2017_consolidated,consolidated,SAM/2017/SAM_financial_statements_2017_consolidated/SAM_financial_statements_2017_consolidated_extracted.txt
SAM,CTCP SAM Holdings,2017,SAM_financial_statements_2017_separate,separate,SAM/2017/SAM_financial_statements_2017_separate/SAM_financial_statements_2017_separate_extracted.txt
SAM,CTCP SAM Holdings,2018,SAM_financial_statements_2018_consolidated,consolidated,SAM/2018/SAM_financial_statements_2018_consolidated/SAM_financial_statements_2018_consolidated_extracted.txt
SAM,CTCP SAM Holdings,2018,SAM_financial_statements_2018_separate,separate,SAM/2018/SAM_financial_statements_2018_separate/SAM_financial_statements_2018_separate_extracted.txt
SAM,CTCP SAM Holdings,2019,SAM_financial_statements_2019_consolidated,consolidated,SAM/2019/SAM_financial_statements_2019_consolidated/SAM_financial_statements_2019_consolidated_extracted.txt
SAM,CTCP SAM Holdings,2019,SAM_financial_statements_2019_separate,separate,SAM/2019/SAM_financial_statements_2019_separate/SAM_financial_statements_2019_separate_extracted.txt
SAM,CTCP SAM Holdings,2020,SAM_financial_statements_2020_consolidated,consolidated,SAM/2020/SAM_financial_statements_2020_consolidated/SAM_financial_statements_2020_consolidated_extracted.txt
SAM,CTCP SAM Holdings,2020,SAM_financial_statements_2020_separate,separate,SAM/2020/SAM_financial_statements_2020_separate/SAM_financial_statements_2020_separate_extracted.txt
SAM,CTCP SAM Holdings,2021,SAM_financial_statements_2021_consolidated,consolidated,SAM/2021/SAM_financial_statements_2021_consolidated/SAM_financial_statements_2021_consolidated_extracted.txt
SAM,CTCP SAM Holdings,2021,SAM_financial_statements_2021_separate,separate,SAM/2021/SAM_financial_statements_2021_separate/SAM_financial_statements_2021_separate_extracted.txt
SAM,CTCP SAM Holdings,2022,SAM_financial_statements_2022_consolidated,consolidated,SAM/2022/SAM_financial_statements_2022_consolidated/SAM_financial_statements_2022_consolidated_extracted.txt
SAM,CTCP SAM Holdings,2022,SAM_financial_statements_2022_separate,separate,SAM/2022/SAM_financial_statements_2022_separate/SAM_financial_statements_2022_separate_extracted.txt
SAM,CTCP SAM Holdings,2023,SAM_financial_statements_2023_consolidated,consolidated,SAM/2023/SAM_financial_statements_2023_consolidated/SAM_financial_statements_2023_consolidated_extracted.txt
SAM,CTCP SAM Holdings,2023,SAM_financial_statements_2023_separate,separate,SAM/2023/SAM_financial_statements_2023_separate/SAM_financial_statements_2023_separate_extracted.txt
SAM,CTCP SAM Holdings,2024,SAM_financial_statements_2024_consolidated,consolidated,SAM/2024/SAM_financial_statements_2024_consolidated/SAM_financial_statements_2024_consolidated_extracted.txt
SAM,CTCP SAM Holdings,2024,SAM_financial_statements_2024_separate,separate,SAM/2024/SAM_financial_statements_2024_separate/SAM_financial_statements_2024_separate_extracted.txt
SAM,CTCP SAM Holdings,2025,SAM_financial_statements_2025_consolidated,consolidated,SAM/2025/SAM_financial_statements_2025_consolidated/SAM_financial_statements_2025_consolidated_extracted.txt
SAM,CTCP SAM Holdings,2025,SAM_financial_statements_2025_separate,separate,SAM/2025/SAM_financial_statements_2025_separate/SAM_financial_statements_2025_separate_extracted.txt
SCR,CTCP Địa ốc Sài Gòn Thương Tín,2015,SCR_financial_statements_2015_consolidated,consolidated,SCR/2015/SCR_financial_statements_2015_consolidated/SCR_financial_statements_2015_consolidated_extracted.txt
SCR,CTCP Địa ốc Sài Gòn Thương Tín,2015,SCR_financial_statements_2015_separate,separate,SCR/2015/SCR_financial_statements_2015_separate/SCR_financial_statements_2015_separate_extracted.txt
SCR,CTCP Địa ốc Sài Gòn Thương Tín,2016,SCR_financial_statements_2016_consolidated,consolidated,SCR/2016/SCR_financial_statements_2016_consolidated/SCR_financial_statements_2016_consolidated_extracted.txt
SCR,CTCP Địa ốc Sài Gòn Thương Tín,2016,SCR_financial_statements_2016_separate,separate,SCR/2016/SCR_financial_statements_2016_separate/SCR_financial_statements_2016_separate_extracted.txt
SCR,CTCP Địa ốc Sài Gòn Thương Tín,2017,SCR_financial_statements_2017_consolidated,consolidated,SCR/2017/SCR_financial_statements_2017_consolidated/SCR_financial_statements_2017_consolidated_extracted.txt
SCR,CTCP Địa ốc Sài Gòn Thương Tín,2017,SCR_financial_statements_2017_separate,separate,SCR/2017/SCR_financial_statements_2017_separate/SCR_financial_statements_2017_separate_extracted.txt
SCR,CTCP Địa ốc Sài Gòn Thương Tín,2018,SCR_financial_statements_2018_consolidated,consolidated,SCR/2018/SCR_financial_statements_2018_consolidated/SCR_financial_statements_2018_consolidated_extracted.txt
SCR,CTCP Địa ốc Sài Gòn Thương Tín,2018,SCR_financial_statements_2018_separate,separate,SCR/2018/SCR_financial_statements_2018_separate/SCR_financial_statements_2018_separate_extracted.txt
SCR,CTCP Địa ốc Sài Gòn Thương Tín,2019,SCR_financial_statements_2019_consolidated,consolidated,SCR/2019/SCR_financial_statements_2019_consolidated/SCR_financial_statements_2019_consolidated_extracted.txt
SCR,CTCP Địa ốc Sài Gòn Thương Tín,2019,SCR_financial_statements_2019_separate,separate,SCR/2019/SCR_financial_statements_2019_separate/SCR_financial_statements_2019_separate_extracted.txt
SCR,CTCP Địa ốc Sài Gòn Thương Tín,2020,SCR_financial_statements_2020_consolidated,consolidated,SCR/2020/SCR_financial_statements_2020_consolidated/SCR_financial_statements_2020_consolidated_extracted.txt
SCR,CTCP Địa ốc Sài Gòn Thương Tín,2020,SCR_financial_statements_2020_separate,separate,SCR/2020/SCR_financial_statements_2020_separate/SCR_financial_statements_2020_separate_extracted.txt
SCR,CTCP Địa ốc Sài Gòn Thương Tín,2021,SCR_financial_statements_2021_consolidated,consolidated,SCR/2021/SCR_financial_statements_2021_consolidated/SCR_financial_statements_2021_consolidated_extracted.txt
SCR,CTCP Địa ốc Sài Gòn Thương Tín,2021,SCR_financial_statements_2021_separate,separate,SCR/2021/SCR_financial_statements_2021_separate/SCR_financial_statements_2021_separate_extracted.txt
SCR,CTCP Địa ốc Sài Gòn Thương Tín,2022,SCR_financial_statements_2022_consolidated,consolidated,SCR/2022/SCR_financial_statements_2022_consolidated/SCR_financial_statements_2022_consolidated_extracted.txt
SCR,CTCP Địa ốc Sài Gòn Thương Tín,2022,SCR_financial_statements_2022_separate,separate,SCR/2022/SCR_financial_statements_2022_separate/SCR_financial_statements_2022_separate_extracted.txt
SCR,CTCP Địa ốc Sài Gòn Thương Tín,2023,SCR_financial_statements_2023_consolidated,consolidated,SCR/2023/SCR_financial_statements_2023_consolidated/SCR_financial_statements_2023_consolidated_extracted.txt
SCR,CTCP Địa ốc Sài Gòn Thương Tín,2023,SCR_financial_statements_2023_separate,separate,SCR/2023/SCR_financial_statements_2023_separate/SCR_financial_statements_2023_separate_extracted.txt
SCR,CTCP Địa ốc Sài Gòn Thương Tín,2024,SCR_financial_statements_2024_consolidated,consolidated,SCR/2024/SCR_financial_statements_2024_consolidated/SCR_financial_statements_2024_consolidated_extracted.txt
SCR,CTCP Địa ốc Sài Gòn Thương Tín,2024,SCR_financial_statements_2024_separate,separate,SCR/2024/SCR_financial_statements_2024_separate/SCR_financial_statements_2024_separate_extracted.txt
SCR,CTCP Địa ốc Sài Gòn Thương Tín,2025,SCR_financial_statements_2025_consolidated,consolidated,SCR/2025/SCR_financial_statements_2025_consolidated/SCR_financial_statements_2025_consolidated_extracted.txt
SCR,CTCP Địa ốc Sài Gòn Thương Tín,2025,SCR_financial_statements_2025_separate,separate,SCR/2025/SCR_financial_statements_2025_separate/SCR_financial_statements_2025_separate_extracted.txt
SGB,Ngân hàng TMCP Sài Gòn Công Thương,2015,SGB_financial_statements_2015_consolidated,consolidated,SGB/2015/SGB_financial_statements_2015_consolidated/SGB_financial_statements_2015_consolidated_extracted.txt
SGB,Ngân hàng TMCP Sài Gòn Công Thương,2015,SGB_financial_statements_2015_separate,separate,SGB/2015/SGB_financial_statements_2015_separate/SGB_financial_statements_2015_separate_extracted.txt
SGB,Ngân hàng TMCP Sài Gòn Công Thương,2016,SGB_financial_statements_2016_consolidated,consolidated,SGB/2016/SGB_financial_statements_2016_consolidated/SGB_financial_statements_2016_consolidated_extracted.txt
SGB,Ngân hàng TMCP Sài Gòn Công Thương,2016,SGB_financial_statements_2016_separate,separate,SGB/2016/SGB_financial_statements_2016_separate/SGB_financial_statements_2016_separate_extracted.txt
SGB,Ngân hàng TMCP Sài Gòn Công Thương,2017,SGB_financial_statements_2017_consolidated,consolidated,SGB/2017/SGB_financial_statements_2017_consolidated/SGB_financial_statements_2017_consolidated_extracted.txt
SGB,Ngân hàng TMCP Sài Gòn Công Thương,2017,SGB_financial_statements_2017_separate,separate,SGB/2017/SGB_financial_statements_2017_separate/SGB_financial_statements_2017_separate_extracted.txt
SGB,Ngân hàng TMCP Sài Gòn Công Thương,2018,SGB_financial_statements_2018_consolidated,consolidated,SGB/2018/SGB_financial_statements_2018_consolidated/SGB_financial_statements_2018_consolidated_extracted.txt
SGB,Ngân hàng TMCP Sài Gòn Công Thương,2018,SGB_financial_statements_2018_separate,separate,SGB/2018/SGB_financial_statements_2018_separate/SGB_financial_statements_2018_separate_extracted.txt
SGB,Ngân hàng TMCP Sài Gòn Công Thương,2019,SGB_financial_statements_2019_consolidated,consolidated,SGB/2019/SGB_financial_statements_2019_consolidated/SGB_financial_statements_2019_consolidated_extracted.txt
SGB,Ngân hàng TMCP Sài Gòn Công Thương,2019,SGB_financial_statements_2019_separate,separate,SGB/2019/SGB_financial_statements_2019_separate/SGB_financial_statements_2019_separate_extracted.txt
SGB,Ngân hàng TMCP Sài Gòn Công Thương,2020,SGB_financial_statements_2020_consolidated,consolidated,SGB/2020/SGB_financial_statements_2020_consolidated/SGB_financial_statements_2020_consolidated_extracted.txt
SGB,Ngân hàng TMCP Sài Gòn Công Thương,2020,SGB_financial_statements_2020_separate,separate,SGB/2020/SGB_financial_statements_2020_separate/SGB_financial_statements_2020_separate_extracted.txt
SGB,Ngân hàng TMCP Sài Gòn Công Thương,2021,SGB_financial_statements_2021_consolidated,consolidated,SGB/2021/SGB_financial_statements_2021_consolidated/SGB_financial_statements_2021_consolidated_extracted.txt
SGB,Ngân hàng TMCP Sài Gòn Công Thương,2021,SGB_financial_statements_2021_separate,separate,SGB/2021/SGB_financial_statements_2021_separate/SGB_financial_statements_2021_separate_extracted.txt
SGB,Ngân hàng TMCP Sài Gòn Công Thương,2022,SGB_financial_statements_2022_consolidated,consolidated,SGB/2022/SGB_financial_statements_2022_consolidated/SGB_financial_statements_2022_consolidated_extracted.txt
SGB,Ngân hàng TMCP Sài Gòn Công Thương,2022,SGB_financial_statements_2022_separate,separate,SGB/2022/SGB_financial_statements_2022_separate/SGB_financial_statements_2022_separate_extracted.txt
SGB,Ngân hàng TMCP Sài Gòn Công Thương,2023,SGB_financial_statements_2023_consolidated,consolidated,SGB/2023/SGB_financial_statements_2023_consolidated/SGB_financial_statements_2023_consolidated_extracted.txt
SGB,Ngân hàng TMCP Sài Gòn Công Thương,2023,SGB_financial_statements_2023_separate,separate,SGB/2023/SGB_financial_statements_2023_separate/SGB_financial_statements_2023_separate_extracted.txt
SGB,Ngân hàng TMCP Sài Gòn Công Thương,2024,SGB_financial_statements_2024_consolidated,consolidated,SGB/2024/SGB_financial_statements_2024_consolidated/SGB_financial_statements_2024_consolidated_extracted.txt
SGB,Ngân hàng TMCP Sài Gòn Công Thương,2024,SGB_financial_statements_2024_separate,separate,SGB/2024/SGB_financial_statements_2024_separate/SGB_financial_statements_2024_separate_extracted.txt
SGB,Ngân hàng TMCP Sài Gòn Công Thương,2025,SGB_financial_statements_2025_consolidated,consolidated,SGB/2025/SGB_financial_statements_2025_consolidated/SGB_financial_statements_2025_consolidated_extracted.txt
SGB,Ngân hàng TMCP Sài Gòn Công Thương,2025,SGB_financial_statements_2025_separate,separate,SGB/2025/SGB_financial_statements_2025_separate/SGB_financial_statements_2025_separate_extracted.txt
SHB,Ngân hàng TMCP Sài Gòn - Hà Nội,2015,SHB_financial_statements_2015_consolidated,consolidated,SHB/2015/SHB_financial_statements_2015_consolidated/SHB_financial_statements_2015_consolidated_extracted.txt
SHB,Ngân hàng TMCP Sài Gòn - Hà Nội,2015,SHB_financial_statements_2015_separate,separate,SHB/2015/SHB_financial_statements_2015_separate/SHB_financial_statements_2015_separate_extracted.txt
SHB,Ngân hàng TMCP Sài Gòn - Hà Nội,2016,SHB_financial_statements_2016_consolidated,consolidated,SHB/2016/SHB_financial_statements_2016_consolidated/SHB_financial_statements_2016_consolidated_extracted.txt
SHB,Ngân hàng TMCP Sài Gòn - Hà Nội,2016,SHB_financial_statements_2016_separate,separate,SHB/2016/SHB_financial_statements_2016_separate/SHB_financial_statements_2016_separate_extracted.txt
SHB,Ngân hàng TMCP Sài Gòn - Hà Nội,2017,SHB_financial_statements_2017_consolidated,consolidated,SHB/2017/SHB_financial_statements_2017_consolidated/SHB_financial_statements_2017_consolidated_extracted.txt
SHB,Ngân hàng TMCP Sài Gòn - Hà Nội,2017,SHB_financial_statements_2017_separate,separate,SHB/2017/SHB_financial_statements_2017_separate/SHB_financial_statements_2017_separate_extracted.txt
SHB,Ngân hàng TMCP Sài Gòn - Hà Nội,2018,SHB_financial_statements_2018_consolidated,consolidated,SHB/2018/SHB_financial_statements_2018_consolidated/SHB_financial_statements_2018_consolidated_extracted.txt
SHB,Ngân hàng TMCP Sài Gòn - Hà Nội,2018,SHB_financial_statements_2018_separate,separate,SHB/2018/SHB_financial_statements_2018_separate/SHB_financial_statements_2018_separate_extracted.txt
SHB,Ngân hàng TMCP Sài Gòn - Hà Nội,2019,SHB_financial_statements_2019_consolidated,consolidated,SHB/2019/SHB_financial_statements_2019_consolidated/SHB_financial_statements_2019_consolidated_extracted.txt
SHB,Ngân hàng TMCP Sài Gòn - Hà Nội,2019,SHB_financial_statements_2019_separate,separate,SHB/2019/SHB_financial_statements_2019_separate/SHB_financial_statements_2019_separate_extracted.txt
SHB,Ngân hàng TMCP Sài Gòn - Hà Nội,2020,SHB_financial_statements_2020_consolidated,consolidated,SHB/2020/SHB_financial_statements_2020_consolidated/SHB_financial_statements_2020_consolidated_extracted.txt
SHB,Ngân hàng TMCP Sài Gòn - Hà Nội,2020,SHB_financial_statements_2020_separate,separate,SHB/2020/SHB_financial_statements_2020_separate/SHB_financial_statements_2020_separate_extracted.txt
SHB,Ngân hàng TMCP Sài Gòn - Hà Nội,2021,SHB_financial_statements_2021_consolidated,consolidated,SHB/2021/SHB_financial_statements_2021_consolidated/SHB_financial_statements_2021_consolidated_extracted.txt
SHB,Ngân hàng TMCP Sài Gòn - Hà Nội,2021,SHB_financial_statements_2021_separate,separate,SHB/2021/SHB_financial_statements_2021_separate/SHB_financial_statements_2021_separate_extracted.txt
SHB,Ngân hàng TMCP Sài Gòn - Hà Nội,2022,SHB_financial_statements_2022_consolidated,consolidated,SHB/2022/SHB_financial_statements_2022_consolidated/SHB_financial_statements_2022_consolidated_extracted.txt
SHB,Ngân hàng TMCP Sài Gòn - Hà Nội,2022,SHB_financial_statements_2022_separate,separate,SHB/2022/SHB_financial_statements_2022_separate/SHB_financial_statements_2022_separate_extracted.txt
SHB,Ngân hàng TMCP Sài Gòn - Hà Nội,2023,SHB_financial_statements_2023_consolidated,consolidated,SHB/2023/SHB_financial_statements_2023_consolidated/SHB_financial_statements_2023_consolidated_extracted.txt
SHB,Ngân hàng TMCP Sài Gòn - Hà Nội,2023,SHB_financial_statements_2023_separate,separate,SHB/2023/SHB_financial_statements_2023_separate/SHB_financial_statements_2023_separate_extracted.txt
SHB,Ngân hàng TMCP Sài Gòn - Hà Nội,2024,SHB_financial_statements_2024_consolidated,consolidated,SHB/2024/SHB_financial_statements_2024_consolidated/SHB_financial_statements_2024_consolidated_extracted.txt
SHB,Ngân hàng TMCP Sài Gòn - Hà Nội,2024,SHB_financial_statements_2024_separate,separate,SHB/2024/SHB_financial_statements_2024_separate/SHB_financial_statements_2024_separate_extracted.txt
SHB,Ngân hàng TMCP Sài Gòn - Hà Nội,2025,SHB_financial_statements_2025_consolidated,consolidated,SHB/2025/SHB_financial_statements_2025_consolidated/SHB_financial_statements_2025_consolidated_extracted.txt
SHB,Ngân hàng TMCP Sài Gòn - Hà Nội,2025,SHB_financial_statements_2025_separate,separate,SHB/2025/SHB_financial_statements_2025_separate/SHB_financial_statements_2025_separate_extracted.txt
SJG,Tổng Công ty Sông Đà - CTCP,2018,SJG_financial_statements_2018_aggregated,aggregated,SJG/2018/SJG_financial_statements_2018_aggregated/SJG_financial_statements_2018_aggregated_extracted.txt
SJG,Tổng Công ty Sông Đà - CTCP,2018,SJG_financial_statements_2018_consolidated,consolidated,SJG/2018/SJG_financial_statements_2018_consolidated/SJG_financial_statements_2018_consolidated_extracted.txt
SJG,Tổng Công ty Sông Đà - CTCP,2019,SJG_financial_statements_2019_consolidated,consolidated,SJG/2019/SJG_financial_statements_2019_consolidated/SJG_financial_statements_2019_consolidated_extracted.txt
SJG,Tổng Công ty Sông Đà - CTCP,2019,SJG_financial_statements_2019_separate,separate,SJG/2019/SJG_financial_statements_2019_separate/SJG_financial_statements_2019_separate_extracted.txt
SJG,Tổng Công ty Sông Đà - CTCP,2020,SJG_financial_statements_2020_consolidated,consolidated,SJG/2020/SJG_financial_statements_2020_consolidated/SJG_financial_statements_2020_consolidated_extracted.txt
SJG,Tổng Công ty Sông Đà - CTCP,2020,SJG_financial_statements_2020_separate,separate,SJG/2020/SJG_financial_statements_2020_separate/SJG_financial_statements_2020_separate_extracted.txt
SJG,Tổng Công ty Sông Đà - CTCP,2021,SJG_financial_statements_2021_consolidated,consolidated,SJG/2021/SJG_financial_statements_2021_consolidated/SJG_financial_statements_2021_consolidated_extracted.txt
SJG,Tổng Công ty Sông Đà - CTCP,2021,SJG_financial_statements_2021_separate,separate,SJG/2021/SJG_financial_statements_2021_separate/SJG_financial_statements_2021_separate_extracted.txt
SJG,Tổng Công ty Sông Đà - CTCP,2022,SJG_financial_statements_2022_consolidated,consolidated,SJG/2022/SJG_financial_statements_2022_consolidated/SJG_financial_statements_2022_consolidated_extracted.txt
SJG,Tổng Công ty Sông Đà - CTCP,2022,SJG_financial_statements_2022_separate,separate,SJG/2022/SJG_financial_statements_2022_separate/SJG_financial_statements_2022_separate_extracted.txt
SJG,Tổng Công ty Sông Đà - CTCP,2023,SJG_financial_statements_2023_consolidated,consolidated,SJG/2023/SJG_financial_statements_2023_consolidated/SJG_financial_statements_2023_consolidated_extracted.txt
SJG,Tổng Công ty Sông Đà - CTCP,2023,SJG_financial_statements_2023_separate,separate,SJG/2023/SJG_financial_statements_2023_separate/SJG_financial_statements_2023_separate_extracted.txt
SJG,Tổng Công ty Sông Đà - CTCP,2024,SJG_financial_statements_2024_aggregated,aggregated,SJG/2024/SJG_financial_statements_2024_aggregated/SJG_financial_statements_2024_aggregated_extracted.txt
SJG,Tổng Công ty Sông Đà - CTCP,2024,SJG_financial_statements_2024_consolidated,consolidated,SJG/2024/SJG_financial_statements_2024_consolidated/SJG_financial_statements_2024_consolidated_extracted.txt
SJG,Tổng Công ty Sông Đà - CTCP,2025,SJG_financial_statements_2025_aggregated,aggregated,SJG/2025/SJG_financial_statements_2025_aggregated/SJG_financial_statements_2025_aggregated_extracted.txt
SJG,Tổng Công ty Sông Đà - CTCP,2025,SJG_financial_statements_2025_consolidated,consolidated,SJG/2025/SJG_financial_statements_2025_consolidated/SJG_financial_statements_2025_consolidated_extracted.txt
SNZ,Tổng Công ty cổ phần Phát triển Khu Công nghiệp,2017,SNZ_financial_statements_2017_consolidated,consolidated,SNZ/2017/SNZ_financial_statements_2017_consolidated/SNZ_financial_statements_2017_consolidated_extracted.txt
SNZ,Tổng Công ty cổ phần Phát triển Khu Công nghiệp,2017,SNZ_financial_statements_2017_separate,separate,SNZ/2017/SNZ_financial_statements_2017_separate/SNZ_financial_statements_2017_separate_extracted.txt
SNZ,Tổng Công ty cổ phần Phát triển Khu Công nghiệp,2018,SNZ_financial_statements_2018_consolidated,consolidated,SNZ/2018/SNZ_financial_statements_2018_consolidated/SNZ_financial_statements_2018_consolidated_extracted.txt
SNZ,Tổng Công ty cổ phần Phát triển Khu Công nghiệp,2018,SNZ_financial_statements_2018_separate,separate,SNZ/2018/SNZ_financial_statements_2018_separate/SNZ_financial_statements_2018_separate_extracted.txt
SNZ,Tổng Công ty cổ phần Phát triển Khu Công nghiệp,2019,SNZ_financial_statements_2019_consolidated,consolidated,SNZ/2019/SNZ_financial_statements_2019_consolidated/SNZ_financial_statements_2019_consolidated_extracted.txt
SNZ,Tổng Công ty cổ phần Phát triển Khu Công nghiệp,2019,SNZ_financial_statements_2019_separate,separate,SNZ/2019/SNZ_financial_statements_2019_separate/SNZ_financial_statements_2019_separate_extracted.txt
SNZ,Tổng Công ty cổ phần Phát triển Khu Công nghiệp,2020,SNZ_financial_statements_2020_consolidated,consolidated,SNZ/2020/SNZ_financial_statements_2020_consolidated/SNZ_financial_statements_2020_consolidated_extracted.txt
SNZ,Tổng Công ty cổ phần Phát triển Khu Công nghiệp,2020,SNZ_financial_statements_2020_separate,separate,SNZ/2020/SNZ_financial_statements_2020_separate/SNZ_financial_statements_2020_separate_extracted.txt
SNZ,Tổng Công ty cổ phần Phát triển Khu Công nghiệp,2021,SNZ_financial_statements_2021_consolidated,consolidated,SNZ/2021/SNZ_financial_statements_2021_consolidated/SNZ_financial_statements_2021_consolidated_extracted.txt
SNZ,Tổng Công ty cổ phần Phát triển Khu Công nghiệp,2021,SNZ_financial_statements_2021_separate,separate,SNZ/2021/SNZ_financial_statements_2021_separate/SNZ_financial_statements_2021_separate_extracted.txt
SNZ,Tổng Công ty cổ phần Phát triển Khu Công nghiệp,2022,SNZ_financial_statements_2022_consolidated,consolidated,SNZ/2022/SNZ_financial_statements_2022_consolidated/SNZ_financial_statements_2022_consolidated_extracted.txt
SNZ,Tổng Công ty cổ phần Phát triển Khu Công nghiệp,2022,SNZ_financial_statements_2022_separate,separate,SNZ/2022/SNZ_financial_statements_2022_separate/SNZ_financial_statements_2022_separate_extracted.txt
SNZ,Tổng Công ty cổ phần Phát triển Khu Công nghiệp,2023,SNZ_financial_statements_2023_consolidated,consolidated,SNZ/2023/SNZ_financial_statements_2023_consolidated/SNZ_financial_statements_2023_consolidated_extracted.txt
SNZ,Tổng Công ty cổ phần Phát triển Khu Công nghiệp,2023,SNZ_financial_statements_2023_separate,separate,SNZ/2023/SNZ_financial_statements_2023_separate/SNZ_financial_statements_2023_separate_extracted.txt
SNZ,Tổng Công ty cổ phần Phát triển Khu Công nghiệp,2024,SNZ_financial_statements_2024_consolidated,consolidated,SNZ/2024/SNZ_financial_statements_2024_consolidated/SNZ_financial_statements_2024_consolidated_extracted.txt
SNZ,Tổng Công ty cổ phần Phát triển Khu Công nghiệp,2024,SNZ_financial_statements_2024_separate,separate,SNZ/2024/SNZ_financial_statements_2024_separate/SNZ_financial_statements_2024_separate_extracted.txt
SNZ,Tổng Công ty cổ phần Phát triển Khu Công nghiệp,2025,SNZ_financial_statements_2025_consolidated,consolidated,SNZ/2025/SNZ_financial_statements_2025_consolidated/SNZ_financial_statements_2025_consolidated_extracted.txt
SNZ,Tổng Công ty cổ phần Phát triển Khu Công nghiệp,2025,SNZ_financial_statements_2025_separate,separate,SNZ/2025/SNZ_financial_statements_2025_separate/SNZ_financial_statements_2025_separate_extracted.txt
SSB,Ngân hàng TMCP Đông Nam Á,2020,SSB_financial_statements_2020_consolidated,consolidated,SSB/2020/SSB_financial_statements_2020_consolidated/SSB_financial_statements_2020_consolidated_extracted.txt
SSB,Ngân hàng TMCP Đông Nam Á,2020,SSB_financial_statements_2020_separate,separate,SSB/2020/SSB_financial_statements_2020_separate/SSB_financial_statements_2020_separate_extracted.txt
SSB,Ngân hàng TMCP Đông Nam Á,2021,SSB_financial_statements_2021_consolidated,consolidated,SSB/2021/SSB_financial_statements_2021_consolidated/SSB_financial_statements_2021_consolidated_extracted.txt
SSB,Ngân hàng TMCP Đông Nam Á,2021,SSB_financial_statements_2021_separate,separate,SSB/2021/SSB_financial_statements_2021_separate/SSB_financial_statements_2021_separate_extracted.txt
SSB,Ngân hàng TMCP Đông Nam Á,2022,SSB_financial_statements_2022_consolidated,consolidated,SSB/2022/SSB_financial_statements_2022_consolidated/SSB_financial_statements_2022_consolidated_extracted.txt
SSB,Ngân hàng TMCP Đông Nam Á,2022,SSB_financial_statements_2022_separate,separate,SSB/2022/SSB_financial_statements_2022_separate/SSB_financial_statements_2022_separate_extracted.txt
SSB,Ngân hàng TMCP Đông Nam Á,2023,SSB_financial_statements_2023_consolidated,consolidated,SSB/2023/SSB_financial_statements_2023_consolidated/SSB_financial_statements_2023_consolidated_extracted.txt
SSB,Ngân hàng TMCP Đông Nam Á,2023,SSB_financial_statements_2023_separate,separate,SSB/2023/SSB_financial_statements_2023_separate/SSB_financial_statements_2023_separate_extracted.txt
SSB,Ngân hàng TMCP Đông Nam Á,2024,SSB_financial_statements_2024_consolidated,consolidated,SSB/2024/SSB_financial_statements_2024_consolidated/SSB_financial_statements_2024_consolidated_extracted.txt
SSB,Ngân hàng TMCP Đông Nam Á,2024,SSB_financial_statements_2024_separate,separate,SSB/2024/SSB_financial_statements_2024_separate/SSB_financial_statements_2024_separate_extracted.txt
SSB,Ngân hàng TMCP Đông Nam Á,2025,SSB_financial_statements_2025_consolidated,consolidated,SSB/2025/SSB_financial_statements_2025_consolidated/SSB_financial_statements_2025_consolidated_extracted.txt
SSB,Ngân hàng TMCP Đông Nam Á,2025,SSB_financial_statements_2025_separate,separate,SSB/2025/SSB_financial_statements_2025_separate/SSB_financial_statements_2025_separate_extracted.txt
SSH,CTCP Phát triển Sunshine Homes,2020,SSH_financial_statements_2020_consolidated,consolidated,SSH/2020/SSH_financial_statements_2020_consolidated/SSH_financial_statements_2020_consolidated_extracted.txt
SSH,CTCP Phát triển Sunshine Homes,2020,SSH_financial_statements_2020_separate,separate,SSH/2020/SSH_financial_statements_2020_separate/SSH_financial_statements_2020_separate_extracted.txt
SSH,CTCP Phát triển Sunshine Homes,2021,SSH_financial_statements_2021_consolidated,consolidated,SSH/2021/SSH_financial_statements_2021_consolidated/SSH_financial_statements_2021_consolidated_extracted.txt
SSH,CTCP Phát triển Sunshine Homes,2021,SSH_financial_statements_2021_separate,separate,SSH/2021/SSH_financial_statements_2021_separate/SSH_financial_statements_2021_separate_extracted.txt
SSH,CTCP Phát triển Sunshine Homes,2022,SSH_financial_statements_2022_consolidated,consolidated,SSH/2022/SSH_financial_statements_2022_consolidated/SSH_financial_statements_2022_consolidated_extracted.txt
SSH,CTCP Phát triển Sunshine Homes,2022,SSH_financial_statements_2022_separate,separate,SSH/2022/SSH_financial_statements_2022_separate/SSH_financial_statements_2022_separate_extracted.txt
SSH,CTCP Phát triển Sunshine Homes,2023,SSH_financial_statements_2023_consolidated,consolidated,SSH/2023/SSH_financial_statements_2023_consolidated/SSH_financial_statements_2023_consolidated_extracted.txt
SSH,CTCP Phát triển Sunshine Homes,2023,SSH_financial_statements_2023_separate,separate,SSH/2023/SSH_financial_statements_2023_separate/SSH_financial_statements_2023_separate_extracted.txt
SSH,CTCP Phát triển Sunshine Homes,2024,SSH_2024_financial_statement_explanations_1,other,SSH/2024/SSH_2024_financial_statement_explanations_1/SSH_2024_financial_statement_explanations_1_extracted.txt
SSH,CTCP Phát triển Sunshine Homes,2024,SSH_2024_financial_statement_explanations_2,other,SSH/2024/SSH_2024_financial_statement_explanations_2/SSH_2024_financial_statement_explanations_2_extracted.txt
SSH,CTCP Phát triển Sunshine Homes,2024,SSH_financial_statements_2024_consolidated,consolidated,SSH/2024/SSH_financial_statements_2024_consolidated/SSH_financial_statements_2024_consolidated_extracted.txt
SSH,CTCP Phát triển Sunshine Homes,2024,SSH_financial_statements_2024_separate,separate,SSH/2024/SSH_financial_statements_2024_separate/SSH_financial_statements_2024_separate_extracted.txt
SSH,CTCP Phát triển Sunshine Homes,2025,SSH_2025_financial_statement_explanations_1,other,SSH/2025/SSH_2025_financial_statement_explanations_1/SSH_2025_financial_statement_explanations_1_extracted.txt
SSH,CTCP Phát triển Sunshine Homes,2025,SSH_2025_financial_statement_explanations_2,other,SSH/2025/SSH_2025_financial_statement_explanations_2/SSH_2025_financial_statement_explanations_2_extracted.txt
SSH,CTCP Phát triển Sunshine Homes,2025,SSH_financial_statements_2025_consolidated,consolidated,SSH/2025/SSH_financial_statements_2025_consolidated/SSH_financial_statements_2025_consolidated_extracted.txt
SSH,CTCP Phát triển Sunshine Homes,2025,SSH_financial_statements_2025_separate,separate,SSH/2025/SSH_financial_statements_2025_separate/SSH_financial_statements_2025_separate_extracted.txt
SSI,CTCP Chứng khoán SSI,2015,SSI_financial_statements_2015_consolidated,consolidated,SSI/2015/SSI_financial_statements_2015_consolidated/SSI_financial_statements_2015_consolidated_extracted.txt
SSI,CTCP Chứng khoán SSI,2015,SSI_financial_statements_2015_separate,separate,SSI/2015/SSI_financial_statements_2015_separate/SSI_financial_statements_2015_separate_extracted.txt
SSI,CTCP Chứng khoán SSI,2016,SSI_financial_statements_2016_consolidated,consolidated,SSI/2016/SSI_financial_statements_2016_consolidated/SSI_financial_statements_2016_consolidated_extracted.txt
SSI,CTCP Chứng khoán SSI,2016,SSI_financial_statements_2016_separate,separate,SSI/2016/SSI_financial_statements_2016_separate/SSI_financial_statements_2016_separate_extracted.txt
SSI,CTCP Chứng khoán SSI,2017,SSI_financial_statements_2017_consolidated,consolidated,SSI/2017/SSI_financial_statements_2017_consolidated/SSI_financial_statements_2017_consolidated_extracted.txt
SSI,CTCP Chứng khoán SSI,2017,SSI_financial_statements_2017_separate,separate,SSI/2017/SSI_financial_statements_2017_separate/SSI_financial_statements_2017_separate_extracted.txt
SSI,CTCP Chứng khoán SSI,2018,SSI_financial_statements_2018_consolidated,consolidated,SSI/2018/SSI_financial_statements_2018_consolidated/SSI_financial_statements_2018_consolidated_extracted.txt
SSI,CTCP Chứng khoán SSI,2018,SSI_financial_statements_2018_separate,separate,SSI/2018/SSI_financial_statements_2018_separate/SSI_financial_statements_2018_separate_extracted.txt
SSI,CTCP Chứng khoán SSI,2019,SSI_financial_statements_2019_consolidated,consolidated,SSI/2019/SSI_financial_statements_2019_consolidated/SSI_financial_statements_2019_consolidated_extracted.txt
SSI,CTCP Chứng khoán SSI,2019,SSI_financial_statements_2019_separate,separate,SSI/2019/SSI_financial_statements_2019_separate/SSI_financial_statements_2019_separate_extracted.txt
SSI,CTCP Chứng khoán SSI,2020,SSI_financial_statements_2020_consolidated,consolidated,SSI/2020/SSI_financial_statements_2020_consolidated/SSI_financial_statements_2020_consolidated_extracted.txt
SSI,CTCP Chứng khoán SSI,2020,SSI_financial_statements_2020_separate,separate,SSI/2020/SSI_financial_statements_2020_separate/SSI_financial_statements_2020_separate_extracted.txt
SSI,CTCP Chứng khoán SSI,2021,SSI_financial_statements_2021_consolidated,consolidated,SSI/2021/SSI_financial_statements_2021_consolidated/SSI_financial_statements_2021_consolidated_extracted.txt
SSI,CTCP Chứng khoán SSI,2021,SSI_financial_statements_2021_separate,separate,SSI/2021/SSI_financial_statements_2021_separate/SSI_financial_statements_2021_separate_extracted.txt
SSI,CTCP Chứng khoán SSI,2022,SSI_financial_statements_2022_consolidated,consolidated,SSI/2022/SSI_financial_statements_2022_consolidated/SSI_financial_statements_2022_consolidated_extracted.txt
SSI,CTCP Chứng khoán SSI,2022,SSI_financial_statements_2022_separate,separate,SSI/2022/SSI_financial_statements_2022_separate/SSI_financial_statements_2022_separate_extracted.txt
SSI,CTCP Chứng khoán SSI,2023,SSI_financial_statements_2023_consolidated,consolidated,SSI/2023/SSI_financial_statements_2023_consolidated/SSI_financial_statements_2023_consolidated_extracted.txt
SSI,CTCP Chứng khoán SSI,2023,SSI_financial_statements_2023_separate,separate,SSI/2023/SSI_financial_statements_2023_separate/SSI_financial_statements_2023_separate_extracted.txt
SSI,CTCP Chứng khoán SSI,2024,SSI_financial_statements_2024_consolidated,consolidated,SSI/2024/SSI_financial_statements_2024_consolidated/SSI_financial_statements_2024_consolidated_extracted.txt
SSI,CTCP Chứng khoán SSI,2024,SSI_financial_statements_2024_separate,separate,SSI/2024/SSI_financial_statements_2024_separate/SSI_financial_statements_2024_separate_extracted.txt
SSI,CTCP Chứng khoán SSI,2025,SSI_financial_statements_2025_consolidated,consolidated,SSI/2025/SSI_financial_statements_2025_consolidated/SSI_financial_statements_2025_consolidated_extracted.txt
SSI,CTCP Chứng khoán SSI,2025,SSI_financial_statements_2025_separate,separate,SSI/2025/SSI_financial_statements_2025_separate/SSI_financial_statements_2025_separate_extracted.txt
STB,Ngân hàng TMCP Sài Gòn Tài Lộc,2015,STB_financial_statements_2015_consolidated,consolidated,STB/2015/STB_financial_statements_2015_consolidated/STB_financial_statements_2015_consolidated_extracted.txt
STB,Ngân hàng TMCP Sài Gòn Tài Lộc,2015,STB_financial_statements_2015_separate,separate,STB/2015/STB_financial_statements_2015_separate/STB_financial_statements_2015_separate_extracted.txt
STB,Ngân hàng TMCP Sài Gòn Tài Lộc,2016,STB_financial_statements_2016_consolidated,consolidated,STB/2016/STB_financial_statements_2016_consolidated/STB_financial_statements_2016_consolidated_extracted.txt
STB,Ngân hàng TMCP Sài Gòn Tài Lộc,2016,STB_financial_statements_2016_separate,separate,STB/2016/STB_financial_statements_2016_separate/STB_financial_statements_2016_separate_extracted.txt
STB,Ngân hàng TMCP Sài Gòn Tài Lộc,2017,STB_financial_statements_2017_consolidated,consolidated,STB/2017/STB_financial_statements_2017_consolidated/STB_financial_statements_2017_consolidated_extracted.txt
STB,Ngân hàng TMCP Sài Gòn Tài Lộc,2017,STB_financial_statements_2017_separate,separate,STB/2017/STB_financial_statements_2017_separate/STB_financial_statements_2017_separate_extracted.txt
STB,Ngân hàng TMCP Sài Gòn Tài Lộc,2018,STB_financial_statements_2018_consolidated,consolidated,STB/2018/STB_financial_statements_2018_consolidated/STB_financial_statements_2018_consolidated_extracted.txt
STB,Ngân hàng TMCP Sài Gòn Tài Lộc,2018,STB_financial_statements_2018_separate,separate,STB/2018/STB_financial_statements_2018_separate/STB_financial_statements_2018_separate_extracted.txt
STB,Ngân hàng TMCP Sài Gòn Tài Lộc,2019,STB_financial_statements_2019_consolidated,consolidated,STB/2019/STB_financial_statements_2019_consolidated/STB_financial_statements_2019_consolidated_extracted.txt
STB,Ngân hàng TMCP Sài Gòn Tài Lộc,2019,STB_financial_statements_2019_separate,separate,STB/2019/STB_financial_statements_2019_separate/STB_financial_statements_2019_separate_extracted.txt
STB,Ngân hàng TMCP Sài Gòn Tài Lộc,2020,STB_financial_statements_2020_consolidated,consolidated,STB/2020/STB_financial_statements_2020_consolidated/STB_financial_statements_2020_consolidated_extracted.txt
STB,Ngân hàng TMCP Sài Gòn Tài Lộc,2020,STB_financial_statements_2020_separate,separate,STB/2020/STB_financial_statements_2020_separate/STB_financial_statements_2020_separate_extracted.txt
STB,Ngân hàng TMCP Sài Gòn Tài Lộc,2021,STB_financial_statements_2021_consolidated,consolidated,STB/2021/STB_financial_statements_2021_consolidated/STB_financial_statements_2021_consolidated_extracted.txt
STB,Ngân hàng TMCP Sài Gòn Tài Lộc,2021,STB_financial_statements_2021_separate,separate,STB/2021/STB_financial_statements_2021_separate/STB_financial_statements_2021_separate_extracted.txt
STB,Ngân hàng TMCP Sài Gòn Tài Lộc,2022,STB_financial_statements_2022_consolidated,consolidated,STB/2022/STB_financial_statements_2022_consolidated/STB_financial_statements_2022_consolidated_extracted.txt
STB,Ngân hàng TMCP Sài Gòn Tài Lộc,2022,STB_financial_statements_2022_separate,separate,STB/2022/STB_financial_statements_2022_separate/STB_financial_statements_2022_separate_extracted.txt
STB,Ngân hàng TMCP Sài Gòn Tài Lộc,2023,STB_financial_statements_2023_consolidated,consolidated,STB/2023/STB_financial_statements_2023_consolidated/STB_financial_statements_2023_consolidated_extracted.txt
STB,Ngân hàng TMCP Sài Gòn Tài Lộc,2023,STB_financial_statements_2023_separate,separate,STB/2023/STB_financial_statements_2023_separate/STB_financial_statements_2023_separate_extracted.txt
STB,Ngân hàng TMCP Sài Gòn Tài Lộc,2024,STB_financial_statements_2024_consolidated,consolidated,STB/2024/STB_financial_statements_2024_consolidated/STB_financial_statements_2024_consolidated_extracted.txt
STB,Ngân hàng TMCP Sài Gòn Tài Lộc,2024,STB_financial_statements_2024_separate,separate,STB/2024/STB_financial_statements_2024_separate/STB_financial_statements_2024_separate_extracted.txt
STB,Ngân hàng TMCP Sài Gòn Tài Lộc,2025,STB_financial_statements_2025_consolidated,consolidated,STB/2025/STB_financial_statements_2025_consolidated/STB_financial_statements_2025_consolidated_extracted.txt
STB,Ngân hàng TMCP Sài Gòn Tài Lộc,2025,STB_financial_statements_2025_separate,separate,STB/2025/STB_financial_statements_2025_separate/STB_financial_statements_2025_separate_extracted.txt
TTF,CTCP Tập đoàn Kỹ nghệ gỗ Trường Thành,2015,TTF_financial_statements_2015_consolidated,consolidated,TTF/2015/TTF_financial_statements_2015_consolidated/TTF_financial_statements_2015_consolidated_extracted.txt
TTF,CTCP Tập đoàn Kỹ nghệ gỗ Trường Thành,2015,TTF_financial_statements_2015_separate,separate,TTF/2015/TTF_financial_statements_2015_separate/TTF_financial_statements_2015_separate_extracted.txt
TTF,CTCP Tập đoàn Kỹ nghệ gỗ Trường Thành,2016,TTF_financial_statements_2016_consolidated,consolidated,TTF/2016/TTF_financial_statements_2016_consolidated/TTF_financial_statements_2016_consolidated_extracted.txt
TTF,CTCP Tập đoàn Kỹ nghệ gỗ Trường Thành,2016,TTF_financial_statements_2016_separate,separate,TTF/2016/TTF_financial_statements_2016_separate/TTF_financial_statements_2016_separate_extracted.txt
TTF,CTCP Tập đoàn Kỹ nghệ gỗ Trường Thành,2017,TTF_financial_statements_2017_consolidated,consolidated,TTF/2017/TTF_financial_statements_2017_consolidated/TTF_financial_statements_2017_consolidated_extracted.txt
TTF,CTCP Tập đoàn Kỹ nghệ gỗ Trường Thành,2017,TTF_financial_statements_2017_separate,separate,TTF/2017/TTF_financial_statements_2017_separate/TTF_financial_statements_2017_separate_extracted.txt
TTF,CTCP Tập đoàn Kỹ nghệ gỗ Trường Thành,2018,TTF_financial_statements_2018_consolidated,consolidated,TTF/2018/TTF_financial_statements_2018_consolidated/TTF_financial_statements_2018_consolidated_extracted.txt
TTF,CTCP Tập đoàn Kỹ nghệ gỗ Trường Thành,2018,TTF_financial_statements_2018_separate,separate,TTF/2018/TTF_financial_statements_2018_separate/TTF_financial_statements_2018_separate_extracted.txt
TTF,CTCP Tập đoàn Kỹ nghệ gỗ Trường Thành,2019,TTF_financial_statements_2019_consolidated,consolidated,TTF/2019/TTF_financial_statements_2019_consolidated/TTF_financial_statements_2019_consolidated_extracted.txt
TTF,CTCP Tập đoàn Kỹ nghệ gỗ Trường Thành,2019,TTF_financial_statements_2019_separate,separate,TTF/2019/TTF_financial_statements_2019_separate/TTF_financial_statements_2019_separate_extracted.txt
TTF,CTCP Tập đoàn Kỹ nghệ gỗ Trường Thành,2020,TTF_financial_statements_2020_consolidated,consolidated,TTF/2020/TTF_financial_statements_2020_consolidated/TTF_financial_statements_2020_consolidated_extracted.txt
TTF,CTCP Tập đoàn Kỹ nghệ gỗ Trường Thành,2020,TTF_financial_statements_2020_separate,separate,TTF/2020/TTF_financial_statements_2020_separate/TTF_financial_statements_2020_separate_extracted.txt
TTF,CTCP Tập đoàn Kỹ nghệ gỗ Trường Thành,2021,TTF_financial_statements_2021_consolidated,consolidated,TTF/2021/TTF_financial_statements_2021_consolidated/TTF_financial_statements_2021_consolidated_extracted.txt
TTF,CTCP Tập đoàn Kỹ nghệ gỗ Trường Thành,2021,TTF_financial_statements_2021_separate,separate,TTF/2021/TTF_financial_statements_2021_separate/TTF_financial_statements_2021_separate_extracted.txt
TTF,CTCP Tập đoàn Kỹ nghệ gỗ Trường Thành,2022,TTF_financial_statements_2022_consolidated,consolidated,TTF/2022/TTF_financial_statements_2022_consolidated/TTF_financial_statements_2022_consolidated_extracted.txt
TTF,CTCP Tập đoàn Kỹ nghệ gỗ Trường Thành,2022,TTF_financial_statements_2022_separate,separate,TTF/2022/TTF_financial_statements_2022_separate/TTF_financial_statements_2022_separate_extracted.txt
TTF,CTCP Tập đoàn Kỹ nghệ gỗ Trường Thành,2023,TTF_financial_statements_2023_consolidated,consolidated,TTF/2023/TTF_financial_statements_2023_consolidated/TTF_financial_statements_2023_consolidated_extracted.txt
TTF,CTCP Tập đoàn Kỹ nghệ gỗ Trường Thành,2023,TTF_financial_statements_2023_separate,separate,TTF/2023/TTF_financial_statements_2023_separate/TTF_financial_statements_2023_separate_extracted.txt
TTF,CTCP Tập đoàn Kỹ nghệ gỗ Trường Thành,2024,TTF_financial_statements_2024_consolidated,consolidated,TTF/2024/TTF_financial_statements_2024_consolidated/TTF_financial_statements_2024_consolidated_extracted.txt
TTF,CTCP Tập đoàn Kỹ nghệ gỗ Trường Thành,2024,TTF_financial_statements_2024_separate,separate,TTF/2024/TTF_financial_statements_2024_separate/TTF_financial_statements_2024_separate_extracted.txt
TTF,CTCP Tập đoàn Kỹ nghệ gỗ Trường Thành,2025,TTF_financial_statements_2025_consolidated,consolidated,TTF/2025/TTF_financial_statements_2025_consolidated/TTF_financial_statements_2025_consolidated_extracted.txt
TTF,CTCP Tập đoàn Kỹ nghệ gỗ Trường Thành,2025,TTF_financial_statements_2025_separate,separate,TTF/2025/TTF_financial_statements_2025_separate/TTF_financial_statements_2025_separate_extracted.txt
VAB,Ngân hàng TMCP Việt Á,2020,VAB_financial_statements_2020_consolidated,consolidated,VAB/2020/VAB_financial_statements_2020_consolidated/VAB_financial_statements_2020_consolidated_extracted.txt
VAB,Ngân hàng TMCP Việt Á,2021,VAB_financial_statements_2021_consolidated,consolidated,VAB/2021/VAB_financial_statements_2021_consolidated/VAB_financial_statements_2021_consolidated_extracted.txt
VAB,Ngân hàng TMCP Việt Á,2022,VAB_financial_statements_2022_consolidated,consolidated,VAB/2022/VAB_financial_statements_2022_consolidated/VAB_financial_statements_2022_consolidated_extracted.txt
VAB,Ngân hàng TMCP Việt Á,2023,VAB_financial_statements_2023_consolidated,consolidated,VAB/2023/VAB_financial_statements_2023_consolidated/VAB_financial_statements_2023_consolidated_extracted.txt
VAB,Ngân hàng TMCP Việt Á,2024,VAB_financial_statements_2024_consolidated,consolidated,VAB/2024/VAB_financial_statements_2024_consolidated/VAB_financial_statements_2024_consolidated_extracted.txt
VAB,Ngân hàng TMCP Việt Á,2025,VAB_financial_statements_2025_consolidated,consolidated,VAB/2025/VAB_financial_statements_2025_consolidated/VAB_financial_statements_2025_consolidated_extracted.txt
VCB,Ngân hàng TMCP Ngoại thương Việt Nam,2015,VCB_financial_statements_2015_consolidated,consolidated,VCB/2015/VCB_financial_statements_2015_consolidated/VCB_financial_statements_2015_consolidated_extracted.txt
VCB,Ngân hàng TMCP Ngoại thương Việt Nam,2015,VCB_financial_statements_2015_separate,separate,VCB/2015/VCB_financial_statements_2015_separate/VCB_financial_statements_2015_separate_extracted.txt
VCB,Ngân hàng TMCP Ngoại thương Việt Nam,2016,VCB_financial_statements_2016_consolidated,consolidated,VCB/2016/VCB_financial_statements_2016_consolidated/VCB_financial_statements_2016_consolidated_extracted.txt
VCB,Ngân hàng TMCP Ngoại thương Việt Nam,2016,VCB_financial_statements_2016_separate,separate,VCB/2016/VCB_financial_statements_2016_separate/VCB_financial_statements_2016_separate_extracted.txt
VCB,Ngân hàng TMCP Ngoại thương Việt Nam,2017,VCB_financial_statements_2017_consolidated,consolidated,VCB/2017/VCB_financial_statements_2017_consolidated/VCB_financial_statements_2017_consolidated_extracted.txt
VCB,Ngân hàng TMCP Ngoại thương Việt Nam,2017,VCB_financial_statements_2017_separate,separate,VCB/2017/VCB_financial_statements_2017_separate/VCB_financial_statements_2017_separate_extracted.txt
VCB,Ngân hàng TMCP Ngoại thương Việt Nam,2018,VCB_financial_statements_2018_consolidated,consolidated,VCB/2018/VCB_financial_statements_2018_consolidated/VCB_financial_statements_2018_consolidated_extracted.txt
VCB,Ngân hàng TMCP Ngoại thương Việt Nam,2018,VCB_financial_statements_2018_separate,separate,VCB/2018/VCB_financial_statements_2018_separate/VCB_financial_statements_2018_separate_extracted.txt
VCB,Ngân hàng TMCP Ngoại thương Việt Nam,2019,VCB_financial_statements_2019_consolidated,consolidated,VCB/2019/VCB_financial_statements_2019_consolidated/VCB_financial_statements_2019_consolidated_extracted.txt
VCB,Ngân hàng TMCP Ngoại thương Việt Nam,2019,VCB_financial_statements_2019_separate,separate,VCB/2019/VCB_financial_statements_2019_separate/VCB_financial_statements_2019_separate_extracted.txt
VCB,Ngân hàng TMCP Ngoại thương Việt Nam,2020,VCB_financial_statements_2020_consolidated,consolidated,VCB/2020/VCB_financial_statements_2020_consolidated/VCB_financial_statements_2020_consolidated_extracted.txt
VCB,Ngân hàng TMCP Ngoại thương Việt Nam,2020,VCB_financial_statements_2020_separate,separate,VCB/2020/VCB_financial_statements_2020_separate/VCB_financial_statements_2020_separate_extracted.txt
VCB,Ngân hàng TMCP Ngoại thương Việt Nam,2021,VCB_financial_statements_2021_consolidated,consolidated,VCB/2021/VCB_financial_statements_2021_consolidated/VCB_financial_statements_2021_consolidated_extracted.txt
VCB,Ngân hàng TMCP Ngoại thương Việt Nam,2021,VCB_financial_statements_2021_separate,separate,VCB/2021/VCB_financial_statements_2021_separate/VCB_financial_statements_2021_separate_extracted.txt
VCB,Ngân hàng TMCP Ngoại thương Việt Nam,2022,VCB_financial_statements_2022_consolidated,consolidated,VCB/2022/VCB_financial_statements_2022_consolidated/VCB_financial_statements_2022_consolidated_extracted.txt
VCB,Ngân hàng TMCP Ngoại thương Việt Nam,2022,VCB_financial_statements_2022_separate,separate,VCB/2022/VCB_financial_statements_2022_separate/VCB_financial_statements_2022_separate_extracted.txt
VCB,Ngân hàng TMCP Ngoại thương Việt Nam,2023,VCB_financial_statements_2023_consolidated,consolidated,VCB/2023/VCB_financial_statements_2023_consolidated/VCB_financial_statements_2023_consolidated_extracted.txt
VCB,Ngân hàng TMCP Ngoại thương Việt Nam,2023,VCB_financial_statements_2023_separate,separate,VCB/2023/VCB_financial_statements_2023_separate/VCB_financial_statements_2023_separate_extracted.txt
VCB,Ngân hàng TMCP Ngoại thương Việt Nam,2024,VCB_financial_statements_2024_consolidated,consolidated,VCB/2024/VCB_financial_statements_2024_consolidated/VCB_financial_statements_2024_consolidated_extracted.txt
VCB,Ngân hàng TMCP Ngoại thương Việt Nam,2024,VCB_financial_statements_2024_separate,separate,VCB/2024/VCB_financial_statements_2024_separate/VCB_financial_statements_2024_separate_extracted.txt
VCB,Ngân hàng TMCP Ngoại thương Việt Nam,2025,VCB_financial_statements_2025_consolidated,consolidated,VCB/2025/VCB_financial_statements_2025_consolidated/VCB_financial_statements_2025_consolidated_extracted.txt
VCB,Ngân hàng TMCP Ngoại thương Việt Nam,2025,VCB_financial_statements_2025_separate,separate,VCB/2025/VCB_financial_statements_2025_separate/VCB_financial_statements_2025_separate_extracted.txt
VGC,Tổng Công ty Viglacera - CTCP,2015,VGC_financial_statements_2015_consolidated,consolidated,VGC/2015/VGC_financial_statements_2015_consolidated/VGC_financial_statements_2015_consolidated_extracted.txt
VGC,Tổng Công ty Viglacera - CTCP,2015,VGC_financial_statements_2015_separate,separate,VGC/2015/VGC_financial_statements_2015_separate/VGC_financial_statements_2015_separate_extracted.txt
VGC,Tổng Công ty Viglacera - CTCP,2016,VGC_financial_statements_2016_consolidated,consolidated,VGC/2016/VGC_financial_statements_2016_consolidated/VGC_financial_statements_2016_consolidated_extracted.txt
VGC,Tổng Công ty Viglacera - CTCP,2016,VGC_financial_statements_2016_separate,separate,VGC/2016/VGC_financial_statements_2016_separate/VGC_financial_statements_2016_separate_extracted.txt
VGC,Tổng Công ty Viglacera - CTCP,2017,VGC_financial_statements_2017_consolidated,consolidated,VGC/2017/VGC_financial_statements_2017_consolidated/VGC_financial_statements_2017_consolidated_extracted.txt
VGC,Tổng Công ty Viglacera - CTCP,2017,VGC_financial_statements_2017_separate,separate,VGC/2017/VGC_financial_statements_2017_separate/VGC_financial_statements_2017_separate_extracted.txt
VGC,Tổng Công ty Viglacera - CTCP,2018,VGC_financial_statements_2018_consolidated,consolidated,VGC/2018/VGC_financial_statements_2018_consolidated/VGC_financial_statements_2018_consolidated_extracted.txt
VGC,Tổng Công ty Viglacera - CTCP,2018,VGC_financial_statements_2018_separate,separate,VGC/2018/VGC_financial_statements_2018_separate/VGC_financial_statements_2018_separate_extracted.txt
VGC,Tổng Công ty Viglacera - CTCP,2019,VGC_financial_statements_2019_consolidated,consolidated,VGC/2019/VGC_financial_statements_2019_consolidated/VGC_financial_statements_2019_consolidated_extracted.txt
VGC,Tổng Công ty Viglacera - CTCP,2019,VGC_financial_statements_2019_separate,separate,VGC/2019/VGC_financial_statements_2019_separate/VGC_financial_statements_2019_separate_extracted.txt
VGC,Tổng Công ty Viglacera - CTCP,2020,VGC_financial_statements_2020_consolidated,consolidated,VGC/2020/VGC_financial_statements_2020_consolidated/VGC_financial_statements_2020_consolidated_extracted.txt
VGC,Tổng Công ty Viglacera - CTCP,2020,VGC_financial_statements_2020_separate,separate,VGC/2020/VGC_financial_statements_2020_separate/VGC_financial_statements_2020_separate_extracted.txt
VGC,Tổng Công ty Viglacera - CTCP,2021,VGC_financial_statements_2021_consolidated,consolidated,VGC/2021/VGC_financial_statements_2021_consolidated/VGC_financial_statements_2021_consolidated_extracted.txt
VGC,Tổng Công ty Viglacera - CTCP,2021,VGC_financial_statements_2021_separate,separate,VGC/2021/VGC_financial_statements_2021_separate/VGC_financial_statements_2021_separate_extracted.txt
VGC,Tổng Công ty Viglacera - CTCP,2022,VGC_financial_statements_2022_consolidated,consolidated,VGC/2022/VGC_financial_statements_2022_consolidated/VGC_financial_statements_2022_consolidated_extracted.txt
VGC,Tổng Công ty Viglacera - CTCP,2022,VGC_financial_statements_2022_separate,separate,VGC/2022/VGC_financial_statements_2022_separate/VGC_financial_statements_2022_separate_extracted.txt
VGC,Tổng Công ty Viglacera - CTCP,2023,VGC_financial_statements_2023_consolidated,consolidated,VGC/2023/VGC_financial_statements_2023_consolidated/VGC_financial_statements_2023_consolidated_extracted.txt
VGC,Tổng Công ty Viglacera - CTCP,2023,VGC_financial_statements_2023_separate,separate,VGC/2023/VGC_financial_statements_2023_separate/VGC_financial_statements_2023_separate_extracted.txt
VGC,Tổng Công ty Viglacera - CTCP,2024,VGC_financial_statements_2024_consolidated,consolidated,VGC/2024/VGC_financial_statements_2024_consolidated/VGC_financial_statements_2024_consolidated_extracted.txt
VGC,Tổng Công ty Viglacera - CTCP,2024,VGC_financial_statements_2024_separate,separate,VGC/2024/VGC_financial_statements_2024_separate/VGC_financial_statements_2024_separate_extracted.txt
VGC,Tổng Công ty Viglacera - CTCP,2025,VGC_financial_statements_2025_consolidated,consolidated,VGC/2025/VGC_financial_statements_2025_consolidated/VGC_financial_statements_2025_consolidated_extracted.txt
VGC,Tổng Công ty Viglacera - CTCP,2025,VGC_financial_statements_2025_separate,separate,VGC/2025/VGC_financial_statements_2025_separate/VGC_financial_statements_2025_separate_extracted.txt
VGT,Tập đoàn Dệt May Việt Nam,2015,VGT_financial_statements_2015_consolidated,consolidated,VGT/2015/VGT_financial_statements_2015_consolidated/VGT_financial_statements_2015_consolidated_extracted.txt
VGT,Tập đoàn Dệt May Việt Nam,2015,VGT_financial_statements_2015_separate,separate,VGT/2015/VGT_financial_statements_2015_separate/VGT_financial_statements_2015_separate_extracted.txt
VGT,Tập đoàn Dệt May Việt Nam,2016,VGT_financial_statements_2016_consolidated,consolidated,VGT/2016/VGT_financial_statements_2016_consolidated/VGT_financial_statements_2016_consolidated_extracted.txt
VGT,Tập đoàn Dệt May Việt Nam,2016,VGT_financial_statements_2016_separate,separate,VGT/2016/VGT_financial_statements_2016_separate/VGT_financial_statements_2016_separate_extracted.txt
VGT,Tập đoàn Dệt May Việt Nam,2017,VGT_financial_statements_2017_consolidated,consolidated,VGT/2017/VGT_financial_statements_2017_consolidated/VGT_financial_statements_2017_consolidated_extracted.txt
VGT,Tập đoàn Dệt May Việt Nam,2017,VGT_financial_statements_2017_separate,separate,VGT/2017/VGT_financial_statements_2017_separate/VGT_financial_statements_2017_separate_extracted.txt
VGT,Tập đoàn Dệt May Việt Nam,2018,VGT_financial_statements_2018_consolidated,consolidated,VGT/2018/VGT_financial_statements_2018_consolidated/VGT_financial_statements_2018_consolidated_extracted.txt
VGT,Tập đoàn Dệt May Việt Nam,2018,VGT_financial_statements_2018_separate,separate,VGT/2018/VGT_financial_statements_2018_separate/VGT_financial_statements_2018_separate_extracted.txt
VGT,Tập đoàn Dệt May Việt Nam,2019,VGT_financial_statements_2019_consolidated,consolidated,VGT/2019/VGT_financial_statements_2019_consolidated/VGT_financial_statements_2019_consolidated_extracted.txt
VGT,Tập đoàn Dệt May Việt Nam,2019,VGT_financial_statements_2019_separate,separate,VGT/2019/VGT_financial_statements_2019_separate/VGT_financial_statements_2019_separate_extracted.txt
VGT,Tập đoàn Dệt May Việt Nam,2020,VGT_financial_statements_2020_consolidated,consolidated,VGT/2020/VGT_financial_statements_2020_consolidated/VGT_financial_statements_2020_consolidated_extracted.txt
VGT,Tập đoàn Dệt May Việt Nam,2020,VGT_financial_statements_2020_separate,separate,VGT/2020/VGT_financial_statements_2020_separate/VGT_financial_statements_2020_separate_extracted.txt
VGT,Tập đoàn Dệt May Việt Nam,2021,VGT_financial_statements_2021_consolidated,consolidated,VGT/2021/VGT_financial_statements_2021_consolidated/VGT_financial_statements_2021_consolidated_extracted.txt
VGT,Tập đoàn Dệt May Việt Nam,2021,VGT_financial_statements_2021_separate,separate,VGT/2021/VGT_financial_statements_2021_separate/VGT_financial_statements_2021_separate_extracted.txt
VGT,Tập đoàn Dệt May Việt Nam,2022,VGT_financial_statements_2022_consolidated,consolidated,VGT/2022/VGT_financial_statements_2022_consolidated/VGT_financial_statements_2022_consolidated_extracted.txt
VGT,Tập đoàn Dệt May Việt Nam,2022,VGT_financial_statements_2022_separate,separate,VGT/2022/VGT_financial_statements_2022_separate/VGT_financial_statements_2022_separate_extracted.txt
VGT,Tập đoàn Dệt May Việt Nam,2023,VGT_financial_statements_2023_consolidated,consolidated,VGT/2023/VGT_financial_statements_2023_consolidated/VGT_financial_statements_2023_consolidated_extracted.txt
VGT,Tập đoàn Dệt May Việt Nam,2023,VGT_financial_statements_2023_separate,separate,VGT/2023/VGT_financial_statements_2023_separate/VGT_financial_statements_2023_separate_extracted.txt
VGT,Tập đoàn Dệt May Việt Nam,2024,VGT_financial_statements_2024_consolidated,consolidated,VGT/2024/VGT_financial_statements_2024_consolidated/VGT_financial_statements_2024_consolidated_extracted.txt
VGT,Tập đoàn Dệt May Việt Nam,2024,VGT_financial_statements_2024_separate,separate,VGT/2024/VGT_financial_statements_2024_separate/VGT_financial_statements_2024_separate_extracted.txt
VGT,Tập đoàn Dệt May Việt Nam,2025,VGT_financial_statements_2025_consolidated,consolidated,VGT/2025/VGT_financial_statements_2025_consolidated/VGT_financial_statements_2025_consolidated_extracted.txt
VGT,Tập đoàn Dệt May Việt Nam,2025,VGT_financial_statements_2025_separate,separate,VGT/2025/VGT_financial_statements_2025_separate/VGT_financial_statements_2025_separate_extracted.txt
VIB,Ngân hàng TMCP Quốc tế Việt Nam,2015,VIB_financial_statements_2015_consolidated,consolidated,VIB/2015/VIB_financial_statements_2015_consolidated/VIB_financial_statements_2015_consolidated_extracted.txt
VIB,Ngân hàng TMCP Quốc tế Việt Nam,2015,VIB_financial_statements_2015_separate,separate,VIB/2015/VIB_financial_statements_2015_separate/VIB_financial_statements_2015_separate_extracted.txt
VIB,Ngân hàng TMCP Quốc tế Việt Nam,2016,VIB_financial_statements_2016_consolidated,consolidated,VIB/2016/VIB_financial_statements_2016_consolidated/VIB_financial_statements_2016_consolidated_extracted.txt
VIB,Ngân hàng TMCP Quốc tế Việt Nam,2016,VIB_financial_statements_2016_separate,separate,VIB/2016/VIB_financial_statements_2016_separate/VIB_financial_statements_2016_separate_extracted.txt
VIB,Ngân hàng TMCP Quốc tế Việt Nam,2017,VIB_financial_statements_2017_consolidated,consolidated,VIB/2017/VIB_financial_statements_2017_consolidated/VIB_financial_statements_2017_consolidated_extracted.txt
VIB,Ngân hàng TMCP Quốc tế Việt Nam,2017,VIB_financial_statements_2017_separate,separate,VIB/2017/VIB_financial_statements_2017_separate/VIB_financial_statements_2017_separate_extracted.txt
VIB,Ngân hàng TMCP Quốc tế Việt Nam,2018,VIB_financial_statements_2018_consolidated,consolidated,VIB/2018/VIB_financial_statements_2018_consolidated/VIB_financial_statements_2018_consolidated_extracted.txt
VIB,Ngân hàng TMCP Quốc tế Việt Nam,2018,VIB_financial_statements_2018_separate,separate,VIB/2018/VIB_financial_statements_2018_separate/VIB_financial_statements_2018_separate_extracted.txt
VIB,Ngân hàng TMCP Quốc tế Việt Nam,2019,VIB_financial_statements_2019_consolidated,consolidated,VIB/2019/VIB_financial_statements_2019_consolidated/VIB_financial_statements_2019_consolidated_extracted.txt
VIB,Ngân hàng TMCP Quốc tế Việt Nam,2019,VIB_financial_statements_2019_separate,separate,VIB/2019/VIB_financial_statements_2019_separate/VIB_financial_statements_2019_separate_extracted.txt
VIB,Ngân hàng TMCP Quốc tế Việt Nam,2020,VIB_financial_statements_2020_consolidated,consolidated,VIB/2020/VIB_financial_statements_2020_consolidated/VIB_financial_statements_2020_consolidated_extracted.txt
VIB,Ngân hàng TMCP Quốc tế Việt Nam,2020,VIB_financial_statements_2020_separate,separate,VIB/2020/VIB_financial_statements_2020_separate/VIB_financial_statements_2020_separate_extracted.txt
VIB,Ngân hàng TMCP Quốc tế Việt Nam,2021,VIB_financial_statements_2021_consolidated,consolidated,VIB/2021/VIB_financial_statements_2021_consolidated/VIB_financial_statements_2021_consolidated_extracted.txt
VIB,Ngân hàng TMCP Quốc tế Việt Nam,2021,VIB_financial_statements_2021_separate,separate,VIB/2021/VIB_financial_statements_2021_separate/VIB_financial_statements_2021_separate_extracted.txt
VIB,Ngân hàng TMCP Quốc tế Việt Nam,2022,VIB_financial_statements_2022_consolidated,consolidated,VIB/2022/VIB_financial_statements_2022_consolidated/VIB_financial_statements_2022_consolidated_extracted.txt
VIB,Ngân hàng TMCP Quốc tế Việt Nam,2022,VIB_financial_statements_2022_separate,separate,VIB/2022/VIB_financial_statements_2022_separate/VIB_financial_statements_2022_separate_extracted.txt
VIB,Ngân hàng TMCP Quốc tế Việt Nam,2023,VIB_financial_statements_2023_consolidated,consolidated,VIB/2023/VIB_financial_statements_2023_consolidated/VIB_financial_statements_2023_consolidated_extracted.txt
VIB,Ngân hàng TMCP Quốc tế Việt Nam,2023,VIB_financial_statements_2023_separate,separate,VIB/2023/VIB_financial_statements_2023_separate/VIB_financial_statements_2023_separate_extracted.txt
VIB,Ngân hàng TMCP Quốc tế Việt Nam,2024,VIB_financial_statements_2024_consolidated,consolidated,VIB/2024/VIB_financial_statements_2024_consolidated/VIB_financial_statements_2024_consolidated_extracted.txt
VIB,Ngân hàng TMCP Quốc tế Việt Nam,2024,VIB_financial_statements_2024_separate,separate,VIB/2024/VIB_financial_statements_2024_separate/VIB_financial_statements_2024_separate_extracted.txt
VIB,Ngân hàng TMCP Quốc tế Việt Nam,2025,VIB_financial_statements_2025_consolidated,consolidated,VIB/2025/VIB_financial_statements_2025_consolidated/VIB_financial_statements_2025_consolidated_extracted.txt
VIB,Ngân hàng TMCP Quốc tế Việt Nam,2025,VIB_financial_statements_2025_separate,separate,VIB/2025/VIB_financial_statements_2025_separate/VIB_financial_statements_2025_separate_extracted.txt
VIC,Tập đoàn VINGROUP - CTCP,2015,VIC_financial_statements_2015_consolidated,consolidated,VIC/2015/VIC_financial_statements_2015_consolidated/VIC_financial_statements_2015_consolidated_extracted.txt
VIC,Tập đoàn VINGROUP - CTCP,2015,VIC_financial_statements_2015_separate,separate,VIC/2015/VIC_financial_statements_2015_separate/VIC_financial_statements_2015_separate_extracted.txt
VIC,Tập đoàn VINGROUP - CTCP,2016,VIC_financial_statements_2016_consolidated,consolidated,VIC/2016/VIC_financial_statements_2016_consolidated/VIC_financial_statements_2016_consolidated_extracted.txt
VIC,Tập đoàn VINGROUP - CTCP,2016,VIC_financial_statements_2016_separate,separate,VIC/2016/VIC_financial_statements_2016_separate/VIC_financial_statements_2016_separate_extracted.txt
VIC,Tập đoàn VINGROUP - CTCP,2017,VIC_financial_statements_2017_consolidated,consolidated,VIC/2017/VIC_financial_statements_2017_consolidated/VIC_financial_statements_2017_consolidated_extracted.txt
VIC,Tập đoàn VINGROUP - CTCP,2017,VIC_financial_statements_2017_separate,separate,VIC/2017/VIC_financial_statements_2017_separate/VIC_financial_statements_2017_separate_extracted.txt
VIC,Tập đoàn VINGROUP - CTCP,2018,VIC_financial_statements_2018_consolidated,consolidated,VIC/2018/VIC_financial_statements_2018_consolidated/VIC_financial_statements_2018_consolidated_extracted.txt
VIC,Tập đoàn VINGROUP - CTCP,2018,VIC_financial_statements_2018_separate,separate,VIC/2018/VIC_financial_statements_2018_separate/VIC_financial_statements_2018_separate_extracted.txt
VIC,Tập đoàn VINGROUP - CTCP,2019,VIC_financial_statements_2019_consolidated,consolidated,VIC/2019/VIC_financial_statements_2019_consolidated/VIC_financial_statements_2019_consolidated_extracted.txt
VIC,Tập đoàn VINGROUP - CTCP,2019,VIC_financial_statements_2019_separate,separate,VIC/2019/VIC_financial_statements_2019_separate/VIC_financial_statements_2019_separate_extracted.txt
VIC,Tập đoàn VINGROUP - CTCP,2020,VIC_financial_statements_2020_consolidated,consolidated,VIC/2020/VIC_financial_statements_2020_consolidated/VIC_financial_statements_2020_consolidated_extracted.txt
VIC,Tập đoàn VINGROUP - CTCP,2020,VIC_financial_statements_2020_separate,separate,VIC/2020/VIC_financial_statements_2020_separate/VIC_financial_statements_2020_separate_extracted.txt
VIC,Tập đoàn VINGROUP - CTCP,2021,VIC_financial_statements_2021_consolidated,consolidated,VIC/2021/VIC_financial_statements_2021_consolidated/VIC_financial_statements_2021_consolidated_extracted.txt
VIC,Tập đoàn VINGROUP - CTCP,2021,VIC_financial_statements_2021_separate,separate,VIC/2021/VIC_financial_statements_2021_separate/VIC_financial_statements_2021_separate_extracted.txt
VIC,Tập đoàn VINGROUP - CTCP,2022,VIC_financial_statements_2022_consolidated,consolidated,VIC/2022/VIC_financial_statements_2022_consolidated/VIC_financial_statements_2022_consolidated_extracted.txt
VIC,Tập đoàn VINGROUP - CTCP,2022,VIC_financial_statements_2022_separate,separate,VIC/2022/VIC_financial_statements_2022_separate/VIC_financial_statements_2022_separate_extracted.txt
VIC,Tập đoàn VINGROUP - CTCP,2023,VIC_financial_statements_2023_consolidated,consolidated,VIC/2023/VIC_financial_statements_2023_consolidated/VIC_financial_statements_2023_consolidated_extracted.txt
VIC,Tập đoàn VINGROUP - CTCP,2023,VIC_financial_statements_2023_separate,separate,VIC/2023/VIC_financial_statements_2023_separate/VIC_financial_statements_2023_separate_extracted.txt
VIC,Tập đoàn VINGROUP - CTCP,2024,VIC_financial_statements_2024_consolidated,consolidated,VIC/2024/VIC_financial_statements_2024_consolidated/VIC_financial_statements_2024_consolidated_extracted.txt
VIC,Tập đoàn VINGROUP - CTCP,2024,VIC_financial_statements_2024_separate,separate,VIC/2024/VIC_financial_statements_2024_separate/VIC_financial_statements_2024_separate_extracted.txt
VIC,Tập đoàn VINGROUP - CTCP,2025,VIC_financial_statements_2025_consolidated,consolidated,VIC/2025/VIC_financial_statements_2025_consolidated/VIC_financial_statements_2025_consolidated_extracted.txt
VIC,Tập đoàn VINGROUP - CTCP,2025,VIC_financial_statements_2025_separate,separate,VIC/2025/VIC_financial_statements_2025_separate/VIC_financial_statements_2025_separate_extracted.txt
VIF,Tổng Công ty Lâm nghiệp Việt Nam - CTCP,2015,VIF_financial_statements_2015_consolidated,consolidated,VIF/2015/VIF_financial_statements_2015_consolidated/VIF_financial_statements_2015_consolidated_extracted.txt
VIF,Tổng Công ty Lâm nghiệp Việt Nam - CTCP,2015,VIF_financial_statements_2015_separate,separate,VIF/2015/VIF_financial_statements_2015_separate/VIF_financial_statements_2015_separate_extracted.txt
VIF,Tổng Công ty Lâm nghiệp Việt Nam - CTCP,2016,VIF_financial_statements_2016_consolidated,consolidated,VIF/2016/VIF_financial_statements_2016_consolidated/VIF_financial_statements_2016_consolidated_extracted.txt
VIF,Tổng Công ty Lâm nghiệp Việt Nam - CTCP,2016,VIF_financial_statements_2016_separate,separate,VIF/2016/VIF_financial_statements_2016_separate/VIF_financial_statements_2016_separate_extracted.txt
VIF,Tổng Công ty Lâm nghiệp Việt Nam - CTCP,2017,VIF_financial_statements_2017_consolidated,consolidated,VIF/2017/VIF_financial_statements_2017_consolidated/VIF_financial_statements_2017_consolidated_extracted.txt
VIF,Tổng Công ty Lâm nghiệp Việt Nam - CTCP,2017,VIF_financial_statements_2017_separate,separate,VIF/2017/VIF_financial_statements_2017_separate/VIF_financial_statements_2017_separate_extracted.txt
VIF,Tổng Công ty Lâm nghiệp Việt Nam - CTCP,2018,VIF_financial_statements_2018_consolidated,consolidated,VIF/2018/VIF_financial_statements_2018_consolidated/VIF_financial_statements_2018_consolidated_extracted.txt
VIF,Tổng Công ty Lâm nghiệp Việt Nam - CTCP,2018,VIF_financial_statements_2018_separate,separate,VIF/2018/VIF_financial_statements_2018_separate/VIF_financial_statements_2018_separate_extracted.txt
VIF,Tổng Công ty Lâm nghiệp Việt Nam - CTCP,2019,VIF_financial_statements_2019_consolidated,consolidated,VIF/2019/VIF_financial_statements_2019_consolidated/VIF_financial_statements_2019_consolidated_extracted.txt
VIF,Tổng Công ty Lâm nghiệp Việt Nam - CTCP,2019,VIF_financial_statements_2019_separate,separate,VIF/2019/VIF_financial_statements_2019_separate/VIF_financial_statements_2019_separate_extracted.txt
VIF,Tổng Công ty Lâm nghiệp Việt Nam - CTCP,2020,VIF_financial_statements_2020_consolidated,consolidated,VIF/2020/VIF_financial_statements_2020_consolidated/VIF_financial_statements_2020_consolidated_extracted.txt
VIF,Tổng Công ty Lâm nghiệp Việt Nam - CTCP,2020,VIF_financial_statements_2020_separate,separate,VIF/2020/VIF_financial_statements_2020_separate/VIF_financial_statements_2020_separate_extracted.txt
VIF,Tổng Công ty Lâm nghiệp Việt Nam - CTCP,2021,VIF_financial_statements_2021_consolidated,consolidated,VIF/2021/VIF_financial_statements_2021_consolidated/VIF_financial_statements_2021_consolidated_extracted.txt
VIF,Tổng Công ty Lâm nghiệp Việt Nam - CTCP,2021,VIF_financial_statements_2021_separate,separate,VIF/2021/VIF_financial_statements_2021_separate/VIF_financial_statements_2021_separate_extracted.txt
VIF,Tổng Công ty Lâm nghiệp Việt Nam - CTCP,2022,VIF_financial_statements_2022_consolidated,consolidated,VIF/2022/VIF_financial_statements_2022_consolidated/VIF_financial_statements_2022_consolidated_extracted.txt
VIF,Tổng Công ty Lâm nghiệp Việt Nam - CTCP,2022,VIF_financial_statements_2022_separate,separate,VIF/2022/VIF_financial_statements_2022_separate/VIF_financial_statements_2022_separate_extracted.txt
VIF,Tổng Công ty Lâm nghiệp Việt Nam - CTCP,2023,VIF_financial_statements_2023_consolidated,consolidated,VIF/2023/VIF_financial_statements_2023_consolidated/VIF_financial_statements_2023_consolidated_extracted.txt
VIF,Tổng Công ty Lâm nghiệp Việt Nam - CTCP,2023,VIF_financial_statements_2023_separate,separate,VIF/2023/VIF_financial_statements_2023_separate/VIF_financial_statements_2023_separate_extracted.txt
VIF,Tổng Công ty Lâm nghiệp Việt Nam - CTCP,2024,VIF_financial_statements_2024_consolidated,consolidated,VIF/2024/VIF_financial_statements_2024_consolidated/VIF_financial_statements_2024_consolidated_extracted.txt
VIF,Tổng Công ty Lâm nghiệp Việt Nam - CTCP,2024,VIF_financial_statements_2024_separate,separate,VIF/2024/VIF_financial_statements_2024_separate/VIF_financial_statements_2024_separate_extracted.txt
VIF,Tổng Công ty Lâm nghiệp Việt Nam - CTCP,2025,VIF_financial_statements_2025_consolidated,consolidated,VIF/2025/VIF_financial_statements_2025_consolidated/VIF_financial_statements_2025_consolidated_extracted.txt
VIF,Tổng Công ty Lâm nghiệp Việt Nam - CTCP,2025,VIF_financial_statements_2025_separate,separate,VIF/2025/VIF_financial_statements_2025_separate/VIF_financial_statements_2025_separate_extracted.txt
VJC,CTCP Hàng không Vietjet,2015,VJC_financial_statements_2015_consolidated,consolidated,VJC/2015/VJC_financial_statements_2015_consolidated/VJC_financial_statements_2015_consolidated_extracted.txt
VJC,CTCP Hàng không Vietjet,2015,VJC_financial_statements_2015_separate,separate,VJC/2015/VJC_financial_statements_2015_separate/VJC_financial_statements_2015_separate_extracted.txt
VJC,CTCP Hàng không Vietjet,2016,VJC_financial_statements_2016_consolidated,consolidated,VJC/2016/VJC_financial_statements_2016_consolidated/VJC_financial_statements_2016_consolidated_extracted.txt
VJC,CTCP Hàng không Vietjet,2016,VJC_financial_statements_2016_separate,separate,VJC/2016/VJC_financial_statements_2016_separate/VJC_financial_statements_2016_separate_extracted.txt
VJC,CTCP Hàng không Vietjet,2017,VJC_financial_statements_2017_consolidated,consolidated,VJC/2017/VJC_financial_statements_2017_consolidated/VJC_financial_statements_2017_consolidated_extracted.txt
VJC,CTCP Hàng không Vietjet,2017,VJC_financial_statements_2017_separate,separate,VJC/2017/VJC_financial_statements_2017_separate/VJC_financial_statements_2017_separate_extracted.txt
VJC,CTCP Hàng không Vietjet,2018,VJC_financial_statements_2018_consolidated,consolidated,VJC/2018/VJC_financial_statements_2018_consolidated/VJC_financial_statements_2018_consolidated_extracted.txt
VJC,CTCP Hàng không Vietjet,2018,VJC_financial_statements_2018_separate,separate,VJC/2018/VJC_financial_statements_2018_separate/VJC_financial_statements_2018_separate_extracted.txt
VJC,CTCP Hàng không Vietjet,2019,VJC_financial_statements_2019_consolidated,consolidated,VJC/2019/VJC_financial_statements_2019_consolidated/VJC_financial_statements_2019_consolidated_extracted.txt
VJC,CTCP Hàng không Vietjet,2019,VJC_financial_statements_2019_separate,separate,VJC/2019/VJC_financial_statements_2019_separate/VJC_financial_statements_2019_separate_extracted.txt
VJC,CTCP Hàng không Vietjet,2020,VJC_financial_statements_2020_consolidated,consolidated,VJC/2020/VJC_financial_statements_2020_consolidated/VJC_financial_statements_2020_consolidated_extracted.txt
VJC,CTCP Hàng không Vietjet,2020,VJC_financial_statements_2020_separate,separate,VJC/2020/VJC_financial_statements_2020_separate/VJC_financial_statements_2020_separate_extracted.txt
VJC,CTCP Hàng không Vietjet,2021,VJC_financial_statements_2021_consolidated,consolidated,VJC/2021/VJC_financial_statements_2021_consolidated/VJC_financial_statements_2021_consolidated_extracted.txt
VJC,CTCP Hàng không Vietjet,2021,VJC_financial_statements_2021_separate,separate,VJC/2021/VJC_financial_statements_2021_separate/VJC_financial_statements_2021_separate_extracted.txt
VJC,CTCP Hàng không Vietjet,2022,VJC_financial_statements_2022_consolidated,consolidated,VJC/2022/VJC_financial_statements_2022_consolidated/VJC_financial_statements_2022_consolidated_extracted.txt
VJC,CTCP Hàng không Vietjet,2022,VJC_financial_statements_2022_separate,separate,VJC/2022/VJC_financial_statements_2022_separate/VJC_financial_statements_2022_separate_extracted.txt
VJC,CTCP Hàng không Vietjet,2023,VJC_financial_statements_2023_consolidated,consolidated,VJC/2023/VJC_financial_statements_2023_consolidated/VJC_financial_statements_2023_consolidated_extracted.txt
VJC,CTCP Hàng không Vietjet,2024,VJC_financial_statements_2024_consolidated,consolidated,VJC/2024/VJC_financial_statements_2024_consolidated/VJC_financial_statements_2024_consolidated_extracted.txt
VJC,CTCP Hàng không Vietjet,2024,VJC_financial_statements_2024_separate,separate,VJC/2024/VJC_financial_statements_2024_separate/VJC_financial_statements_2024_separate_extracted.txt
VJC,CTCP Hàng không Vietjet,2025,VJC_financial_statements_2025_consolidated,consolidated,VJC/2025/VJC_financial_statements_2025_consolidated/VJC_financial_statements_2025_consolidated_extracted.txt
VJC,CTCP Hàng không Vietjet,2025,VJC_financial_statements_2025_separate,separate,VJC/2025/VJC_financial_statements_2025_separate/VJC_financial_statements_2025_separate_extracted.txt
VNM,CTCP Sữa Việt Nam,2015,VNM_financial_statements_2015_consolidated,consolidated,VNM/2015/VNM_financial_statements_2015_consolidated/VNM_financial_statements_2015_consolidated_extracted.txt
VNM,CTCP Sữa Việt Nam,2015,VNM_financial_statements_2015_separate,separate,VNM/2015/VNM_financial_statements_2015_separate/VNM_financial_statements_2015_separate_extracted.txt
VNM,CTCP Sữa Việt Nam,2016,VNM_financial_statements_2016_consolidated,consolidated,VNM/2016/VNM_financial_statements_2016_consolidated/VNM_financial_statements_2016_consolidated_extracted.txt
VNM,CTCP Sữa Việt Nam,2016,VNM_financial_statements_2016_separate,separate,VNM/2016/VNM_financial_statements_2016_separate/VNM_financial_statements_2016_separate_extracted.txt
VNM,CTCP Sữa Việt Nam,2017,VNM_financial_statements_2017_consolidated,consolidated,VNM/2017/VNM_financial_statements_2017_consolidated/VNM_financial_statements_2017_consolidated_extracted.txt
VNM,CTCP Sữa Việt Nam,2017,VNM_financial_statements_2017_separate,separate,VNM/2017/VNM_financial_statements_2017_separate/VNM_financial_statements_2017_separate_extracted.txt
VNM,CTCP Sữa Việt Nam,2018,VNM_financial_statements_2018_consolidated,consolidated,VNM/2018/VNM_financial_statements_2018_consolidated/VNM_financial_statements_2018_consolidated_extracted.txt
VNM,CTCP Sữa Việt Nam,2018,VNM_financial_statements_2018_separate,separate,VNM/2018/VNM_financial_statements_2018_separate/VNM_financial_statements_2018_separate_extracted.txt
VNM,CTCP Sữa Việt Nam,2019,VNM_financial_statements_2019_consolidated,consolidated,VNM/2019/VNM_financial_statements_2019_consolidated/VNM_financial_statements_2019_consolidated_extracted.txt
VNM,CTCP Sữa Việt Nam,2019,VNM_financial_statements_2019_separate,separate,VNM/2019/VNM_financial_statements_2019_separate/VNM_financial_statements_2019_separate_extracted.txt
VNM,CTCP Sữa Việt Nam,2020,VNM_financial_statements_2020_consolidated,consolidated,VNM/2020/VNM_financial_statements_2020_consolidated/VNM_financial_statements_2020_consolidated_extracted.txt
VNM,CTCP Sữa Việt Nam,2020,VNM_financial_statements_2020_separate,separate,VNM/2020/VNM_financial_statements_2020_separate/VNM_financial_statements_2020_separate_extracted.txt
VNM,CTCP Sữa Việt Nam,2021,VNM_financial_statements_2021_consolidated,consolidated,VNM/2021/VNM_financial_statements_2021_consolidated/VNM_financial_statements_2021_consolidated_extracted.txt
VNM,CTCP Sữa Việt Nam,2021,VNM_financial_statements_2021_separate,separate,VNM/2021/VNM_financial_statements_2021_separate/VNM_financial_statements_2021_separate_extracted.txt
VNM,CTCP Sữa Việt Nam,2022,VNM_financial_statements_2022_consolidated,consolidated,VNM/2022/VNM_financial_statements_2022_consolidated/VNM_financial_statements_2022_consolidated_extracted.txt
VNM,CTCP Sữa Việt Nam,2022,VNM_financial_statements_2022_separate,separate,VNM/2022/VNM_financial_statements_2022_separate/VNM_financial_statements_2022_separate_extracted.txt
VNM,CTCP Sữa Việt Nam,2023,VNM_financial_statements_2023_consolidated,consolidated,VNM/2023/VNM_financial_statements_2023_consolidated/VNM_financial_statements_2023_consolidated_extracted.txt
VNM,CTCP Sữa Việt Nam,2023,VNM_financial_statements_2023_separate,separate,VNM/2023/VNM_financial_statements_2023_separate/VNM_financial_statements_2023_separate_extracted.txt
VNM,CTCP Sữa Việt Nam,2024,VNM_financial_statements_2024_consolidated,consolidated,VNM/2024/VNM_financial_statements_2024_consolidated/VNM_financial_statements_2024_consolidated_extracted.txt
VNM,CTCP Sữa Việt Nam,2024,VNM_financial_statements_2024_separate,separate,VNM/2024/VNM_financial_statements_2024_separate/VNM_financial_statements_2024_separate_extracted.txt
VNM,CTCP Sữa Việt Nam,2025,VNM_financial_statements_2025_consolidated,consolidated,VNM/2025/VNM_financial_statements_2025_consolidated/VNM_financial_statements_2025_consolidated_extracted.txt
VNM,CTCP Sữa Việt Nam,2025,VNM_financial_statements_2025_separate,separate,VNM/2025/VNM_financial_statements_2025_separate/VNM_financial_statements_2025_separate_extracted.txt
VPB,Ngân hàng TMCP Việt Nam Thịnh Vượng,2017,VPB_financial_statements_2017_consolidated,consolidated,VPB/2017/VPB_financial_statements_2017_consolidated/VPB_financial_statements_2017_consolidated_extracted.txt
VPB,Ngân hàng TMCP Việt Nam Thịnh Vượng,2017,VPB_financial_statements_2017_separate,separate,VPB/2017/VPB_financial_statements_2017_separate/VPB_financial_statements_2017_separate_extracted.txt
VPB,Ngân hàng TMCP Việt Nam Thịnh Vượng,2018,VPB_financial_statements_2018_consolidated,consolidated,VPB/2018/VPB_financial_statements_2018_consolidated/VPB_financial_statements_2018_consolidated_extracted.txt
VPB,Ngân hàng TMCP Việt Nam Thịnh Vượng,2018,VPB_financial_statements_2018_separate,separate,VPB/2018/VPB_financial_statements_2018_separate/VPB_financial_statements_2018_separate_extracted.txt
VPB,Ngân hàng TMCP Việt Nam Thịnh Vượng,2019,VPB_financial_statements_2019_consolidated,consolidated,VPB/2019/VPB_financial_statements_2019_consolidated/VPB_financial_statements_2019_consolidated_extracted.txt
VPB,Ngân hàng TMCP Việt Nam Thịnh Vượng,2019,VPB_financial_statements_2019_separate,separate,VPB/2019/VPB_financial_statements_2019_separate/VPB_financial_statements_2019_separate_extracted.txt
VPB,Ngân hàng TMCP Việt Nam Thịnh Vượng,2020,VPB_financial_statements_2020_consolidated,consolidated,VPB/2020/VPB_financial_statements_2020_consolidated/VPB_financial_statements_2020_consolidated_extracted.txt
VPB,Ngân hàng TMCP Việt Nam Thịnh Vượng,2020,VPB_financial_statements_2020_separate,separate,VPB/2020/VPB_financial_statements_2020_separate/VPB_financial_statements_2020_separate_extracted.txt
VPB,Ngân hàng TMCP Việt Nam Thịnh Vượng,2021,VPB_financial_statements_2021_consolidated,consolidated,VPB/2021/VPB_financial_statements_2021_consolidated/VPB_financial_statements_2021_consolidated_extracted.txt
VPB,Ngân hàng TMCP Việt Nam Thịnh Vượng,2021,VPB_financial_statements_2021_separate,separate,VPB/2021/VPB_financial_statements_2021_separate/VPB_financial_statements_2021_separate_extracted.txt
VPB,Ngân hàng TMCP Việt Nam Thịnh Vượng,2022,VPB_financial_statements_2022_consolidated,consolidated,VPB/2022/VPB_financial_statements_2022_consolidated/VPB_financial_statements_2022_consolidated_extracted.txt
VPB,Ngân hàng TMCP Việt Nam Thịnh Vượng,2022,VPB_financial_statements_2022_separate_1,separate,VPB/2022/VPB_financial_statements_2022_separate_1/VPB_financial_statements_2022_separate_1_extracted.txt
VPB,Ngân hàng TMCP Việt Nam Thịnh Vượng,2022,VPB_financial_statements_2022_separate_2,separate,VPB/2022/VPB_financial_statements_2022_separate_2/VPB_financial_statements_2022_separate_2_extracted.txt
VPB,Ngân hàng TMCP Việt Nam Thịnh Vượng,2023,VPB_financial_statements_2023,other,VPB/2023/VPB_financial_statements_2023/VPB_financial_statements_2023_extracted.txt
VPB,Ngân hàng TMCP Việt Nam Thịnh Vượng,2024,VPB_financial_statements_2024_consolidated,consolidated,VPB/2024/VPB_financial_statements_2024_consolidated/VPB_financial_statements_2024_consolidated_extracted.txt
VPB,Ngân hàng TMCP Việt Nam Thịnh Vượng,2024,VPB_financial_statements_2024_separate,separate,VPB/2024/VPB_financial_statements_2024_separate/VPB_financial_statements_2024_separate_extracted.txt
VPB,Ngân hàng TMCP Việt Nam Thịnh Vượng,2025,VPB_financial_statements_2025_consolidated,consolidated,VPB/2025/VPB_financial_statements_2025_consolidated/VPB_financial_statements_2025_consolidated_extracted.txt
VPB,Ngân hàng TMCP Việt Nam Thịnh Vượng,2025,VPB_financial_statements_2025_separate,separate,VPB/2025/VPB_financial_statements_2025_separate/VPB_financial_statements_2025_separate_extracted.txt
VPI,CTCP Phát triển Bất động sản Văn Phú,2016,VPI_financial_statements_2016_consolidated,consolidated,VPI/2016/VPI_financial_statements_2016_consolidated/VPI_financial_statements_2016_consolidated_extracted.txt
VPI,CTCP Phát triển Bất động sản Văn Phú,2016,VPI_financial_statements_2016_separate,separate,VPI/2016/VPI_financial_statements_2016_separate/VPI_financial_statements_2016_separate_extracted.txt
VPI,CTCP Phát triển Bất động sản Văn Phú,2017,VPI_financial_statements_2017_consolidated,consolidated,VPI/2017/VPI_financial_statements_2017_consolidated/VPI_financial_statements_2017_consolidated_extracted.txt
VPI,CTCP Phát triển Bất động sản Văn Phú,2017,VPI_financial_statements_2017_separate,separate,VPI/2017/VPI_financial_statements_2017_separate/VPI_financial_statements_2017_separate_extracted.txt
VPI,CTCP Phát triển Bất động sản Văn Phú,2018,VPI_financial_statements_2018_consolidated,consolidated,VPI/2018/VPI_financial_statements_2018_consolidated/VPI_financial_statements_2018_consolidated_extracted.txt
VPI,CTCP Phát triển Bất động sản Văn Phú,2018,VPI_financial_statements_2018_separate,separate,VPI/2018/VPI_financial_statements_2018_separate/VPI_financial_statements_2018_separate_extracted.txt
VPI,CTCP Phát triển Bất động sản Văn Phú,2019,VPI_financial_statements_2019_consolidated,consolidated,VPI/2019/VPI_financial_statements_2019_consolidated/VPI_financial_statements_2019_consolidated_extracted.txt
VPI,CTCP Phát triển Bất động sản Văn Phú,2019,VPI_financial_statements_2019_separate,separate,VPI/2019/VPI_financial_statements_2019_separate/VPI_financial_statements_2019_separate_extracted.txt
VPI,CTCP Phát triển Bất động sản Văn Phú,2020,VPI_financial_statements_2020_consolidated,consolidated,VPI/2020/VPI_financial_statements_2020_consolidated/VPI_financial_statements_2020_consolidated_extracted.txt
VPI,CTCP Phát triển Bất động sản Văn Phú,2020,VPI_financial_statements_2020_separate,separate,VPI/2020/VPI_financial_statements_2020_separate/VPI_financial_statements_2020_separate_extracted.txt
VPI,CTCP Phát triển Bất động sản Văn Phú,2021,VPI_financial_statements_2021_consolidated,consolidated,VPI/2021/VPI_financial_statements_2021_consolidated/VPI_financial_statements_2021_consolidated_extracted.txt
VPI,CTCP Phát triển Bất động sản Văn Phú,2021,VPI_financial_statements_2021_separate,separate,VPI/2021/VPI_financial_statements_2021_separate/VPI_financial_statements_2021_separate_extracted.txt
VPI,CTCP Phát triển Bất động sản Văn Phú,2022,VPI_financial_statements_2022_consolidated,consolidated,VPI/2022/VPI_financial_statements_2022_consolidated/VPI_financial_statements_2022_consolidated_extracted.txt
VPI,CTCP Phát triển Bất động sản Văn Phú,2022,VPI_financial_statements_2022_separate,separate,VPI/2022/VPI_financial_statements_2022_separate/VPI_financial_statements_2022_separate_extracted.txt
VPI,CTCP Phát triển Bất động sản Văn Phú,2023,VPI_financial_statements_2023_consolidated,consolidated,VPI/2023/VPI_financial_statements_2023_consolidated/VPI_financial_statements_2023_consolidated_extracted.txt
VPI,CTCP Phát triển Bất động sản Văn Phú,2023,VPI_financial_statements_2023_separate,separate,VPI/2023/VPI_financial_statements_2023_separate/VPI_financial_statements_2023_separate_extracted.txt
VPI,CTCP Phát triển Bất động sản Văn Phú,2024,VPI_financial_statements_2024_consolidated,consolidated,VPI/2024/VPI_financial_statements_2024_consolidated/VPI_financial_statements_2024_consolidated_extracted.txt
VPI,CTCP Phát triển Bất động sản Văn Phú,2024,VPI_financial_statements_2024_separate,separate,VPI/2024/VPI_financial_statements_2024_separate/VPI_financial_statements_2024_separate_extracted.txt
VPI,CTCP Phát triển Bất động sản Văn Phú,2025,VPI_financial_statements_2025_consolidated,consolidated,VPI/2025/VPI_financial_statements_2025_consolidated/VPI_financial_statements_2025_consolidated_extracted.txt
VPI,CTCP Phát triển Bất động sản Văn Phú,2025,VPI_financial_statements_2025_separate,separate,VPI/2025/VPI_financial_statements_2025_separate/VPI_financial_statements_2025_separate_extracted.txt
VRE,CTCP Vincom Retail,2015,VRE_financial_statements_2015_consolidated,consolidated,VRE/2015/VRE_financial_statements_2015_consolidated/VRE_financial_statements_2015_consolidated_extracted.txt
VRE,CTCP Vincom Retail,2015,VRE_financial_statements_2015_separate,separate,VRE/2015/VRE_financial_statements_2015_separate/VRE_financial_statements_2015_separate_extracted.txt
VRE,CTCP Vincom Retail,2016,VRE_financial_statements_2016_consolidated,consolidated,VRE/2016/VRE_financial_statements_2016_consolidated/VRE_financial_statements_2016_consolidated_extracted.txt
VRE,CTCP Vincom Retail,2016,VRE_financial_statements_2016_separate,separate,VRE/2016/VRE_financial_statements_2016_separate/VRE_financial_statements_2016_separate_extracted.txt
VRE,CTCP Vincom Retail,2017,VRE_financial_statements_2017_consolidated,consolidated,VRE/2017/VRE_financial_statements_2017_consolidated/VRE_financial_statements_2017_consolidated_extracted.txt
VRE,CTCP Vincom Retail,2017,VRE_financial_statements_2017_separate,separate,VRE/2017/VRE_financial_statements_2017_separate/VRE_financial_statements_2017_separate_extracted.txt
VRE,CTCP Vincom Retail,2018,VRE_financial_statements_2018_consolidated,consolidated,VRE/2018/VRE_financial_statements_2018_consolidated/VRE_financial_statements_2018_consolidated_extracted.txt
VRE,CTCP Vincom Retail,2019,VRE_financial_statements_2019_consolidated,consolidated,VRE/2019/VRE_financial_statements_2019_consolidated/VRE_financial_statements_2019_consolidated_extracted.txt
VRE,CTCP Vincom Retail,2019,VRE_financial_statements_2019_separate,separate,VRE/2019/VRE_financial_statements_2019_separate/VRE_financial_statements_2019_separate_extracted.txt
VRE,CTCP Vincom Retail,2020,VRE_financial_statements_2020_consolidated,consolidated,VRE/2020/VRE_financial_statements_2020_consolidated/VRE_financial_statements_2020_consolidated_extracted.txt
VRE,CTCP Vincom Retail,2020,VRE_financial_statements_2020_separate,separate,VRE/2020/VRE_financial_statements_2020_separate/VRE_financial_statements_2020_separate_extracted.txt
VRE,CTCP Vincom Retail,2021,VRE_financial_statements_2021_consolidated,consolidated,VRE/2021/VRE_financial_statements_2021_consolidated/VRE_financial_statements_2021_consolidated_extracted.txt
VRE,CTCP Vincom Retail,2021,VRE_financial_statements_2021_separate,separate,VRE/2021/VRE_financial_statements_2021_separate/VRE_financial_statements_2021_separate_extracted.txt
VRE,CTCP Vincom Retail,2022,VRE_financial_statements_2022_consolidated,consolidated,VRE/2022/VRE_financial_statements_2022_consolidated/VRE_financial_statements_2022_consolidated_extracted.txt
VRE,CTCP Vincom Retail,2022,VRE_financial_statements_2022_separate,separate,VRE/2022/VRE_financial_statements_2022_separate/VRE_financial_statements_2022_separate_extracted.txt
VRE,CTCP Vincom Retail,2023,VRE_financial_statements_2023_consolidated,consolidated,VRE/2023/VRE_financial_statements_2023_consolidated/VRE_financial_statements_2023_consolidated_extracted.txt
VRE,CTCP Vincom Retail,2023,VRE_financial_statements_2023_separate,separate,VRE/2023/VRE_financial_statements_2023_separate/VRE_financial_statements_2023_separate_extracted.txt
VRE,CTCP Vincom Retail,2024,VRE_financial_statements_2024_consolidated,consolidated,VRE/2024/VRE_financial_statements_2024_consolidated/VRE_financial_statements_2024_consolidated_extracted.txt
VRE,CTCP Vincom Retail,2024,VRE_financial_statements_2024_separate,separate,VRE/2024/VRE_financial_statements_2024_separate/VRE_financial_statements_2024_separate_extracted.txt
VRE,CTCP Vincom Retail,2025,VRE_financial_statements_2025_consolidated,consolidated,VRE/2025/VRE_financial_statements_2025_consolidated/VRE_financial_statements_2025_consolidated_extracted.txt
VRE,CTCP Vincom Retail,2025,VRE_financial_statements_2025_separate,separate,VRE/2025/VRE_financial_statements_2025_separate/VRE_financial_statements_2025_separate_extracted.txt
VSC,CTCP Container Việt Nam,2015,VSC_financial_statements_2015_consolidated,consolidated,VSC/2015/VSC_financial_statements_2015_consolidated/VSC_financial_statements_2015_consolidated_extracted.txt
VSC,CTCP Container Việt Nam,2015,VSC_financial_statements_2015_separate,separate,VSC/2015/VSC_financial_statements_2015_separate/VSC_financial_statements_2015_separate_extracted.txt
VSC,CTCP Container Việt Nam,2016,VSC_financial_statements_2016_consolidated,consolidated,VSC/2016/VSC_financial_statements_2016_consolidated/VSC_financial_statements_2016_consolidated_extracted.txt
VSC,CTCP Container Việt Nam,2016,VSC_financial_statements_2016_separate,separate,VSC/2016/VSC_financial_statements_2016_separate/VSC_financial_statements_2016_separate_extracted.txt
VSC,CTCP Container Việt Nam,2017,VSC_financial_statements_2017_consolidated,consolidated,VSC/2017/VSC_financial_statements_2017_consolidated/VSC_financial_statements_2017_consolidated_extracted.txt
VSC,CTCP Container Việt Nam,2017,VSC_financial_statements_2017_separate,separate,VSC/2017/VSC_financial_statements_2017_separate/VSC_financial_statements_2017_separate_extracted.txt
VSC,CTCP Container Việt Nam,2018,VSC_financial_statements_2018_consolidated,consolidated,VSC/2018/VSC_financial_statements_2018_consolidated/VSC_financial_statements_2018_consolidated_extracted.txt
VSC,CTCP Container Việt Nam,2018,VSC_financial_statements_2018_separate,separate,VSC/2018/VSC_financial_statements_2018_separate/VSC_financial_statements_2018_separate_extracted.txt
VSC,CTCP Container Việt Nam,2019,VSC_financial_statements_2019_consolidated,consolidated,VSC/2019/VSC_financial_statements_2019_consolidated/VSC_financial_statements_2019_consolidated_extracted.txt
VSC,CTCP Container Việt Nam,2019,VSC_financial_statements_2019_separate,separate,VSC/2019/VSC_financial_statements_2019_separate/VSC_financial_statements_2019_separate_extracted.txt
VSC,CTCP Container Việt Nam,2020,VSC_financial_statements_2020_consolidated,consolidated,VSC/2020/VSC_financial_statements_2020_consolidated/VSC_financial_statements_2020_consolidated_extracted.txt
VSC,CTCP Container Việt Nam,2020,VSC_financial_statements_2020_separate,separate,VSC/2020/VSC_financial_statements_2020_separate/VSC_financial_statements_2020_separate_extracted.txt
VSC,CTCP Container Việt Nam,2021,VSC_financial_statements_2021_consolidated,consolidated,VSC/2021/VSC_financial_statements_2021_consolidated/VSC_financial_statements_2021_consolidated_extracted.txt
VSC,CTCP Container Việt Nam,2021,VSC_financial_statements_2021_separate,separate,VSC/2021/VSC_financial_statements_2021_separate/VSC_financial_statements_2021_separate_extracted.txt
VSC,CTCP Container Việt Nam,2022,VSC_financial_statements_2022_consolidated,consolidated,VSC/2022/VSC_financial_statements_2022_consolidated/VSC_financial_statements_2022_consolidated_extracted.txt
VSC,CTCP Container Việt Nam,2022,VSC_financial_statements_2022_separate,separate,VSC/2022/VSC_financial_statements_2022_separate/VSC_financial_statements_2022_separate_extracted.txt
VSC,CTCP Container Việt Nam,2023,VSC_financial_statements_2023_consolidated,consolidated,VSC/2023/VSC_financial_statements_2023_consolidated/VSC_financial_statements_2023_consolidated_extracted.txt
VSC,CTCP Container Việt Nam,2023,VSC_financial_statements_2023_separate,separate,VSC/2023/VSC_financial_statements_2023_separate/VSC_financial_statements_2023_separate_extracted.txt
VSC,CTCP Container Việt Nam,2024,VSC_financial_statements_2024_consolidated,consolidated,VSC/2024/VSC_financial_statements_2024_consolidated/VSC_financial_statements_2024_consolidated_extracted.txt
VSC,CTCP Container Việt Nam,2024,VSC_financial_statements_2024_separate,separate,VSC/2024/VSC_financial_statements_2024_separate/VSC_financial_statements_2024_separate_extracted.txt
VSC,CTCP Container Việt Nam,2025,VSC_financial_statements_2025_consolidated,consolidated,VSC/2025/VSC_financial_statements_2025_consolidated/VSC_financial_statements_2025_consolidated_extracted.txt
VSC,CTCP Container Việt Nam,2025,VSC_financial_statements_2025_separate,separate,VSC/2025/VSC_financial_statements_2025_separate/VSC_financial_statements_2025_separate_extracted.txt
VSF,Tổng Công ty Lương thực Miền Nam - CTCP,2017,VSF_financial_statements_2017_separate,separate,VSF/2017/VSF_financial_statements_2017_separate/VSF_financial_statements_2017_separate_extracted.txt
VSF,Tổng Công ty Lương thực Miền Nam - CTCP,2018,VSF_financial_statements_2018_consolidated,consolidated,VSF/2018/VSF_financial_statements_2018_consolidated/VSF_financial_statements_2018_consolidated_extracted.txt
VSF,Tổng Công ty Lương thực Miền Nam - CTCP,2018,VSF_financial_statements_2018_separate,separate,VSF/2018/VSF_financial_statements_2018_separate/VSF_financial_statements_2018_separate_extracted.txt
VSF,Tổng Công ty Lương thực Miền Nam - CTCP,2019,VSF_financial_statements_2019_consolidated,consolidated,VSF/2019/VSF_financial_statements_2019_consolidated/VSF_financial_statements_2019_consolidated_extracted.txt
VSF,Tổng Công ty Lương thực Miền Nam - CTCP,2019,VSF_financial_statements_2019_separate,separate,VSF/2019/VSF_financial_statements_2019_separate/VSF_financial_statements_2019_separate_extracted.txt
VSF,Tổng Công ty Lương thực Miền Nam - CTCP,2020,VSF_financial_statements_2020_consolidated,consolidated,VSF/2020/VSF_financial_statements_2020_consolidated/VSF_financial_statements_2020_consolidated_extracted.txt
VSF,Tổng Công ty Lương thực Miền Nam - CTCP,2020,VSF_financial_statements_2020_separate,separate,VSF/2020/VSF_financial_statements_2020_separate/VSF_financial_statements_2020_separate_extracted.txt
VSF,Tổng Công ty Lương thực Miền Nam - CTCP,2021,VSF_financial_statements_2021_consolidated,consolidated,VSF/2021/VSF_financial_statements_2021_consolidated/VSF_financial_statements_2021_consolidated_extracted.txt
VSF,Tổng Công ty Lương thực Miền Nam - CTCP,2021,VSF_financial_statements_2021_separate,separate,VSF/2021/VSF_financial_statements_2021_separate/VSF_financial_statements_2021_separate_extracted.txt
VSF,Tổng Công ty Lương thực Miền Nam - CTCP,2022,VSF_financial_statements_2022_consolidated,consolidated,VSF/2022/VSF_financial_statements_2022_consolidated/VSF_financial_statements_2022_consolidated_extracted.txt
VSF,Tổng Công ty Lương thực Miền Nam - CTCP,2022,VSF_financial_statements_2022_separate,separate,VSF/2022/VSF_financial_statements_2022_separate/VSF_financial_statements_2022_separate_extracted.txt
VSF,Tổng Công ty Lương thực Miền Nam - CTCP,2023,VSF_financial_statements_2023_consolidated,consolidated,VSF/2023/VSF_financial_statements_2023_consolidated/VSF_financial_statements_2023_consolidated_extracted.txt
VSF,Tổng Công ty Lương thực Miền Nam - CTCP,2023,VSF_financial_statements_2023_separate,separate,VSF/2023/VSF_financial_statements_2023_separate/VSF_financial_statements_2023_separate_extracted.txt
VSF,Tổng Công ty Lương thực Miền Nam - CTCP,2024,VSF_financial_statements_2024_aggregated,aggregated,VSF/2024/VSF_financial_statements_2024_aggregated/VSF_financial_statements_2024_aggregated_extracted.txt
VSF,Tổng Công ty Lương thực Miền Nam - CTCP,2024,VSF_financial_statements_2024_consolidated,consolidated,VSF/2024/VSF_financial_statements_2024_consolidated/VSF_financial_statements_2024_consolidated_extracted.txt
VSF,Tổng Công ty Lương thực Miền Nam - CTCP,2025,VSF_financial_statements_2025_aggregated,aggregated,VSF/2025/VSF_financial_statements_2025_aggregated/VSF_financial_statements_2025_aggregated_extracted.txt
VSF,Tổng Công ty Lương thực Miền Nam - CTCP,2025,VSF_financial_statements_2025_consolidated,consolidated,VSF/2025/VSF_financial_statements_2025_consolidated/VSF_financial_statements_2025_consolidated_extracted.txt
