ticker,year,document_id,scope,source_path,file_size_bytes,character_count,utf8_byte_count,page_count,table_count,first_table_offset,last_table_offset
AAA,2015,AAA_financial_statements_2015_consolidated,consolidated,data/data/ViFinQA/financial_statements/AAA/2015/AAA_financial_statements_2015_consolidated/AAA_financial_statements_2015_consolidated_extracted.txt,142651,118654,142651,43,47,430,117612
AAA,2015,AAA_financial_statements_2015_separate,separate,data/data/ViFinQA/financial_statements/AAA/2015/AAA_financial_statements_2015_separate/AAA_financial_statements_2015_separate_extracted.txt,129261,108667,129261,40,48,427,107563
AAA,2016,AAA_financial_statements_2016_consolidated,consolidated,data/data/ViFinQA/financial_statements/AAA/2016/AAA_financial_statements_2016_consolidated/AAA_financial_statements_2016_consolidated_extracted.txt,161626,135036,161626,48,48,351,134143
AAA,2016,AAA_financial_statements_2016_separate,separate,data/data/ViFinQA/financial_statements/AAA/2016/AAA_financial_statements_2016_separate/AAA_financial_statements_2016_separate_extracted.txt,153222,129780,153222,46,48,348,128814
AAA,2017,AAA_financial_statements_2017_consolidated,consolidated,data/data/ViFinQA/financial_statements/AAA/2017/AAA_financial_statements_2017_consolidated/AAA_financial_statements_2017_consolidated_extracted.txt,174920,145292,174920,52,57,351,143993
AAA,2017,AAA_financial_statements_2017_separate,separate,data/data/ViFinQA/financial_statements/AAA/2017/AAA_financial_statements_2017_separate/AAA_financial_statements_2017_separate_extracted.txt,152199,127119,152199,47,41,347,125144
AAA,2018,AAA_financial_statements_2018_consolidated,consolidated,data/data/ViFinQA/financial_statements/AAA/2018/AAA_financial_statements_2018_consolidated/AAA_financial_statements_2018_consolidated_extracted.txt,199564,166259,199564,46,54,353,163252
AAA,2018,AAA_financial_statements_2018_separate,separate,data/data/ViFinQA/financial_statements/AAA/2018/AAA_financial_statements_2018_separate/AAA_financial_statements_2018_separate_extracted.txt,167256,139876,167256,43,46,351,135612
AAA,2019,AAA_financial_statements_2019_consolidated,consolidated,data/data/ViFinQA/financial_statements/AAA/2019/AAA_financial_statements_2019_consolidated/AAA_financial_statements_2019_consolidated_extracted.txt,188794,158276,188794,66,71,335,156849
AAA,2019,AAA_financial_statements_2019_separate,separate,data/data/ViFinQA/financial_statements/AAA/2019/AAA_financial_statements_2019_separate/AAA_financial_statements_2019_separate_extracted.txt,135032,113890,135032,52,51,332,111650
AAA,2020,AAA_financial_statements_2020_consolidated,consolidated,data/data/ViFinQA/financial_statements/AAA/2020/AAA_financial_statements_2020_consolidated/AAA_financial_statements_2020_consolidated_extracted.txt,202707,171452,202707,72,80,199,170120
AAA,2020,AAA_financial_statements_2020_separate,separate,data/data/ViFinQA/financial_statements/AAA/2020/AAA_financial_statements_2020_separate/AAA_financial_statements_2020_separate_extracted.txt,144508,123190,144508,51,59,196,120805
AAA,2021,AAA_financial_statements_2021_consolidated,consolidated,data/data/ViFinQA/financial_statements/AAA/2021/AAA_financial_statements_2021_consolidated/AAA_financial_statements_2021_consolidated_extracted.txt,211865,178891,211865,72,81,415,177205
AAA,2021,AAA_financial_statements_2021_separate,separate,data/data/ViFinQA/financial_statements/AAA/2021/AAA_financial_statements_2021_separate/AAA_financial_statements_2021_separate_extracted.txt,147727,125630,147727,54,58,233,122072
AAA,2022,AAA_financial_statements_2022_consolidated,consolidated,data/data/ViFinQA/financial_statements/AAA/2022/AAA_financial_statements_2022_consolidated/AAA_financial_statements_2022_consolidated_extracted.txt,245431,205950,245431,72,83,199,204295
AAA,2022,AAA_financial_statements_2022_separate,separate,data/data/ViFinQA/financial_statements/AAA/2022/AAA_financial_statements_2022_separate/AAA_financial_statements_2022_separate_extracted.txt,147126,125365,147126,54,61,196,123124
AAA,2023,AAA_financial_statements_2023_consolidated,consolidated,data/data/ViFinQA/financial_statements/AAA/2023/AAA_financial_statements_2023_consolidated/AAA_financial_statements_2023_consolidated_extracted.txt,255279,217691,255279,89,91,327,216677
AAA,2023,AAA_financial_statements_2023_separate,separate,data/data/ViFinQA/financial_statements/AAA/2023/AAA_financial_statements_2023_separate/AAA_financial_statements_2023_separate_extracted.txt,163451,139827,163451,65,68,365,138027
AAA,2024,AAA_financial_statements_2024_consolidated,consolidated,data/data/ViFinQA/financial_statements/AAA/2024/AAA_financial_statements_2024_consolidated/AAA_financial_statements_2024_consolidated_extracted.txt,263185,224037,263185,93,93,497,220776
AAA,2024,AAA_financial_statements_2024_separate,separate,data/data/ViFinQA/financial_statements/AAA/2024/AAA_financial_statements_2024_separate/AAA_financial_statements_2024_separate_extracted.txt,174899,150176,174899,67,68,502,146021
AAA,2025,AAA_financial_statements_2025_consolidated,consolidated,data/data/ViFinQA/financial_statements/AAA/2025/AAA_financial_statements_2025_consolidated/AAA_financial_statements_2025_consolidated_extracted.txt,127789,105448,127789,93,33,2030,99681
AAA,2025,AAA_financial_statements_2025_separate,separate,data/data/ViFinQA/financial_statements/AAA/2025/AAA_financial_statements_2025_separate/AAA_financial_statements_2025_separate_extracted.txt,182313,156638,182313,66,70,754,153327
ABB,2020,ABB_financial_statements_2020_consolidated,consolidated,data/data/ViFinQA/financial_statements/ABB/2020/ABB_financial_statements_2020_consolidated/ABB_financial_statements_2020_consolidated_extracted.txt,268718,220944,268718,85,115,205,220107
ABB,2020,ABB_financial_statements_2020_separate,separate,data/data/ViFinQA/financial_statements/ABB/2020/ABB_financial_statements_2020_separate/ABB_financial_statements_2020_separate_extracted.txt,252965,208482,252965,82,107,2864,207643
ABB,2021,ABB_financial_statements_2021_consolidated,consolidated,data/data/ViFinQA/financial_statements/ABB/2021/ABB_financial_statements_2021_consolidated/ABB_financial_statements_2021_consolidated_extracted.txt,277847,227403,277847,84,114,205,226615
ABB,2021,ABB_financial_statements_2021_separate,separate,data/data/ViFinQA/financial_statements/ABB/2021/ABB_financial_statements_2021_separate/ABB_financial_statements_2021_separate_extracted.txt,267801,219999,267801,83,112,202,219210
ABB,2022,ABB_financial_statements_2022_consolidated,consolidated,data/data/ViFinQA/financial_statements/ABB/2022/ABB_financial_statements_2022_consolidated/ABB_financial_statements_2022_consolidated_extracted.txt,283276,232080,283276,85,120,242,231247
ABB,2022,ABB_financial_statements_2022_separate,separate,data/data/ViFinQA/financial_statements/ABB/2022/ABB_financial_statements_2022_separate/ABB_financial_statements_2022_separate_extracted.txt,270967,222489,270967,85,118,239,221660
ABB,2023,ABB_financial_statements_2023_consolidated,consolidated,data/data/ViFinQA/financial_statements/ABB/2023/ABB_financial_statements_2023_consolidated/ABB_financial_statements_2023_consolidated_extracted.txt,280078,229403,280078,83,115,242,228379
ABB,2023,ABB_financial_statements_2023_separate,separate,data/data/ViFinQA/financial_statements/ABB/2023/ABB_financial_statements_2023_separate/ABB_financial_statements_2023_separate_extracted.txt,266254,218435,266254,83,110,239,217549
ABB,2024,ABB_financial_statements_2024_consolidated,consolidated,data/data/ViFinQA/financial_statements/ABB/2024/ABB_financial_statements_2024_consolidated/ABB_financial_statements_2024_consolidated_extracted.txt,284348,234448,284348,90,110,261,233936
ABB,2024,ABB_financial_statements_2024_separate,separate,data/data/ViFinQA/financial_statements/ABB/2024/ABB_financial_statements_2024_separate/ABB_financial_statements_2024_separate_extracted.txt,272972,225949,272972,87,96,216,225437
ABB,2025,ABB_financial_statements_2025_consolidated,consolidated,data/data/ViFinQA/financial_statements/ABB/2025/ABB_financial_statements_2025_consolidated/ABB_financial_statements_2025_consolidated_extracted.txt,287835,235948,287835,88,121,242,235141
ABB,2025,ABB_financial_statements_2025_separate,separate,data/data/ViFinQA/financial_statements/ABB/2025/ABB_financial_statements_2025_separate/ABB_financial_statements_2025_separate_extracted.txt,273382,224923,273382,87,119,235,224143
ACB,2015,ACB_financial_statements_2015_consolidated,consolidated,data/data/ViFinQA/financial_statements/ACB/2015/ACB_financial_statements_2015_consolidated/ACB_financial_statements_2015_consolidated_extracted.txt,337284,282443,337284,112,134,2206,281959
ACB,2015,ACB_financial_statements_2015_separate,separate,data/data/ViFinQA/financial_statements/ACB/2015/ACB_financial_statements_2015_separate/ACB_financial_statements_2015_separate_extracted.txt,318343,268343,318343,107,132,2175,267772
ACB,2016,ACB_financial_statements_2016_consolidated,consolidated,data/data/ViFinQA/financial_statements/ACB/2016/ACB_financial_statements_2016_consolidated/ACB_financial_statements_2016_consolidated_extracted.txt,324706,271801,324706,113,131,9916,271028
ACB,2016,ACB_financial_statements_2016_separate,separate,data/data/ViFinQA/financial_statements/ACB/2016/ACB_financial_statements_2016_separate/ACB_financial_statements_2016_separate_extracted.txt,296585,249044,296585,105,122,2029,248277
ACB,2017,ACB_financial_statements_2017_consolidated,consolidated,data/data/ViFinQA/financial_statements/ACB/2017/ACB_financial_statements_2017_consolidated/ACB_financial_statements_2017_consolidated_extracted.txt,286822,239709,286822,92,113,1087,238498
ACB,2017,ACB_financial_statements_2017_separate,separate,data/data/ViFinQA/financial_statements/ACB/2017/ACB_financial_statements_2017_separate/ACB_financial_statements_2017_separate_extracted.txt,264383,221711,264383,91,102,9653,220241
ACB,2018,ACB_financial_statements_2018_consolidated,consolidated,data/data/ViFinQA/financial_statements/ACB/2018/ACB_financial_statements_2018_consolidated/ACB_financial_statements_2018_consolidated_extracted.txt,283998,236450,283998,92,108,1035,235226
ACB,2018,ACB_financial_statements_2018_separate,separate,data/data/ViFinQA/financial_statements/ACB/2018/ACB_financial_statements_2018_separate/ACB_financial_statements_2018_separate_extracted.txt,262187,219439,262187,89,102,1001,218181
ACB,2019,ACB_financial_statements_2019_consolidated,consolidated,data/data/ViFinQA/financial_statements/ACB/2019/ACB_financial_statements_2019_consolidated/ACB_financial_statements_2019_consolidated_extracted.txt,277240,233060,277240,91,107,1205,231827
ACB,2019,ACB_financial_statements_2019_separate,separate,data/data/ViFinQA/financial_statements/ACB/2019/ACB_financial_statements_2019_separate/ACB_financial_statements_2019_separate_extracted.txt,255721,216839,255721,85,103,1111,215450
ACB,2020,ACB_financial_statements_2020_consolidated,consolidated,data/data/ViFinQA/financial_statements/ACB/2020/ACB_financial_statements_2020_consolidated/ACB_financial_statements_2020_consolidated_extracted.txt,287108,241352,287108,92,112,337,240759
ACB,2020,ACB_financial_statements_2020_separate,separate,data/data/ViFinQA/financial_statements/ACB/2020/ACB_financial_statements_2020_separate/ACB_financial_statements_2020_separate_extracted.txt,253728,214211,253728,85,102,1051,211698
ACB,2021,ACB_financial_statements_2021_consolidated,consolidated,data/data/ViFinQA/financial_statements/ACB/2021/ACB_financial_statements_2021_consolidated/ACB_financial_statements_2021_consolidated_extracted.txt,302395,253701,302395,94,111,367,252971
ACB,2021,ACB_financial_statements_2021_separate,separate,data/data/ViFinQA/financial_statements/ACB/2021/ACB_financial_statements_2021_separate/ACB_financial_statements_2021_separate_extracted.txt,271980,228122,271980,88,103,1090,226719
ACB,2022,ACB_financial_statements_2022_consolidated,consolidated,data/data/ViFinQA/financial_statements/ACB/2022/ACB_financial_statements_2022_consolidated/ACB_financial_statements_2022_consolidated_extracted.txt,325299,278131,325299,99,116,1407,244173
ACB,2022,ACB_financial_statements_2022_separate,separate,data/data/ViFinQA/financial_statements/ACB/2022/ACB_financial_statements_2022_separate/ACB_financial_statements_2022_separate_extracted.txt,259948,218518,259948,88,115,1376,217003
ACB,2023,ACB_financial_statements_2023_consolidated,consolidated,data/data/ViFinQA/financial_statements/ACB/2023/ACB_financial_statements_2023_consolidated/ACB_financial_statements_2023_consolidated_extracted.txt,283877,237433,283877,99,116,280,235712
ACB,2023,ACB_financial_statements_2023_separate,separate,data/data/ViFinQA/financial_statements/ACB/2023/ACB_financial_statements_2023_separate/ACB_financial_statements_2023_separate_extracted.txt,257388,216099,257388,90,107,1385,214459
ACB,2024,ACB_financial_statements_2024_consolidated,consolidated,data/data/ViFinQA/financial_statements/ACB/2024/ACB_financial_statements_2024_consolidated/ACB_financial_statements_2024_consolidated_extracted.txt,301542,251979,301542,102,122,1426,247748
ACB,2024,ACB_financial_statements_2024_separate,separate,data/data/ViFinQA/financial_statements/ACB/2024/ACB_financial_statements_2024_separate/ACB_financial_statements_2024_separate_extracted.txt,272235,227889,272235,91,111,1358,226471
ACB,2025,ACB_financial_statements_2025_consolidated,consolidated,data/data/ViFinQA/financial_statements/ACB/2025/ACB_financial_statements_2025_consolidated/ACB_financial_statements_2025_consolidated_extracted.txt,318726,265645,318726,100,127,1390,259986
ACB,2025,ACB_financial_statements_2025_separate,separate,data/data/ViFinQA/financial_statements/ACB/2025/ACB_financial_statements_2025_separate/ACB_financial_statements_2025_separate_extracted.txt,289935,242040,289935,89,115,1358,240670
ACV,2015,ACV_financial_statements_2015_consolidated,consolidated,data/data/ViFinQA/financial_statements/ACV/2015/ACV_financial_statements_2015_consolidated/ACV_financial_statements_2015_consolidated_extracted.txt,246443,208875,246443,72,58,1172,207376
ACV,2015,ACV_financial_statements_2015_separate,separate,data/data/ViFinQA/financial_statements/ACV/2015/ACV_financial_statements_2015_separate/ACV_financial_statements_2015_separate_extracted.txt,213303,181944,213303,61,54,1485,180420
ACV,2016,ACV_financial_statements_2016_separate,separate,data/data/ViFinQA/financial_statements/ACV/2016/ACV_financial_statements_2016_separate/ACV_financial_statements_2016_separate_extracted.txt,222002,188270,222002,66,59,1161,186540
ACV,2017,ACV_financial_statements_2017_consolidated,consolidated,data/data/ViFinQA/financial_statements/ACV/2017/ACV_financial_statements_2017_consolidated/ACV_financial_statements_2017_consolidated_extracted.txt,209660,178269,209660,70,69,311,176240
ACV,2017,ACV_financial_statements_2017_separate,separate,data/data/ViFinQA/financial_statements/ACV/2017/ACV_financial_statements_2017_separate/ACV_financial_statements_2017_separate_extracted.txt,188798,160435,188798,63,63,313,158423
ACV,2018,ACV_financial_statements_2018_consolidated,consolidated,data/data/ViFinQA/financial_statements/ACV/2018/ACV_financial_statements_2018_consolidated/ACV_financial_statements_2018_consolidated_extracted.txt,192721,163525,192721,65,66,311,159642
ACV,2018,ACV_financial_statements_2018_separate,separate,data/data/ViFinQA/financial_statements/ACV/2018/ACV_financial_statements_2018_separate/ACV_financial_statements_2018_separate_extracted.txt,190728,163663,190728,60,58,1181,159846
ACV,2019,ACV_financial_statements_2019_consolidated,consolidated,data/data/ViFinQA/financial_statements/ACV/2019/ACV_financial_statements_2019_consolidated/ACV_financial_statements_2019_consolidated_extracted.txt,187970,159410,187970,64,65,370,157205
ACV,2019,ACV_financial_statements_2019_separate,separate,data/data/ViFinQA/financial_statements/ACV/2019/ACV_financial_statements_2019_separate/ACV_financial_statements_2019_separate_extracted.txt,180851,153895,180851,60,58,1238,151993
ACV,2020,ACV_financial_statements_2020_consolidated,consolidated,data/data/ViFinQA/financial_statements/ACV/2020/ACV_financial_statements_2020_consolidated/ACV_financial_statements_2020_consolidated_extracted.txt,172452,145825,172452,62,67,1140,145010
ACV,2020,ACV_financial_statements_2020_separate,separate,data/data/ViFinQA/financial_statements/ACV/2020/ACV_financial_statements_2020_separate/ACV_financial_statements_2020_separate_extracted.txt,160491,135298,160491,56,56,221,134473
ACV,2021,ACV_financial_statements_2021_consolidated,consolidated,data/data/ViFinQA/financial_statements/ACV/2021/ACV_financial_statements_2021_consolidated/ACV_financial_statements_2021_consolidated_extracted.txt,173076,146123,173076,62,67,1182,144459
ACV,2021,ACV_financial_statements_2021_separate,separate,data/data/ViFinQA/financial_statements/ACV/2021/ACV_financial_statements_2021_separate/ACV_financial_statements_2021_separate_extracted.txt,159562,134678,159562,58,56,1179,131834
ACV,2022,ACV_financial_statements_2022_aggregated,unknown,data/data/ViFinQA/financial_statements/ACV/2022/ACV_financial_statements_2022_aggregated/ACV_financial_statements_2022_aggregated_extracted.txt,158058,133605,158058,58,60,1185,132630
ACV,2022,ACV_financial_statements_2022_consolidated,consolidated,data/data/ViFinQA/financial_statements/ACV/2022/ACV_financial_statements_2022_consolidated/ACV_financial_statements_2022_consolidated_extracted.txt,171052,144396,171052,65,61,1191,143462
ACV,2023,ACV_financial_statements_2023_consolidated,consolidated,data/data/ViFinQA/financial_statements/ACV/2023/ACV_financial_statements_2023_consolidated/ACV_financial_statements_2023_consolidated_extracted.txt,196915,168770,196915,69,75,1265,165278
ACV,2023,ACV_financial_statements_2023_separate,separate,data/data/ViFinQA/financial_statements/ACV/2023/ACV_financial_statements_2023_separate/ACV_financial_statements_2023_separate_extracted.txt,181052,155298,181052,62,65,422,152428
ACV,2024,ACV_financial_statements_2024_consolidated,consolidated,data/data/ViFinQA/financial_statements/ACV/2024/ACV_financial_statements_2024_consolidated/ACV_financial_statements_2024_consolidated_extracted.txt,181692,153435,181692,57,66,1284,150228
ACV,2024,ACV_financial_statements_2024_separate,separate,data/data/ViFinQA/financial_statements/ACV/2024/ACV_financial_statements_2024_separate/ACV_financial_statements_2024_separate_extracted.txt,179404,149796,179404,55,65,1480,146496
ACV,2025,ACV_financial_statements_2025_consolidated,consolidated,data/data/ViFinQA/financial_statements/ACV/2025/ACV_financial_statements_2025_consolidated/ACV_financial_statements_2025_consolidated_extracted.txt,197665,166102,197665,61,62,1951,164220
ACV,2025,ACV_financial_statements_2025_separate,separate,data/data/ViFinQA/financial_statements/ACV/2025/ACV_financial_statements_2025_separate/ACV_financial_statements_2025_separate_extracted.txt,189314,159449,189314,61,63,1964,157582
ASM,2015,ASM_financial_statements_2015_consolidated,consolidated,data/data/ViFinQA/financial_statements/ASM/2015/ASM_financial_statements_2015_consolidated/ASM_financial_statements_2015_consolidated_extracted.txt,182050,153348,182050,51,64,371,151660
ASM,2015,ASM_financial_statements_2015_separate,separate,data/data/ViFinQA/financial_statements/ASM/2015/ASM_financial_statements_2015_separate/ASM_financial_statements_2015_separate_extracted.txt,160527,136664,160527,47,69,360,135574
ASM,2016,ASM_financial_statements_2016_consolidated,consolidated,data/data/ViFinQA/financial_statements/ASM/2016/ASM_financial_statements_2016_consolidated/ASM_financial_statements_2016_consolidated_extracted.txt,194956,165822,194956,52,80,364,162456
ASM,2016,ASM_financial_statements_2016_separate,separate,data/data/ViFinQA/financial_statements/ASM/2016/ASM_financial_statements_2016_separate/ASM_financial_statements_2016_separate_extracted.txt,163706,139326,163706,48,59,350,138173
ASM,2017,ASM_financial_statements_2017_consolidated,consolidated,data/data/ViFinQA/financial_statements/ASM/2017/ASM_financial_statements_2017_consolidated/ASM_financial_statements_2017_consolidated_extracted.txt,207656,179043,207656,52,69,255,175532
ASM,2017,ASM_financial_statements_2017_separate,separate,data/data/ViFinQA/financial_statements/ASM/2017/ASM_financial_statements_2017_separate/ASM_financial_statements_2017_separate_extracted.txt,173102,147841,173102,51,69,350,146647
ASM,2018,ASM_financial_statements_2018_consolidated,consolidated,data/data/ViFinQA/financial_statements/ASM/2018/ASM_financial_statements_2018_consolidated/ASM_financial_statements_2018_consolidated_extracted.txt,197775,169000,197775,53,71,5101,167713
ASM,2018,ASM_financial_statements_2018_separate,separate,data/data/ViFinQA/financial_statements/ASM/2018/ASM_financial_statements_2018_separate/ASM_financial_statements_2018_separate_extracted.txt,173268,148307,173268,51,66,643,147112
ASM,2019,ASM_financial_statements_2019_consolidated,consolidated,data/data/ViFinQA/financial_statements/ASM/2019/ASM_financial_statements_2019_consolidated/ASM_financial_statements_2019_consolidated_extracted.txt,196077,167184,196077,55,67,1136,165828
ASM,2019,ASM_financial_statements_2019_separate,separate,data/data/ViFinQA/financial_statements/ASM/2019/ASM_financial_statements_2019_separate/ASM_financial_statements_2019_separate_extracted.txt,180972,154641,180972,54,69,882,153339
ASM,2020,ASM_financial_statements_2020_consolidated,consolidated,data/data/ViFinQA/financial_statements/ASM/2020/ASM_financial_statements_2020_consolidated/ASM_financial_statements_2020_consolidated_extracted.txt,194790,165557,194790,54,65,570,164223
ASM,2020,ASM_financial_statements_2020_separate,separate,data/data/ViFinQA/financial_statements/ASM/2020/ASM_financial_statements_2020_separate/ASM_financial_statements_2020_separate_extracted.txt,183281,156778,183281,53,67,5100,155377
ASM,2021,ASM_financial_statements_2021_consolidated,consolidated,data/data/ViFinQA/financial_statements/ASM/2021/ASM_financial_statements_2021_consolidated/ASM_financial_statements_2021_consolidated_extracted.txt,202187,171776,202187,56,70,541,170435
ASM,2021,ASM_financial_statements_2021_separate,separate,data/data/ViFinQA/financial_statements/ASM/2021/ASM_financial_statements_2021_separate/ASM_financial_statements_2021_separate_extracted.txt,200282,172034,200282,57,86,352,170728
ASM,2022,ASM_financial_statements_2022_consolidated,consolidated,data/data/ViFinQA/financial_statements/ASM/2022/ASM_financial_statements_2022_consolidated/ASM_financial_statements_2022_consolidated_extracted.txt,229670,196930,229670,69,72,909,192939
ASM,2022,ASM_financial_statements_2022_separate,separate,data/data/ViFinQA/financial_statements/ASM/2022/ASM_financial_statements_2022_separate/ASM_financial_statements_2022_separate_extracted.txt,213466,183463,213466,63,81,928,179507
ASM,2023,ASM_financial_statements_2023_consolidated,consolidated,data/data/ViFinQA/financial_statements/ASM/2023/ASM_financial_statements_2023_consolidated/ASM_financial_statements_2023_consolidated_extracted.txt,275883,234072,275883,81,92,374,232786
ASM,2023,ASM_financial_statements_2023_separate,separate,data/data/ViFinQA/financial_statements/ASM/2023/ASM_financial_statements_2023_separate/ASM_financial_statements_2023_separate_extracted.txt,230526,196884,230526,69,89,346,195678
ASM,2024,ASM_financial_statements_2024_consolidated,consolidated,data/data/ViFinQA/financial_statements/ASM/2024/ASM_financial_statements_2024_consolidated/ASM_financial_statements_2024_consolidated_extracted.txt,545194,502516,545194,166,196,384,501114
ASM,2024,ASM_financial_statements_2024_separate,separate,data/data/ViFinQA/financial_statements/ASM/2024/ASM_financial_statements_2024_separate/ASM_financial_statements_2024_separate_extracted.txt,432402,397935,432402,134,187,456,397075
ASM,2025,ASM_financial_statements_2025_consolidated,consolidated,data/data/ViFinQA/financial_statements/ASM/2025/ASM_financial_statements_2025_consolidated/ASM_financial_statements_2025_consolidated_extracted.txt,277076,235729,277076,82,100,437,234838
ASM,2025,ASM_financial_statements_2025_separate,separate,data/data/ViFinQA/financial_statements/ASM/2025/ASM_financial_statements_2025_separate/ASM_financial_statements_2025_separate_extracted.txt,234256,200571,234256,68,92,467,199688
BAB,2017,BAB_financial_statements_2017_consolidated,consolidated,data/data/ViFinQA/financial_statements/BAB/2017/BAB_financial_statements_2017_consolidated/BAB_financial_statements_2017_consolidated_extracted.txt,162749,136737,162749,52,62,1397,134031
BAB,2017,BAB_financial_statements_2017_separate,separate,data/data/ViFinQA/financial_statements/BAB/2017/BAB_financial_statements_2017_separate/BAB_financial_statements_2017_separate_extracted.txt,159098,134270,159098,51,60,263,131423
BAB,2018,BAB_financial_statements_2018_consolidated,consolidated,data/data/ViFinQA/financial_statements/BAB/2018/BAB_financial_statements_2018_consolidated/BAB_financial_statements_2018_consolidated_extracted.txt,196096,161834,196096,53,66,266,159039
BAB,2018,BAB_financial_statements_2018_separate,separate,data/data/ViFinQA/financial_statements/BAB/2018/BAB_financial_statements_2018_separate/BAB_financial_statements_2018_separate_extracted.txt,165513,139223,165513,53,67,263,136322
BAB,2019,BAB_financial_statements_2019_consolidated,consolidated,data/data/ViFinQA/financial_statements/BAB/2019/BAB_financial_statements_2019_consolidated/BAB_financial_statements_2019_consolidated_extracted.txt,173751,146738,173751,52,71,266,143727
BAB,2019,BAB_financial_statements_2019_separate,separate,data/data/ViFinQA/financial_statements/BAB/2019/BAB_financial_statements_2019_separate/BAB_financial_statements_2019_separate_extracted.txt,167932,142271,167932,52,67,329,139365
BAB,2020,BAB_financial_statements_2020_consolidated,consolidated,data/data/ViFinQA/financial_statements/BAB/2020/BAB_financial_statements_2020_consolidated/BAB_financial_statements_2020_consolidated_extracted.txt,165013,138503,165013,51,66,266,135611
BAB,2020,BAB_financial_statements_2020_separate,separate,data/data/ViFinQA/financial_statements/BAB/2020/BAB_financial_statements_2020_separate/BAB_financial_statements_2020_separate_extracted.txt,157234,132386,157234,50,63,263,129494
BAB,2021,BAB_financial_statements_2021_consolidated,consolidated,data/data/ViFinQA/financial_statements/BAB/2021/BAB_financial_statements_2021_consolidated/BAB_financial_statements_2021_consolidated_extracted.txt,166255,139403,166255,52,64,266,136601
BAB,2021,BAB_financial_statements_2021_separate,separate,data/data/ViFinQA/financial_statements/BAB/2021/BAB_financial_statements_2021_separate/BAB_financial_statements_2021_separate_extracted.txt,158685,133539,158685,50,65,263,130642
BAB,2022,BAB_financial_statements_2022_consolidated,consolidated,data/data/ViFinQA/financial_statements/BAB/2022/BAB_financial_statements_2022_consolidated/BAB_financial_statements_2022_consolidated_extracted.txt,182939,153032,182939,55,68,266,152274
BAB,2022,BAB_financial_statements_2022_separate,separate,data/data/ViFinQA/financial_statements/BAB/2022/BAB_financial_statements_2022_separate/BAB_financial_statements_2022_separate_extracted.txt,171373,143462,171373,53,65,264,138575
BAB,2023,BAB_financial_statements_2023_consolidated,consolidated,data/data/ViFinQA/financial_statements/BAB/2023/BAB_financial_statements_2023_consolidated/BAB_financial_statements_2023_consolidated_extracted.txt,183624,153103,183624,55,66,293,152374
BAB,2023,BAB_financial_statements_2023_separate,separate,data/data/ViFinQA/financial_statements/BAB/2023/BAB_financial_statements_2023_separate/BAB_financial_statements_2023_separate_extracted.txt,175902,147261,175902,53,64,264,144185
BAB,2024,BAB_financial_statements_2024_consolidated,consolidated,data/data/ViFinQA/financial_statements/BAB/2024/BAB_financial_statements_2024_consolidated/BAB_financial_statements_2024_consolidated_extracted.txt,191270,159823,191270,55,71,1534,159104
BAB,2024,BAB_financial_statements_2024_separate,separate,data/data/ViFinQA/financial_statements/BAB/2024/BAB_financial_statements_2024_separate/BAB_financial_statements_2024_separate_extracted.txt,184168,154804,184168,54,73,263,151691
BAB,2025,BAB_financial_statements_2025_consolidated,consolidated,data/data/ViFinQA/financial_statements/BAB/2025/BAB_financial_statements_2025_consolidated/BAB_financial_statements_2025_consolidated_extracted.txt,176893,147730,176893,51,76,287,142744
BAB,2025,BAB_financial_statements_2025_separate,separate,data/data/ViFinQA/financial_statements/BAB/2025/BAB_financial_statements_2025_separate/BAB_financial_statements_2025_separate_extracted.txt,172856,144497,172856,50,71,2107,139546
BAF,2020,BAF_financial_statements_2020_consolidated,consolidated,data/data/ViFinQA/financial_statements/BAF/2020/BAF_financial_statements_2020_consolidated/BAF_financial_statements_2020_consolidated_extracted.txt,197882,164951,197882,60,69,231,164325
BAF,2020,BAF_financial_statements_2020_separate,separate,data/data/ViFinQA/financial_statements/BAF/2020/BAF_financial_statements_2020_separate/BAF_financial_statements_2020_separate_extracted.txt,164972,137796,164972,51,61,2432,137194
BAF,2021,BAF_financial_statements_2021_consolidated,consolidated,data/data/ViFinQA/financial_statements/BAF/2021/BAF_financial_statements_2021_consolidated/BAF_financial_statements_2021_consolidated_extracted.txt,217098,181606,217098,67,75,1483,178099
BAF,2021,BAF_financial_statements_2021_separate,separate,data/data/ViFinQA/financial_statements/BAF/2021/BAF_financial_statements_2021_separate/BAF_financial_statements_2021_separate_extracted.txt,208903,175780,208903,64,68,1484,172272
BAF,2022,BAF_financial_statements_2022_consolidated,consolidated,data/data/ViFinQA/financial_statements/BAF/2022/BAF_financial_statements_2022_consolidated/BAF_financial_statements_2022_consolidated_extracted.txt,172103,145173,172103,62,75,1459,143835
BAF,2022,BAF_financial_statements_2022_separate,separate,data/data/ViFinQA/financial_statements/BAF/2022/BAF_financial_statements_2022_separate/BAF_financial_statements_2022_separate_extracted.txt,144239,123774,144239,52,77,1466,122436
BAF,2023,BAF_financial_statements_2023_consolidated,consolidated,data/data/ViFinQA/financial_statements/BAF/2023/BAF_financial_statements_2023_consolidated/BAF_financial_statements_2023_consolidated_extracted.txt,172569,145445,172569,58,68,1434,143960
BAF,2023,BAF_financial_statements_2023_separate,separate,data/data/ViFinQA/financial_statements/BAF/2023/BAF_financial_statements_2023_separate/BAF_financial_statements_2023_separate_extracted.txt,163509,139557,163509,59,72,1434,138059
BAF,2024,BAF_financial_statements_2024_consolidated,consolidated,data/data/ViFinQA/financial_statements/BAF/2024/BAF_financial_statements_2024_consolidated/BAF_financial_statements_2024_consolidated_extracted.txt,183818,155832,183818,62,68,1406,153852
BAF,2024,BAF_financial_statements_2024_separate,separate,data/data/ViFinQA/financial_statements/BAF/2024/BAF_financial_statements_2024_separate/BAF_financial_statements_2024_separate_extracted.txt,183327,157718,183327,66,77,3017,155710
BAF,2025,BAF_financial_statements_2025_consolidated,consolidated,data/data/ViFinQA/financial_statements/BAF/2025/BAF_financial_statements_2025_consolidated/BAF_financial_statements_2025_consolidated_extracted.txt,202949,171857,202949,69,76,1494,169787
BAF,2025,BAF_financial_statements_2025_separate,separate,data/data/ViFinQA/financial_statements/BAF/2025/BAF_financial_statements_2025_separate/BAF_financial_statements_2025_separate_extracted.txt,205937,178202,205937,75,89,1488,176131
BID,2015,BID_financial_statements_2015_consolidated,consolidated,data/data/ViFinQA/financial_statements/BID/2015/BID_financial_statements_2015_consolidated/BID_financial_statements_2015_consolidated_extracted.txt,280756,233792,280756,75,101,575,233161
BID,2015,BID_financial_statements_2015_separate,separate,data/data/ViFinQA/financial_statements/BID/2015/BID_financial_statements_2015_separate/BID_financial_statements_2015_separate_extracted.txt,253204,212061,253204,70,97,550,211303
BID,2016,BID_financial_statements_2016_consolidated,consolidated,data/data/ViFinQA/financial_statements/BID/2016/BID_financial_statements_2016_consolidated/BID_financial_statements_2016_consolidated_extracted.txt,223371,186833,223371,62,105,576,185698
BID,2016,BID_financial_statements_2016_separate,separate,data/data/ViFinQA/financial_statements/BID/2016/BID_financial_statements_2016_separate/BID_financial_statements_2016_separate_extracted.txt,190747,159853,190747,53,88,570,159098
BID,2017,BID_financial_statements_2017_consolidated,consolidated,data/data/ViFinQA/financial_statements/BID/2017/BID_financial_statements_2017_consolidated/BID_financial_statements_2017_consolidated_extracted.txt,231729,194022,231729,67,96,584,191281
BID,2017,BID_financial_statements_2017_separate,separate,data/data/ViFinQA/financial_statements/BID/2017/BID_financial_statements_2017_separate/BID_financial_statements_2017_separate_extracted.txt,199364,167341,199364,58,93,581,165009
BID,2018,BID_financial_statements_2018_consolidated,consolidated,data/data/ViFinQA/financial_statements/BID/2018/BID_financial_statements_2018_consolidated/BID_financial_statements_2018_consolidated_extracted.txt,242647,201266,242647,76,96,379,200584
BID,2018,BID_financial_statements_2018_separate,separate,data/data/ViFinQA/financial_statements/BID/2018/BID_financial_statements_2018_separate/BID_financial_statements_2018_separate_extracted.txt,221669,183837,221669,71,93,1671,183155
BID,2019,BID_financial_statements_2019_consolidated,consolidated,data/data/ViFinQA/financial_statements/BID/2019/BID_financial_statements_2019_consolidated/BID_financial_statements_2019_consolidated_extracted.txt,235100,196814,235100,68,94,584,193994
BID,2019,BID_financial_statements_2019_separate,separate,data/data/ViFinQA/financial_statements/BID/2019/BID_financial_statements_2019_separate/BID_financial_statements_2019_separate_extracted.txt,204721,172439,204721,61,90,578,169990
BID,2020,BID_financial_statements_2020_consolidated,consolidated,data/data/ViFinQA/financial_statements/BID/2020/BID_financial_statements_2020_consolidated/BID_financial_statements_2020_consolidated_extracted.txt,228846,191388,228846,66,92,596,189454
BID,2020,BID_financial_statements_2020_separate,separate,data/data/ViFinQA/financial_statements/BID/2020/BID_financial_statements_2020_separate/BID_financial_statements_2020_separate_extracted.txt,200452,168674,200452,61,87,1421,166772
BID,2021,BID_financial_statements_2021_consolidated,consolidated,data/data/ViFinQA/financial_statements/BID/2021/BID_financial_statements_2021_consolidated/BID_financial_statements_2021_consolidated_extracted.txt,244449,203470,244449,71,92,2086,202676
BID,2022,BID_financial_statements_2022_consolidated,consolidated,data/data/ViFinQA/financial_statements/BID/2022/BID_financial_statements_2022_consolidated/BID_financial_statements_2022_consolidated_extracted.txt,248328,207432,248328,70,97,2139,206489
BID,2022,BID_financial_statements_2022_separate,separate,data/data/ViFinQA/financial_statements/BID/2022/BID_financial_statements_2022_separate/BID_financial_statements_2022_separate_extracted.txt,214492,179780,214492,63,91,2127,178837
BID,2023,BID_financial_statements_2023_consolidated,consolidated,data/data/ViFinQA/financial_statements/BID/2023/BID_financial_statements_2023_consolidated/BID_financial_statements_2023_consolidated_extracted.txt,252789,210177,252789,72,98,2136,209076
BID,2023,BID_financial_statements_2023_separate,separate,data/data/ViFinQA/financial_statements/BID/2023/BID_financial_statements_2023_separate/BID_financial_statements_2023_separate_extracted.txt,215389,180159,215389,63,93,2125,179058
BID,2024,BID_financial_statements_2024_consolidated,consolidated,data/data/ViFinQA/financial_statements/BID/2024/BID_financial_statements_2024_consolidated/BID_financial_statements_2024_consolidated_extracted.txt,291240,242508,291240,90,114,3632,240309
BID,2024,BID_financial_statements_2024_separate,separate,data/data/ViFinQA/financial_statements/BID/2024/BID_financial_statements_2024_separate/BID_financial_statements_2024_separate_extracted.txt,265124,220549,265124,86,110,3627,218351
BID,2025,BID_financial_statements_2025_consolidated,consolidated,data/data/ViFinQA/financial_statements/BID/2025/BID_financial_statements_2025_consolidated/BID_financial_statements_2025_consolidated_extracted.txt,267418,222752,267418,74,99,4385,220603
BID,2025,BID_financial_statements_2025_separate,separate,data/data/ViFinQA/financial_statements/BID/2025/BID_financial_statements_2025_separate/BID_financial_statements_2025_separate_extracted.txt,227071,189966,227071,66,93,3552,187817
BSR,2017,BSR_financial_statements_2017_consolidated,consolidated,data/data/ViFinQA/financial_statements/BSR/2017/BSR_financial_statements_2017_consolidated/BSR_financial_statements_2017_consolidated_extracted.txt,163852,137727,163852,46,49,450,136354
BSR,2017,BSR_financial_statements_2017_separate,separate,data/data/ViFinQA/financial_statements/BSR/2017/BSR_financial_statements_2017_separate/BSR_financial_statements_2017_separate_extracted.txt,148409,123886,148409,43,50,442,122513
BSR,2018,BSR_financial_statements_2018_consolidated,consolidated,data/data/ViFinQA/financial_statements/BSR/2018/BSR_financial_statements_2018_consolidated/BSR_financial_statements_2018_consolidated_extracted.txt,175097,147987,175097,46,57,400,145984
BSR,2018,BSR_financial_statements_2018_separate,separate,data/data/ViFinQA/financial_statements/BSR/2018/BSR_financial_statements_2018_separate/BSR_financial_statements_2018_separate_extracted.txt,157076,132788,157076,43,55,389,130689
BSR,2019,BSR_financial_statements_2019_consolidated,consolidated,data/data/ViFinQA/financial_statements/BSR/2019/BSR_financial_statements_2019_consolidated/BSR_financial_statements_2019_consolidated_extracted.txt,154588,132604,154588,42,55,1363,126338
BSR,2019,BSR_financial_statements_2019_separate,separate,data/data/ViFinQA/financial_statements/BSR/2019/BSR_financial_statements_2019_separate/BSR_financial_statements_2019_separate_extracted.txt,133121,113282,133121,41,49,367,109226
BSR,2020,BSR_financial_statements_2020_consolidated,consolidated,data/data/ViFinQA/financial_statements/BSR/2020/BSR_financial_statements_2020_consolidated/BSR_financial_statements_2020_consolidated_extracted.txt,156936,133448,156936,43,54,421,130255
BSR,2020,BSR_financial_statements_2020_separate,separate,data/data/ViFinQA/financial_statements/BSR/2020/BSR_financial_statements_2020_separate/BSR_financial_statements_2020_separate_extracted.txt,144278,122740,144278,41,49,418,118080
BSR,2021,BSR_financial_statements_2021_consolidated,consolidated,data/data/ViFinQA/financial_statements/BSR/2021/BSR_financial_statements_2021_consolidated/BSR_financial_statements_2021_consolidated_extracted.txt,207838,179077,207838,46,56,1023,173704
BSR,2021,BSR_financial_statements_2021_separate,separate,data/data/ViFinQA/financial_statements/BSR/2021/BSR_financial_statements_2021_separate/BSR_financial_statements_2021_separate_extracted.txt,153031,128218,153031,42,51,939,122806
BSR,2022,BSR_financial_statements_2022_consolidated,consolidated,data/data/ViFinQA/financial_statements/BSR/2022/BSR_financial_statements_2022_consolidated/BSR_financial_statements_2022_consolidated_extracted.txt,221352,194972,221352,46,57,710,189145
BSR,2022,BSR_financial_statements_2022_separate,separate,data/data/ViFinQA/financial_statements/BSR/2022/BSR_financial_statements_2022_separate/BSR_financial_statements_2022_separate_extracted.txt,191728,169106,191728,41,53,682,164465
BSR,2023,BSR_financial_statements_2023_consolidated,consolidated,data/data/ViFinQA/financial_statements/BSR/2023/BSR_financial_statements_2023_consolidated/BSR_financial_statements_2023_consolidated_extracted.txt,178802,153356,178802,46,59,1856,149713
BSR,2023,BSR_financial_statements_2023_separate,separate,data/data/ViFinQA/financial_statements/BSR/2023/BSR_financial_statements_2023_separate/BSR_financial_statements_2023_separate_extracted.txt,159184,137012,159184,43,50,1803,132410
BSR,2024,BSR_financial_statements_2024_consolidated,consolidated,data/data/ViFinQA/financial_statements/BSR/2024/BSR_financial_statements_2024_consolidated/BSR_financial_statements_2024_consolidated_extracted.txt,182187,154776,182187,45,57,1065,149193
BSR,2024,BSR_financial_statements_2024_separate,separate,data/data/ViFinQA/financial_statements/BSR/2024/BSR_financial_statements_2024_separate/BSR_financial_statements_2024_separate_extracted.txt,175034,149243,175034,42,53,863,144028
BSR,2025,BSR_financial_statements_2025_consolidated,consolidated,data/data/ViFinQA/financial_statements/BSR/2025/BSR_financial_statements_2025_consolidated/BSR_financial_statements_2025_consolidated_extracted.txt,178264,153214,178264,48,56,5437,145977
BSR,2025,BSR_financial_statements_2025_separate,separate,data/data/ViFinQA/financial_statements/BSR/2025/BSR_financial_statements_2025_separate/BSR_financial_statements_2025_separate_extracted.txt,163612,140647,163612,44,54,5348,134347
BVH,2015,BVH_financial_statements_2015_consolidated,consolidated,data/data/ViFinQA/financial_statements/BVH/2015/BVH_financial_statements_2015_consolidated/BVH_financial_statements_2015_consolidated_extracted.txt,373333,309599,373333,111,102,2907,307799
BVH,2015,BVH_financial_statements_2015_separate,separate,data/data/ViFinQA/financial_statements/BVH/2015/BVH_financial_statements_2015_separate/BVH_financial_statements_2015_separate_extracted.txt,194527,162117,194527,65,62,2907,160231
BVH,2016,BVH_financial_statements_2016_consolidated,consolidated,data/data/ViFinQA/financial_statements/BVH/2016/BVH_financial_statements_2016_consolidated/BVH_financial_statements_2016_consolidated_extracted.txt,409349,338374,409349,119,107,1783,337594
BVH,2016,BVH_financial_statements_2016_separate,separate,data/data/ViFinQA/financial_statements/BVH/2016/BVH_financial_statements_2016_separate/BVH_financial_statements_2016_separate_extracted.txt,209831,175345,209831,67,68,1830,174268
BVH,2017,BVH_financial_statements_2017_consolidated,consolidated,data/data/ViFinQA/financial_statements/BVH/2017/BVH_financial_statements_2017_consolidated/BVH_financial_statements_2017_consolidated_extracted.txt,395010,327209,395010,114,107,3697,323429
BVH,2017,BVH_financial_statements_2017_separate,separate,data/data/ViFinQA/financial_statements/BVH/2017/BVH_financial_statements_2017_separate/BVH_financial_statements_2017_separate_extracted.txt,213307,179197,213307,66,66,3694,177560
BVH,2018,BVH_financial_statements_2018_consolidated,consolidated,data/data/ViFinQA/financial_statements/BVH/2018/BVH_financial_statements_2018_consolidated/BVH_financial_statements_2018_consolidated_extracted.txt,400599,332516,400599,117,118,3621,331894
BVH,2018,BVH_financial_statements_2018_separate,separate,data/data/ViFinQA/financial_statements/BVH/2018/BVH_financial_statements_2018_separate/BVH_financial_statements_2018_separate_extracted.txt,210627,176313,210627,66,68,3618,175073
BVH,2019,BVH_financial_statements_2019_consolidated,consolidated,data/data/ViFinQA/financial_statements/BVH/2019/BVH_financial_statements_2019_consolidated/BVH_financial_statements_2019_consolidated_extracted.txt,419335,348576,419335,122,129,167,347346
BVH,2019,BVH_financial_statements_2019_separate,separate,data/data/ViFinQA/financial_statements/BVH/2019/BVH_financial_statements_2019_separate/BVH_financial_statements_2019_separate_extracted.txt,202839,169832,202839,64,69,164,168758
BVH,2020,BVH_financial_statements_2020_consolidated,consolidated,data/data/ViFinQA/financial_statements/BVH/2020/BVH_financial_statements_2020_consolidated/BVH_financial_statements_2020_consolidated_extracted.txt,382920,316318,382920,117,103,200,310104
BVH,2020,BVH_financial_statements_2020_separate,separate,data/data/ViFinQA/financial_statements/BVH/2020/BVH_financial_statements_2020_separate/BVH_financial_statements_2020_separate_extracted.txt,197560,165061,197560,67,68,164,163976
BVH,2021,BVH_financial_statements_2021_consolidated,consolidated,data/data/ViFinQA/financial_statements/BVH/2021/BVH_financial_statements_2021_consolidated/BVH_financial_statements_2021_consolidated_extracted.txt,381562,314692,381562,115,101,1180,309710
BVH,2021,BVH_financial_statements_2021_separate,separate,data/data/ViFinQA/financial_statements/BVH/2021/BVH_financial_statements_2021_separate/BVH_financial_statements_2021_separate_extracted.txt,196248,163503,196248,67,70,1934,163333
BVH,2022,BVH_financial_statements_2022_consolidated,consolidated,data/data/ViFinQA/financial_statements/BVH/2022/BVH_financial_statements_2022_consolidated/BVH_financial_statements_2022_consolidated_extracted.txt,391265,322043,391265,122,111,324,318309
BVH,2022,BVH_financial_statements_2022_separate,separate,data/data/ViFinQA/financial_statements/BVH/2022/BVH_financial_statements_2022_separate/BVH_financial_statements_2022_separate_extracted.txt,195640,162909,195640,67,67,318,160581
BVH,2023,BVH_financial_statements_2023_consolidated,consolidated,data/data/ViFinQA/financial_statements/BVH/2023/BVH_financial_statements_2023_consolidated/BVH_financial_statements_2023_consolidated_extracted.txt,379941,312387,379941,118,102,7085,308481
BVH,2023,BVH_financial_statements_2023_separate,separate,data/data/ViFinQA/financial_statements/BVH/2023/BVH_financial_statements_2023_separate/BVH_financial_statements_2023_separate_extracted.txt,199999,166277,199999,73,63,7080,165087
BVH,2024,BVH_financial_statements_2024_consolidated,consolidated,data/data/ViFinQA/financial_statements/BVH/2024/BVH_financial_statements_2024_consolidated/BVH_financial_statements_2024_consolidated_extracted.txt,404309,333826,404309,124,133,167,331589
BVH,2024,BVH_financial_statements_2024_separate,separate,data/data/ViFinQA/financial_statements/BVH/2024/BVH_financial_statements_2024_separate/BVH_financial_statements_2024_separate_extracted.txt,209912,174044,209912,71,74,164,173051
BVH,2025,BVH_financial_statements_2025_consolidated,consolidated,data/data/ViFinQA/financial_statements/BVH/2025/BVH_financial_statements_2025_consolidated/BVH_financial_statements_2025_consolidated_extracted.txt,371272,305406,371272,115,100,3637,301066
BVH,2025,BVH_financial_statements_2025_separate,separate,data/data/ViFinQA/financial_statements/BVH/2025/BVH_financial_statements_2025_separate/BVH_financial_statements_2025_separate_extracted.txt,204103,168879,204103,71,70,1768,167695
CEO,2015,CEO_financial_statements_2015_consolidated,consolidated,data/data/ViFinQA/financial_statements/CEO/2015/CEO_financial_statements_2015_consolidated/CEO_financial_statements_2015_consolidated_extracted.txt,152907,127619,152907,43,53,320,124166
CEO,2015,CEO_financial_statements_2015_separate,separate,data/data/ViFinQA/financial_statements/CEO/2015/CEO_financial_statements_2015_separate/CEO_financial_statements_2015_separate_extracted.txt,137702,114642,137702,41,50,293,111016
CEO,2016,CEO_financial_statements_2016_consolidated,consolidated,data/data/ViFinQA/financial_statements/CEO/2016/CEO_financial_statements_2016_consolidated/CEO_financial_statements_2016_consolidated_extracted.txt,198324,164676,198324,62,59,320,162904
CEO,2016,CEO_financial_statements_2016_separate,separate,data/data/ViFinQA/financial_statements/CEO/2016/CEO_financial_statements_2016_separate/CEO_financial_statements_2016_separate_extracted.txt,148856,125156,148856,47,48,299,124454
CEO,2017,CEO_financial_statements_2017_consolidated,consolidated,data/data/ViFinQA/financial_statements/CEO/2017/CEO_financial_statements_2017_consolidated/CEO_financial_statements_2017_consolidated_extracted.txt,206108,171478,206108,56,64,319,170231
CEO,2017,CEO_financial_statements_2017_separate,separate,data/data/ViFinQA/financial_statements/CEO/2017/CEO_financial_statements_2017_separate/CEO_financial_statements_2017_separate_extracted.txt,179450,150172,179450,52,65,301,148541
CEO,2018,CEO_financial_statements_2018_consolidated,consolidated,data/data/ViFinQA/financial_statements/CEO/2018/CEO_financial_statements_2018_consolidated/CEO_financial_statements_2018_consolidated_extracted.txt,211911,173895,211911,54,63,1374,172224
CEO,2018,CEO_financial_statements_2018_separate,separate,data/data/ViFinQA/financial_statements/CEO/2018/CEO_financial_statements_2018_separate/CEO_financial_statements_2018_separate_extracted.txt,181906,149228,181906,49,61,301,148014
CEO,2019,CEO_financial_statements_2019_consolidated,consolidated,data/data/ViFinQA/financial_statements/CEO/2019/CEO_financial_statements_2019_consolidated/CEO_financial_statements_2019_consolidated_extracted.txt,209515,169809,209515,52,61,1553,168537
CEO,2019,CEO_financial_statements_2019_separate,separate,data/data/ViFinQA/financial_statements/CEO/2019/CEO_financial_statements_2019_separate/CEO_financial_statements_2019_separate_extracted.txt,187927,151462,187927,48,62,1485,150246
CEO,2020,CEO_financial_statements_2020_consolidated,consolidated,data/data/ViFinQA/financial_statements/CEO/2020/CEO_financial_statements_2020_consolidated/CEO_financial_statements_2020_consolidated_extracted.txt,198058,162640,198058,52,64,1400,160969
CEO,2020,CEO_financial_statements_2020_separate,separate,data/data/ViFinQA/financial_statements/CEO/2020/CEO_financial_statements_2020_separate/CEO_financial_statements_2020_separate_extracted.txt,176771,144202,176771,47,59,317,142987
CEO,2021,CEO_financial_statements_2021_consolidated,consolidated,data/data/ViFinQA/financial_statements/CEO/2021/CEO_financial_statements_2021_consolidated/CEO_financial_statements_2021_consolidated_extracted.txt,190288,155667,190288,49,64,319,153983
CEO,2021,CEO_financial_statements_2021_separate,separate,data/data/ViFinQA/financial_statements/CEO/2021/CEO_financial_statements_2021_separate/CEO_financial_statements_2021_separate_extracted.txt,158422,131748,158422,44,66,1454,130561
CEO,2022,CEO_financial_statements_2022_consolidated,consolidated,data/data/ViFinQA/financial_statements/CEO/2022/CEO_financial_statements_2022_consolidated/CEO_financial_statements_2022_consolidated_extracted.txt,190770,153465,190770,47,64,1554,152214
CEO,2022,CEO_financial_statements_2022_separate,separate,data/data/ViFinQA/financial_statements/CEO/2022/CEO_financial_statements_2022_separate/CEO_financial_statements_2022_separate_extracted.txt,173918,141111,173918,45,61,1500,139857
CEO,2023,CEO_financial_statements_2023_consolidated,consolidated,data/data/ViFinQA/financial_statements/CEO/2023/CEO_financial_statements_2023_consolidated/CEO_financial_statements_2023_consolidated_extracted.txt,197276,163927,197276,49,59,1341,162667
CEO,2023,CEO_financial_statements_2023_separate,separate,data/data/ViFinQA/financial_statements/CEO/2023/CEO_financial_statements_2023_separate/CEO_financial_statements_2023_separate_extracted.txt,174450,143633,174450,46,67,1566,142379
CEO,2024,CEO_financial_statements_2024_consolidated,consolidated,data/data/ViFinQA/financial_statements/CEO/2024/CEO_financial_statements_2024_consolidated/CEO_financial_statements_2024_consolidated_extracted.txt,191428,157964,191428,49,67,293,154534
CEO,2024,CEO_financial_statements_2024_separate,separate,data/data/ViFinQA/financial_statements/CEO/2024/CEO_financial_statements_2024_separate/CEO_financial_statements_2024_separate_extracted.txt,168538,139969,168538,45,58,279,137668
CEO,2025,CEO_financial_statements_2025_consolidated,consolidated,data/data/ViFinQA/financial_statements/CEO/2025/CEO_financial_statements_2025_consolidated/CEO_financial_statements_2025_consolidated_extracted.txt,189922,156236,189922,50,66,1906,154736
CEO,2025,CEO_financial_statements_2025_separate,separate,data/data/ViFinQA/financial_statements/CEO/2025/CEO_financial_statements_2025_separate/CEO_financial_statements_2025_separate_extracted.txt,176528,144244,176528,45,58,650,141610
CRE,2016,CRE_financial_statements_2016_consolidated,consolidated,data/data/ViFinQA/financial_statements/CRE/2016/CRE_financial_statements_2016_consolidated/CRE_financial_statements_2016_consolidated_extracted.txt,90552,76668,90552,29,59,1608,74466
CRE,2016,CRE_financial_statements_2016_separate,separate,data/data/ViFinQA/financial_statements/CRE/2016/CRE_financial_statements_2016_separate/CRE_financial_statements_2016_separate_extracted.txt,93162,79951,93162,27,41,1804,77964
CRE,2017,CRE_financial_statements_2017_consolidated,consolidated,data/data/ViFinQA/financial_statements/CRE/2017/CRE_financial_statements_2017_consolidated/CRE_financial_statements_2017_consolidated_extracted.txt,94047,76498,94047,37,39,227,74494
CRE,2017,CRE_financial_statements_2017_separate,separate,data/data/ViFinQA/financial_statements/CRE/2017/CRE_financial_statements_2017_separate/CRE_financial_statements_2017_separate_extracted.txt,78228,65319,78228,33,41,377,62769
CRE,2018,CRE_financial_statements_2018_consolidated,consolidated,data/data/ViFinQA/financial_statements/CRE/2018/CRE_financial_statements_2018_consolidated/CRE_financial_statements_2018_consolidated_extracted.txt,111474,93779,111474,33,39,383,89441
CRE,2018,CRE_financial_statements_2018_separate,separate,data/data/ViFinQA/financial_statements/CRE/2018/CRE_financial_statements_2018_separate/CRE_financial_statements_2018_separate_extracted.txt,99966,83642,99966,29,36,378,77808
CRE,2019,CRE_financial_statements_2019_consolidated,consolidated,data/data/ViFinQA/financial_statements/CRE/2019/CRE_financial_statements_2019_consolidated/CRE_financial_statements_2019_consolidated_extracted.txt,122943,100735,122943,35,38,9853,96200
CRE,2019,CRE_financial_statements_2019_separate,separate,data/data/ViFinQA/financial_statements/CRE/2019/CRE_financial_statements_2019_separate/CRE_financial_statements_2019_separate_extracted.txt,107053,88230,107053,35,35,9404,83707
CRE,2020,CRE_financial_statements_2020_consolidated,consolidated,data/data/ViFinQA/financial_statements/CRE/2020/CRE_financial_statements_2020_consolidated/CRE_financial_statements_2020_consolidated_extracted.txt,163264,138247,163264,50,67,1574,136907
CRE,2020,CRE_financial_statements_2020_separate,separate,data/data/ViFinQA/financial_statements/CRE/2020/CRE_financial_statements_2020_separate/CRE_financial_statements_2020_separate_extracted.txt,152811,129760,152811,46,64,309,128506
CRE,2021,CRE_financial_statements_2021_consolidated,consolidated,data/data/ViFinQA/financial_statements/CRE/2021/CRE_financial_statements_2021_consolidated/CRE_financial_statements_2021_consolidated_extracted.txt,203262,171045,203262,57,70,1569,169674
CRE,2021,CRE_financial_statements_2021_separate,separate,data/data/ViFinQA/financial_statements/CRE/2021/CRE_financial_statements_2021_separate/CRE_financial_statements_2021_separate_extracted.txt,164309,138037,164309,49,61,309,135951
CRE,2022,CRE_financial_statements_2022_consolidated,consolidated,data/data/ViFinQA/financial_statements/CRE/2022/CRE_financial_statements_2022_consolidated/CRE_financial_statements_2022_consolidated_extracted.txt,227206,186895,227206,56,75,312,185608
CRE,2022,CRE_financial_statements_2022_separate,separate,data/data/ViFinQA/financial_statements/CRE/2022/CRE_financial_statements_2022_separate/CRE_financial_statements_2022_separate_extracted.txt,173092,147054,173092,49,67,316,145174
CRE,2023,CRE_financial_statements_2023_consolidated,consolidated,data/data/ViFinQA/financial_statements/CRE/2023/CRE_financial_statements_2023_consolidated/CRE_financial_statements_2023_consolidated_extracted.txt,222172,187955,222172,56,88,1582,184272
CRE,2023,CRE_financial_statements_2023_separate,separate,data/data/ViFinQA/financial_statements/CRE/2023/CRE_financial_statements_2023_separate/CRE_financial_statements_2023_separate_extracted.txt,204905,173652,204905,52,68,1556,172638
CRE,2024,CRE_financial_statements_2024_consolidated,consolidated,data/data/ViFinQA/financial_statements/CRE/2024/CRE_financial_statements_2024_consolidated/CRE_financial_statements_2024_consolidated_extracted.txt,222341,188585,222341,60,90,1577,187069
CRE,2024,CRE_financial_statements_2024_separate,separate,data/data/ViFinQA/financial_statements/CRE/2024/CRE_financial_statements_2024_separate/CRE_financial_statements_2024_separate_extracted.txt,205164,173889,205164,58,81,9343,172117
CRE,2025,CRE_financial_statements_2025_consolidated,consolidated,data/data/ViFinQA/financial_statements/CRE/2025/CRE_financial_statements_2025_consolidated/CRE_financial_statements_2025_consolidated_extracted.txt,235157,198911,235157,66,87,9210,197128
CRE,2025,CRE_financial_statements_2025_separate,separate,data/data/ViFinQA/financial_statements/CRE/2025/CRE_financial_statements_2025_separate/CRE_financial_statements_2025_separate_extracted.txt,216129,183495,216129,64,85,282,182019
CTG,2015,CTG_financial_statements_2015_consolidated,consolidated,data/data/ViFinQA/financial_statements/CTG/2015/CTG_financial_statements_2015_consolidated/CTG_financial_statements_2015_consolidated_extracted.txt,315113,257160,315113,85,97,1605,256233
CTG,2015,CTG_financial_statements_2015_separate,separate,data/data/ViFinQA/financial_statements/CTG/2015/CTG_financial_statements_2015_separate/CTG_financial_statements_2015_separate_extracted.txt,283110,232112,283110,80,94,463,231188
CTG,2016,CTG_financial_statements_2016_consolidated,consolidated,data/data/ViFinQA/financial_statements/CTG/2016/CTG_financial_statements_2016_consolidated/CTG_financial_statements_2016_consolidated_extracted.txt,268474,221000,268474,81,90,466,219782
CTG,2016,CTG_financial_statements_2016_separate,separate,data/data/ViFinQA/financial_statements/CTG/2016/CTG_financial_statements_2016_separate/CTG_financial_statements_2016_separate_extracted.txt,240807,198478,240807,71,85,463,197425
CTG,2017,CTG_financial_statements_2017_consolidated,consolidated,data/data/ViFinQA/financial_statements/CTG/2017/CTG_financial_statements_2017_consolidated/CTG_financial_statements_2017_consolidated_extracted.txt,271779,222874,271779,80,87,227,221656
CTG,2017,CTG_financial_statements_2017_separate,separate,data/data/ViFinQA/financial_statements/CTG/2017/CTG_financial_statements_2017_separate/CTG_financial_statements_2017_separate_extracted.txt,247605,202071,247605,76,84,440,200760
CTG,2018,CTG_financial_statements_2018_consolidated,consolidated,data/data/ViFinQA/financial_statements/CTG/2018/CTG_financial_statements_2018_consolidated/CTG_financial_statements_2018_consolidated_extracted.txt,260627,213794,260627,79,83,250,212581
CTG,2018,CTG_financial_statements_2018_separate,separate,data/data/ViFinQA/financial_statements/CTG/2018/CTG_financial_statements_2018_separate/CTG_financial_statements_2018_separate_extracted.txt,228866,188058,228866,73,80,247,186845
CTG,2019,CTG_financial_statements_2019_consolidated,consolidated,data/data/ViFinQA/financial_statements/CTG/2019/CTG_financial_statements_2019_consolidated/CTG_financial_statements_2019_consolidated_extracted.txt,260239,214032,260239,79,85,254,212816
CTG,2019,CTG_financial_statements_2019_separate,separate,data/data/ViFinQA/financial_statements/CTG/2019/CTG_financial_statements_2019_separate/CTG_financial_statements_2019_separate_extracted.txt,228433,188407,228433,73,81,251,187167
CTG,2020,CTG_financial_statements_2020_consolidated,consolidated,data/data/ViFinQA/financial_statements/CTG/2020/CTG_financial_statements_2020_consolidated/CTG_financial_statements_2020_consolidated_extracted.txt,259628,213060,259628,81,89,3830,211825
CTG,2020,CTG_financial_statements_2020_separate,separate,data/data/ViFinQA/financial_statements/CTG/2020/CTG_financial_statements_2020_separate/CTG_financial_statements_2020_separate_extracted.txt,247940,203036,247940,71,84,3861,201840
CTG,2021,CTG_financial_statements_2021_consolidated,consolidated,data/data/ViFinQA/financial_statements/CTG/2021/CTG_financial_statements_2021_consolidated/CTG_financial_statements_2021_consolidated_extracted.txt,286311,234383,286311,89,91,254,233307
CTG,2021,CTG_financial_statements_2021_separate,separate,data/data/ViFinQA/financial_statements/CTG/2021/CTG_financial_statements_2021_separate/CTG_financial_statements_2021_separate_extracted.txt,247748,203890,247748,77,86,5269,202627
CTG,2022,CTG_financial_statements_2022_consolidated,consolidated,data/data/ViFinQA/financial_statements/CTG/2022/CTG_financial_statements_2022_consolidated/CTG_financial_statements_2022_consolidated_extracted.txt,249465,206437,249465,72,95,1961,205528
CTG,2022,CTG_financial_statements_2022_separate,separate,data/data/ViFinQA/financial_statements/CTG/2022/CTG_financial_statements_2022_separate/CTG_financial_statements_2022_separate_extracted.txt,221083,185231,221083,63,90,1961,184328
CTG,2023,CTG_financial_statements_2023_consolidated,consolidated,data/data/ViFinQA/financial_statements/CTG/2023/CTG_financial_statements_2023_consolidated/CTG_financial_statements_2023_consolidated_extracted.txt,260068,215362,260068,71,99,1932,213922
CTG,2023,CTG_financial_statements_2023_separate,separate,data/data/ViFinQA/financial_statements/CTG/2023/CTG_financial_statements_2023_separate/CTG_financial_statements_2023_separate_extracted.txt,217801,181228,217801,65,90,1932,179932
CTG,2024,CTG_financial_statements_2024_consolidated,consolidated,data/data/ViFinQA/financial_statements/CTG/2024/CTG_financial_statements_2024_consolidated/CTG_financial_statements_2024_consolidated_extracted.txt,263249,217543,263249,70,95,2861,215848
CTG,2024,CTG_financial_statements_2024_separate,separate,data/data/ViFinQA/financial_statements/CTG/2024/CTG_financial_statements_2024_separate/CTG_financial_statements_2024_separate_extracted.txt,231212,193040,231212,63,86,2193,191265
CTG,2025,CTG_financial_statements_2025_consolidated,consolidated,data/data/ViFinQA/financial_statements/CTG/2025/CTG_financial_statements_2025_consolidated/CTG_financial_statements_2025_consolidated_extracted.txt,297172,247032,297172,85,98,997,245393
CTG,2025,CTG_financial_statements_2025_separate,separate,data/data/ViFinQA/financial_statements/CTG/2025/CTG_financial_statements_2025_separate/CTG_financial_statements_2025_separate_extracted.txt,262005,217222,262005,78,95,2009,215775
DBC,2015,DBC_financial_statements_2015_consolidated,consolidated,data/data/ViFinQA/financial_statements/DBC/2015/DBC_financial_statements_2015_consolidated/DBC_financial_statements_2015_consolidated_extracted.txt,144108,120525,144108,48,52,1395,117947
DBC,2015,DBC_financial_statements_2015_separate,separate,data/data/ViFinQA/financial_statements/DBC/2015/DBC_financial_statements_2015_separate/DBC_financial_statements_2015_separate_extracted.txt,150190,127247,150190,49,59,1392,125074
DBC,2016,DBC_financial_statements_2016_consolidated,consolidated,data/data/ViFinQA/financial_statements/DBC/2016/DBC_financial_statements_2016_consolidated/DBC_financial_statements_2016_consolidated_extracted.txt,156933,130880,156933,52,59,1352,129461
DBC,2016,DBC_financial_statements_2016_separate,separate,data/data/ViFinQA/financial_statements/DBC/2016/DBC_financial_statements_2016_separate/DBC_financial_statements_2016_separate_extracted.txt,157907,133504,157907,51,62,1349,132283
DBC,2017,DBC_financial_statements_2017_consolidated,consolidated,data/data/ViFinQA/financial_statements/DBC/2017/DBC_financial_statements_2017_consolidated/DBC_financial_statements_2017_consolidated_extracted.txt,163109,136433,163109,54,60,1511,133849
DBC,2017,DBC_financial_statements_2017_separate,separate,data/data/ViFinQA/financial_statements/DBC/2017/DBC_financial_statements_2017_separate/DBC_financial_statements_2017_separate_extracted.txt,163993,138782,163993,53,60,1508,136046
DBC,2018,DBC_financial_statements_2018_consolidated,consolidated,data/data/ViFinQA/financial_statements/DBC/2018/DBC_financial_statements_2018_consolidated/DBC_financial_statements_2018_consolidated_extracted.txt,160047,134107,160047,53,63,1517,131781
DBC,2018,DBC_financial_statements_2018_separate,separate,data/data/ViFinQA/financial_statements/DBC/2018/DBC_financial_statements_2018_separate/DBC_financial_statements_2018_separate_extracted.txt,165958,140889,165958,55,65,1514,138292
DBC,2019,DBC_financial_statements_2019_consolidated,consolidated,data/data/ViFinQA/financial_statements/DBC/2019/DBC_financial_statements_2019_consolidated/DBC_financial_statements_2019_consolidated_extracted.txt,160073,133885,160073,54,64,1821,131462
DBC,2019,DBC_financial_statements_2019_separate,separate,data/data/ViFinQA/financial_statements/DBC/2019/DBC_financial_statements_2019_separate/DBC_financial_statements_2019_separate_extracted.txt,159707,134922,159707,54,60,4319,132464
DBC,2020,DBC_financial_statements_2020_consolidated,consolidated,data/data/ViFinQA/financial_statements/DBC/2020/DBC_financial_statements_2020_consolidated/DBC_financial_statements_2020_consolidated_extracted.txt,166243,139734,166243,55,64,1798,137221
DBC,2020,DBC_financial_statements_2020_separate,separate,data/data/ViFinQA/financial_statements/DBC/2020/DBC_financial_statements_2020_separate/DBC_financial_statements_2020_separate_extracted.txt,160548,136255,160548,56,59,4612,133856
DBC,2021,DBC_financial_statements_2021_consolidated,consolidated,data/data/ViFinQA/financial_statements/DBC/2021/DBC_financial_statements_2021_consolidated/DBC_financial_statements_2021_consolidated_extracted.txt,164403,137157,164403,55,66,1760,133782
DBC,2021,DBC_financial_statements_2021_separate,separate,data/data/ViFinQA/financial_statements/DBC/2021/DBC_financial_statements_2021_separate/DBC_financial_statements_2021_separate_extracted.txt,166048,140821,166048,56,60,4430,137571
DBC,2022,DBC_financial_statements_2022_consolidated,consolidated,data/data/ViFinQA/financial_statements/DBC/2022/DBC_financial_statements_2022_consolidated/DBC_financial_statements_2022_consolidated_extracted.txt,168973,141392,168973,58,64,1965,136533
DBC,2022,DBC_financial_statements_2022_separate,separate,data/data/ViFinQA/financial_statements/DBC/2022/DBC_financial_statements_2022_separate/DBC_financial_statements_2022_separate_extracted.txt,178941,152275,178941,61,67,1959,147494
DBC,2023,DBC_financial_statements_2023_consolidated,consolidated,data/data/ViFinQA/financial_statements/DBC/2023/DBC_financial_statements_2023_consolidated/DBC_financial_statements_2023_consolidated_extracted.txt,165227,138265,165227,57,64,1901,134365
DBC,2023,DBC_financial_statements_2023_separate,separate,data/data/ViFinQA/financial_statements/DBC/2023/DBC_financial_statements_2023_separate/DBC_financial_statements_2023_separate_extracted.txt,172616,146980,172616,60,66,1901,145032
DBC,2024,DBC_financial_statements_2024_consolidated,consolidated,data/data/ViFinQA/financial_statements/DBC/2024/DBC_financial_statements_2024_consolidated/DBC_financial_statements_2024_consolidated_extracted.txt,311638,283176,311638,110,131,3459,278747
DBC,2024,DBC_financial_statements_2024_separate,separate,data/data/ViFinQA/financial_statements/DBC/2024/DBC_financial_statements_2024_separate/DBC_financial_statements_2024_separate_extracted.txt,333854,306774,333854,122,138,3394,306044
DBC,2025,DBC_financial_statements_2025_consolidated,consolidated,data/data/ViFinQA/financial_statements/DBC/2025/DBC_financial_statements_2025_consolidated/DBC_financial_statements_2025_consolidated_extracted.txt,191676,157651,191676,56,65,1907,154695
DBC,2025,DBC_financial_statements_2025_separate,separate,data/data/ViFinQA/financial_statements/DBC/2025/DBC_financial_statements_2025_separate/DBC_financial_statements_2025_separate_extracted.txt,195585,166806,195585,64,77,2044,164489
DCM,2015,DCM_financial_statements_2015_consolidated,consolidated,data/data/ViFinQA/financial_statements/DCM/2015/DCM_financial_statements_2015_consolidated/DCM_financial_statements_2015_consolidated_extracted.txt,169720,140175,169720,44,51,2022,136049
DCM,2015,DCM_financial_statements_2015_separate,separate,data/data/ViFinQA/financial_statements/DCM/2015/DCM_financial_statements_2015_separate/DCM_financial_statements_2015_separate_extracted.txt,164002,136440,164002,41,53,2019,135247
DCM,2016,DCM_financial_statements_2016_consolidated,consolidated,data/data/ViFinQA/financial_statements/DCM/2016/DCM_financial_statements_2016_consolidated/DCM_financial_statements_2016_consolidated_extracted.txt,138348,115533,138348,40,47,2339,112900
DCM,2016,DCM_financial_statements_2016_separate,separate,data/data/ViFinQA/financial_statements/DCM/2016/DCM_financial_statements_2016_separate/DCM_financial_statements_2016_separate_extracted.txt,127072,106672,127072,40,45,2339,104063
DCM,2017,DCM_financial_statements_2017_consolidated,consolidated,data/data/ViFinQA/financial_statements/DCM/2017/DCM_financial_statements_2017_consolidated/DCM_financial_statements_2017_consolidated_extracted.txt,137273,115108,137273,41,50,3699,112555
DCM,2017,DCM_financial_statements_2017_separate,separate,data/data/ViFinQA/financial_statements/DCM/2017/DCM_financial_statements_2017_separate/DCM_financial_statements_2017_separate_extracted.txt,137306,114421,137306,41,48,3697,109521
DCM,2018,DCM_financial_statements_2018_consolidated,consolidated,data/data/ViFinQA/financial_statements/DCM/2018/DCM_financial_statements_2018_consolidated/DCM_financial_statements_2018_consolidated_extracted.txt,161919,140564,161919,43,53,4789,140278
DCM,2018,DCM_financial_statements_2018_separate,separate,data/data/ViFinQA/financial_statements/DCM/2018/DCM_financial_statements_2018_separate/DCM_financial_statements_2018_separate_extracted.txt,141966,118597,141966,42,56,3929,118272
DCM,2019,DCM_financial_statements_2019_consolidated,consolidated,data/data/ViFinQA/financial_statements/DCM/2019/DCM_financial_statements_2019_consolidated/DCM_financial_statements_2019_consolidated_extracted.txt,136668,116206,136668,44,57,2268,115888
DCM,2019,DCM_financial_statements_2019_separate,separate,data/data/ViFinQA/financial_statements/DCM/2019/DCM_financial_statements_2019_separate/DCM_financial_statements_2019_separate_extracted.txt,128021,109176,128021,42,54,2268,108750
DCM,2020,DCM_financial_statements_2020_consolidated,consolidated,data/data/ViFinQA/financial_statements/DCM/2020/DCM_financial_statements_2020_consolidated/DCM_financial_statements_2020_consolidated_extracted.txt,142773,121183,142773,46,56,2310,119997
DCM,2020,DCM_financial_statements_2020_separate,separate,data/data/ViFinQA/financial_statements/DCM/2020/DCM_financial_statements_2020_separate/DCM_financial_statements_2020_separate_extracted.txt,131520,110816,131520,46,52,2320,109656
DCM,2021,DCM_financial_statements_2021_consolidated,consolidated,data/data/ViFinQA/financial_statements/DCM/2021/DCM_financial_statements_2021_consolidated/DCM_financial_statements_2021_consolidated_extracted.txt,176672,151240,176672,63,64,2674,148769
DCM,2021,DCM_financial_statements_2021_separate,separate,data/data/ViFinQA/financial_statements/DCM/2021/DCM_financial_statements_2021_separate/DCM_financial_statements_2021_separate_extracted.txt,159510,135562,159510,59,66,2674,132861
DCM,2022,DCM_financial_statements_2022_consolidated,consolidated,data/data/ViFinQA/financial_statements/DCM/2022/DCM_financial_statements_2022_consolidated/DCM_financial_statements_2022_consolidated_extracted.txt,146024,121210,146024,45,59,2749,120667
DCM,2022,DCM_financial_statements_2022_separate,separate,data/data/ViFinQA/financial_statements/DCM/2022/DCM_financial_statements_2022_separate/DCM_financial_statements_2022_separate_extracted.txt,136458,113015,136458,42,53,2749,112468
DCM,2023,DCM_financial_statements_2023_consolidated,consolidated,data/data/ViFinQA/financial_statements/DCM/2023/DCM_financial_statements_2023_consolidated/DCM_financial_statements_2023_consolidated_extracted.txt,158986,136723,158986,45,57,2756,133508
DCM,2023,DCM_financial_statements_2023_separate,separate,data/data/ViFinQA/financial_statements/DCM/2023/DCM_financial_statements_2023_separate/DCM_financial_statements_2023_separate_extracted.txt,148626,128055,148626,43,54,2756,125074
DCM,2024,DCM_financial_statements_2024_consolidated,consolidated,data/data/ViFinQA/financial_statements/DCM/2024/DCM_financial_statements_2024_consolidated/DCM_financial_statements_2024_consolidated_extracted.txt,167131,142143,167131,49,62,2870,139565
DCM,2024,DCM_financial_statements_2024_separate,separate,data/data/ViFinQA/financial_statements/DCM/2024/DCM_financial_statements_2024_separate/DCM_financial_statements_2024_separate_extracted.txt,144051,122905,144051,43,58,2870,120319
DCM,2025,DCM_financial_statements_2025_consolidated,consolidated,data/data/ViFinQA/financial_statements/DCM/2025/DCM_financial_statements_2025_consolidated/DCM_financial_statements_2025_consolidated_extracted.txt,204434,174738,204434,49,56,2826,153383
DCM,2025,DCM_financial_statements_2025_separate,separate,data/data/ViFinQA/financial_statements/DCM/2025/DCM_financial_statements_2025_separate/DCM_financial_statements_2025_separate_extracted.txt,157757,133422,157757,47,54,2826,130665
DIG,2015,DIG_financial_statements_2015_consolidated,consolidated,data/data/ViFinQA/financial_statements/DIG/2015/DIG_financial_statements_2015_consolidated/DIG_financial_statements_2015_consolidated_extracted.txt,173156,145620,173156,56,64,9265,144172
DIG,2015,DIG_financial_statements_2015_separate,separate,data/data/ViFinQA/financial_statements/DIG/2015/DIG_financial_statements_2015_separate/DIG_financial_statements_2015_separate_extracted.txt,158633,133663,158633,55,62,1614,133111
DIG,2016,DIG_financial_statements_2016_consolidated,consolidated,data/data/ViFinQA/financial_statements/DIG/2016/DIG_financial_statements_2016_consolidated/DIG_financial_statements_2016_consolidated_extracted.txt,211223,176650,211223,62,72,2894,176079
DIG,2016,DIG_financial_statements_2016_separate,separate,data/data/ViFinQA/financial_statements/DIG/2016/DIG_financial_statements_2016_separate/DIG_financial_statements_2016_separate_extracted.txt,179916,151585,179916,58,73,1483,150908
DIG,2017,DIG_financial_statements_2017_consolidated,consolidated,data/data/ViFinQA/financial_statements/DIG/2017/DIG_financial_statements_2017_consolidated/DIG_financial_statements_2017_consolidated_extracted.txt,216012,182112,216012,63,77,2930,181618
DIG,2017,DIG_financial_statements_2017_separate,separate,data/data/ViFinQA/financial_statements/DIG/2017/DIG_financial_statements_2017_separate/DIG_financial_statements_2017_separate_extracted.txt,210298,176418,210298,59,82,1479,175911
DIG,2018,DIG_financial_statements_2018_consolidated,consolidated,data/data/ViFinQA/financial_statements/DIG/2018/DIG_financial_statements_2018_consolidated/DIG_financial_statements_2018_consolidated_extracted.txt,175105,148619,175105,54,67,227,147050
DIG,2018,DIG_financial_statements_2018_separate,separate,data/data/ViFinQA/financial_statements/DIG/2018/DIG_financial_statements_2018_separate/DIG_financial_statements_2018_separate_extracted.txt,148172,125407,148172,48,60,224,123675
DIG,2019,DIG_financial_statements_2019_consolidated,consolidated,data/data/ViFinQA/financial_statements/DIG/2019/DIG_financial_statements_2019_consolidated/DIG_financial_statements_2019_consolidated_extracted.txt,157740,134207,157740,48,60,227,133498
DIG,2019,DIG_financial_statements_2019_separate,separate,data/data/ViFinQA/financial_statements/DIG/2019/DIG_financial_statements_2019_separate/DIG_financial_statements_2019_separate_extracted.txt,131575,111747,131575,42,55,224,110898
DIG,2020,DIG_financial_statements_2020_consolidated,consolidated,data/data/ViFinQA/financial_statements/DIG/2020/DIG_financial_statements_2020_consolidated/DIG_financial_statements_2020_consolidated_extracted.txt,155789,132739,155789,47,60,227,131848
DIG,2020,DIG_financial_statements_2020_separate,separate,data/data/ViFinQA/financial_statements/DIG/2020/DIG_financial_statements_2020_separate/DIG_financial_statements_2020_separate_extracted.txt,130794,111330,130794,41,55,224,110434
DIG,2021,DIG_financial_statements_2021_consolidated,consolidated,data/data/ViFinQA/financial_statements/DIG/2021/DIG_financial_statements_2021_consolidated/DIG_financial_statements_2021_consolidated_extracted.txt,173756,147922,173756,52,70,3032,144489
DIG,2021,DIG_financial_statements_2021_separate,separate,data/data/ViFinQA/financial_statements/DIG/2021/DIG_financial_statements_2021_separate/DIG_financial_statements_2021_separate_extracted.txt,141570,118866,141570,41,59,276,115624
DIG,2022,DIG_financial_statements_2022_consolidated,consolidated,data/data/ViFinQA/financial_statements/DIG/2022/DIG_financial_statements_2022_consolidated/DIG_financial_statements_2022_consolidated_extracted.txt,175244,147807,175244,49,75,288,144391
DIG,2022,DIG_financial_statements_2022_separate,separate,data/data/ViFinQA/financial_statements/DIG/2022/DIG_financial_statements_2022_separate/DIG_financial_statements_2022_separate_extracted.txt,142091,120193,142091,41,62,297,117001
DIG,2023,DIG_financial_statements_2023_consolidated,consolidated,data/data/ViFinQA/financial_statements/DIG/2023/DIG_financial_statements_2023_consolidated/DIG_financial_statements_2023_consolidated_extracted.txt,181486,153140,181486,52,71,5005,149634
DIG,2023,DIG_financial_statements_2023_separate,separate,data/data/ViFinQA/financial_statements/DIG/2023/DIG_financial_statements_2023_separate/DIG_financial_statements_2023_separate_extracted.txt,151364,128157,151364,45,65,3144,125090
DIG,2024,DIG_financial_statements_2024_consolidated,consolidated,data/data/ViFinQA/financial_statements/DIG/2024/DIG_financial_statements_2024_consolidated/DIG_financial_statements_2024_consolidated_extracted.txt,362058,329746,362058,114,151,5052,326421
DIG,2024,DIG_financial_statements_2024_separate,separate,data/data/ViFinQA/financial_statements/DIG/2024/DIG_financial_statements_2024_separate/DIG_financial_statements_2024_separate_extracted.txt,303771,277100,303771,100,135,4998,274697
DIG,2025,DIG_financial_statements_2025_consolidated,consolidated,data/data/ViFinQA/financial_statements/DIG/2025/DIG_financial_statements_2025_consolidated/DIG_financial_statements_2025_consolidated_extracted.txt,366913,334306,366913,116,160,5457,328387
DIG,2025,DIG_financial_statements_2025_separate,separate,data/data/ViFinQA/financial_statements/DIG/2025/DIG_financial_statements_2025_separate/DIG_financial_statements_2025_separate_extracted.txt,301883,275552,301883,98,133,5350,268626
DLG,2015,DLG_financial_statements_2015_consolidated,consolidated,data/data/ViFinQA/financial_statements/DLG/2015/DLG_financial_statements_2015_consolidated/DLG_financial_statements_2015_consolidated_extracted.txt,254485,211979,254485,67,78,345,208171
DLG,2015,DLG_financial_statements_2015_separate,separate,data/data/ViFinQA/financial_statements/DLG/2015/DLG_financial_statements_2015_separate/DLG_financial_statements_2015_separate_extracted.txt,208399,176409,208399,58,73,6158,171094
DLG,2016,DLG_financial_statements_2016_consolidated,consolidated,data/data/ViFinQA/financial_statements/DLG/2016/DLG_financial_statements_2016_consolidated/DLG_financial_statements_2016_consolidated_extracted.txt,255502,210690,255502,68,75,7781,207904
DLG,2016,DLG_financial_statements_2016_separate,separate,data/data/ViFinQA/financial_statements/DLG/2016/DLG_financial_statements_2016_separate/DLG_financial_statements_2016_separate_extracted.txt,202428,166577,202428,55,70,6966,161869
DLG,2017,DLG_financial_statements_2017_consolidated,consolidated,data/data/ViFinQA/financial_statements/DLG/2017/DLG_financial_statements_2017_consolidated/DLG_financial_statements_2017_consolidated_extracted.txt,254481,213122,254481,69,79,6341,212436
DLG,2017,DLG_financial_statements_2017_separate,separate,data/data/ViFinQA/financial_statements/DLG/2017/DLG_financial_statements_2017_separate/DLG_financial_statements_2017_separate_extracted.txt,192541,163103,192541,54,72,322,159308
DLG,2018,DLG_financial_statements_2018_consolidated,consolidated,data/data/ViFinQA/financial_statements/DLG/2018/DLG_financial_statements_2018_consolidated/DLG_financial_statements_2018_consolidated_extracted.txt,263129,217913,263129,70,77,8567,215565
DLG,2018,DLG_financial_statements_2018_separate,separate,data/data/ViFinQA/financial_statements/DLG/2018/DLG_financial_statements_2018_separate/DLG_financial_statements_2018_separate_extracted.txt,192619,162581,192619,56,70,8012,158453
DLG,2019,DLG_financial_statements_2019_consolidated,consolidated,data/data/ViFinQA/financial_statements/DLG/2019/DLG_financial_statements_2019_consolidated/DLG_financial_statements_2019_consolidated_extracted.txt,245673,204845,245673,69,78,1884,202806
DLG,2019,DLG_financial_statements_2019_separate,separate,data/data/ViFinQA/financial_statements/DLG/2019/DLG_financial_statements_2019_separate/DLG_financial_statements_2019_separate_extracted.txt,192689,160985,192689,55,71,1868,157592
DLG,2020,DLG_financial_statements_2020_consolidated,consolidated,data/data/ViFinQA/financial_statements/DLG/2020/DLG_financial_statements_2020_consolidated/DLG_financial_statements_2020_consolidated_extracted.txt,227284,189879,227284,65,71,8010,187311
DLG,2020,DLG_financial_statements_2020_separate,separate,data/data/ViFinQA/financial_statements/DLG/2020/DLG_financial_statements_2020_separate/DLG_financial_statements_2020_separate_extracted.txt,180080,151405,180080,54,67,7919,146302
DLG,2021,DLG_financial_statements_2021_consolidated,consolidated,data/data/ViFinQA/financial_statements/DLG/2021/DLG_financial_statements_2021_consolidated/DLG_financial_statements_2021_consolidated_extracted.txt,243095,205030,243095,66,96,4107,202736
DLG,2021,DLG_financial_statements_2021_separate,separate,data/data/ViFinQA/financial_statements/DLG/2021/DLG_financial_statements_2021_separate/DLG_financial_statements_2021_separate_extracted.txt,205238,172308,205238,59,75,4056,170322
DLG,2022,DLG_financial_statements_2022_consolidated,consolidated,data/data/ViFinQA/financial_statements/DLG/2022/DLG_financial_statements_2022_consolidated/DLG_financial_statements_2022_consolidated_extracted.txt,216993,182181,216993,61,101,4101,180705
DLG,2022,DLG_financial_statements_2022_separate,separate,data/data/ViFinQA/financial_statements/DLG/2022/DLG_financial_statements_2022_separate/DLG_financial_statements_2022_separate_extracted.txt,183808,154653,183808,54,76,4084,152900
DLG,2023,DLG_financial_statements_2023_consolidated,consolidated,data/data/ViFinQA/financial_statements/DLG/2023/DLG_financial_statements_2023_consolidated/DLG_financial_statements_2023_consolidated_extracted.txt,208490,175053,208490,61,92,4109,173605
DLG,2023,DLG_financial_statements_2023_separate,separate,data/data/ViFinQA/financial_statements/DLG/2023/DLG_financial_statements_2023_separate/DLG_financial_statements_2023_separate_extracted.txt,166045,139776,166045,48,70,4571,137936
DLG,2024,DLG_financial_statements_2024_consolidated,consolidated,data/data/ViFinQA/financial_statements/DLG/2024/DLG_financial_statements_2024_consolidated/DLG_financial_statements_2024_consolidated_extracted.txt,166117,139915,166117,51,56,2603,136392
DLG,2024,DLG_financial_statements_2024_separate,separate,data/data/ViFinQA/financial_statements/DLG/2024/DLG_financial_statements_2024_separate/DLG_financial_statements_2024_separate_extracted.txt,144438,121952,144438,49,57,2600,117152
DLG,2025,DLG_financial_statements_2025_consolidated,consolidated,data/data/ViFinQA/financial_statements/DLG/2025/DLG_financial_statements_2025_consolidated/DLG_financial_statements_2025_consolidated_extracted.txt,169210,142390,169210,52,61,2606,137530
DLG,2025,DLG_financial_statements_2025_separate,separate,data/data/ViFinQA/financial_statements/DLG/2025/DLG_financial_statements_2025_separate/DLG_financial_statements_2025_separate_extracted.txt,147686,124935,147686,50,57,2598,122262
DNH,2016,DNH_financial_statements_2016_consolidated,consolidated,data/data/ViFinQA/financial_statements/DNH/2016/DNH_financial_statements_2016_consolidated/DNH_financial_statements_2016_consolidated_extracted.txt,110916,93228,110916,43,50,261,92846
DNH,2016,DNH_financial_statements_2016_separate,separate,data/data/ViFinQA/financial_statements/DNH/2016/DNH_financial_statements_2016_separate/DNH_financial_statements_2016_separate_extracted.txt,98354,83073,98354,40,44,256,82679
DNH,2017,DNH_financial_statements_2017_consolidated,consolidated,data/data/ViFinQA/financial_statements/DNH/2017/DNH_financial_statements_2017_consolidated/DNH_financial_statements_2017_consolidated_extracted.txt,116958,98521,116958,46,52,246,97580
DNH,2017,DNH_financial_statements_2017_separate,separate,data/data/ViFinQA/financial_statements/DNH/2017/DNH_financial_statements_2017_separate/DNH_financial_statements_2017_separate_extracted.txt,103810,87653,103810,41,48,243,86795
DNH,2018,DNH_financial_statements_2018_consolidated,consolidated,data/data/ViFinQA/financial_statements/DNH/2018/DNH_financial_statements_2018_consolidated/DNH_financial_statements_2018_consolidated_extracted.txt,124235,104646,124235,46,55,246,103489
DNH,2018,DNH_financial_statements_2018_separate,separate,data/data/ViFinQA/financial_statements/DNH/2018/DNH_financial_statements_2018_separate/DNH_financial_statements_2018_separate_extracted.txt,108649,91870,108649,42,50,311,90681
DNH,2019,DNH_financial_statements_2019_consolidated,consolidated,data/data/ViFinQA/financial_statements/DNH/2019/DNH_financial_statements_2019_consolidated/DNH_financial_statements_2019_consolidated_extracted.txt,131119,111238,131119,50,54,246,110292
DNH,2019,DNH_financial_statements_2019_separate,separate,data/data/ViFinQA/financial_statements/DNH/2019/DNH_financial_statements_2019_separate/DNH_financial_statements_2019_separate_extracted.txt,116850,99367,116850,44,49,243,98403
DNH,2020,DNH_financial_statements_2020_consolidated,consolidated,data/data/ViFinQA/financial_statements/DNH/2020/DNH_financial_statements_2020_consolidated/DNH_financial_statements_2020_consolidated_extracted.txt,133914,112505,133914,50,56,246,111115
DNH,2020,DNH_financial_statements_2020_separate,separate,data/data/ViFinQA/financial_statements/DNH/2020/DNH_financial_statements_2020_separate/DNH_financial_statements_2020_separate_extracted.txt,115369,97043,115369,45,50,243,95382
DNH,2021,DNH_financial_statements_2021_consolidated,consolidated,data/data/ViFinQA/financial_statements/DNH/2021/DNH_financial_statements_2021_consolidated/DNH_financial_statements_2021_consolidated_extracted.txt,132739,111182,132739,52,55,259,109814
DNH,2021,DNH_financial_statements_2021_separate,separate,data/data/ViFinQA/financial_statements/DNH/2021/DNH_financial_statements_2021_separate/DNH_financial_statements_2021_separate_extracted.txt,116872,98241,116872,46,48,256,96922
DNH,2022,DNH_financial_statements_2022_consolidated,consolidated,data/data/ViFinQA/financial_statements/DNH/2022/DNH_financial_statements_2022_consolidated/DNH_financial_statements_2022_consolidated_extracted.txt,134988,113664,134988,52,57,284,112269
DNH,2022,DNH_financial_statements_2022_separate,separate,data/data/ViFinQA/financial_statements/DNH/2022/DNH_financial_statements_2022_separate/DNH_financial_statements_2022_separate_extracted.txt,113724,95784,113724,45,48,7731,94665
DNH,2023,DNH_financial_statements_2023_consolidated,consolidated,data/data/ViFinQA/financial_statements/DNH/2023/DNH_financial_statements_2023_consolidated/DNH_financial_statements_2023_consolidated_extracted.txt,120323,100512,120323,36,46,1338,99053
DNH,2023,DNH_financial_statements_2023_separate,separate,data/data/ViFinQA/financial_statements/DNH/2023/DNH_financial_statements_2023_separate/DNH_financial_statements_2023_separate_extracted.txt,111744,93718,111744,35,46,1290,92376
DNH,2024,DNH_financial_statements_2024_consolidated,consolidated,data/data/ViFinQA/financial_statements/DNH/2024/DNH_financial_statements_2024_consolidated/DNH_financial_statements_2024_consolidated_extracted.txt,125663,104642,125663,46,51,432,101907
DNH,2024,DNH_financial_statements_2024_separate,separate,data/data/ViFinQA/financial_statements/DNH/2024/DNH_financial_statements_2024_separate/DNH_financial_statements_2024_separate_extracted.txt,111258,93076,111258,42,45,422,90430
DNH,2025,DNH_financial_statements_2025_consolidated,consolidated,data/data/ViFinQA/financial_statements/DNH/2025/DNH_financial_statements_2025_consolidated/DNH_financial_statements_2025_consolidated_extracted.txt,124083,103740,124083,44,50,429,99229
DNH,2025,DNH_financial_statements_2025_separate,separate,data/data/ViFinQA/financial_statements/DNH/2025/DNH_financial_statements_2025_separate/DNH_financial_statements_2025_separate_extracted.txt,111356,93367,111356,41,51,10755,88554
DPM,2015,DPM_financial_statements_2015_consolidated,consolidated,data/data/ViFinQA/financial_statements/DPM/2015/DPM_financial_statements_2015_consolidated/DPM_financial_statements_2015_consolidated_extracted.txt,377034,317914,377034,93,126,1396,314548
DPM,2016,DPM_financial_statements_2016_consolidated,consolidated,data/data/ViFinQA/financial_statements/DPM/2016/DPM_financial_statements_2016_consolidated/DPM_financial_statements_2016_consolidated_extracted.txt,143128,121632,143128,41,53,418,120679
DPM,2016,DPM_financial_statements_2016_separate,separate,data/data/ViFinQA/financial_statements/DPM/2016/DPM_financial_statements_2016_separate/DPM_financial_statements_2016_separate_extracted.txt,136129,114788,136129,38,51,415,113577
DPM,2017,DPM_financial_statements_2017_separate,separate,data/data/ViFinQA/financial_statements/DPM/2017/DPM_financial_statements_2017_separate/DPM_financial_statements_2017_separate_extracted.txt,156888,126810,156888,40,51,2868,125403
DPM,2018,DPM_financial_statements_2018_consolidated,consolidated,data/data/ViFinQA/financial_statements/DPM/2018/DPM_financial_statements_2018_consolidated/DPM_financial_statements_2018_consolidated_extracted.txt,150722,128027,150722,43,54,2134,126070
DPM,2018,DPM_financial_statements_2018_separate,separate,data/data/ViFinQA/financial_statements/DPM/2018/DPM_financial_statements_2018_separate/DPM_financial_statements_2018_separate_extracted.txt,149061,126202,149061,41,52,414,123900
DPM,2019,DPM_financial_statements_2019_consolidated,consolidated,data/data/ViFinQA/financial_statements/DPM/2019/DPM_financial_statements_2019_consolidated/DPM_financial_statements_2019_consolidated_extracted.txt,149300,124957,149300,45,54,436,121639
DPM,2019,DPM_financial_statements_2019_separate,separate,data/data/ViFinQA/financial_statements/DPM/2019/DPM_financial_statements_2019_separate/DPM_financial_statements_2019_separate_extracted.txt,144612,122206,144612,42,54,414,116922
DPM,2020,DPM_financial_statements_2020_consolidated,consolidated,data/data/ViFinQA/financial_statements/DPM/2020/DPM_financial_statements_2020_consolidated/DPM_financial_statements_2020_consolidated_extracted.txt,161510,135263,161510,48,59,469,132217
DPM,2020,DPM_financial_statements_2020_separate,separate,data/data/ViFinQA/financial_statements/DPM/2020/DPM_financial_statements_2020_separate/DPM_financial_statements_2020_separate_extracted.txt,159808,135006,159808,46,56,511,132033
DPM,2021,DPM_financial_statements_2021_consolidated,consolidated,data/data/ViFinQA/financial_statements/DPM/2021/DPM_financial_statements_2021_consolidated/DPM_financial_statements_2021_consolidated_extracted.txt,163488,137787,163488,51,60,417,134653
DPM,2021,DPM_financial_statements_2021_separate,separate,data/data/ViFinQA/financial_statements/DPM/2021/DPM_financial_statements_2021_separate/DPM_financial_statements_2021_separate_extracted.txt,176189,145772,176189,46,57,613,143038
DPM,2022,DPM_financial_statements_2022_consolidated,consolidated,data/data/ViFinQA/financial_statements/DPM/2022/DPM_financial_statements_2022_consolidated/DPM_financial_statements_2022_consolidated_extracted.txt,164547,139391,164547,51,61,1927,135654
DPM,2022,DPM_financial_statements_2022_separate,separate,data/data/ViFinQA/financial_statements/DPM/2022/DPM_financial_statements_2022_separate/DPM_financial_statements_2022_separate_extracted.txt,158289,134369,158289,45,61,1924,131198
DPM,2023,DPM_financial_statements_2023_consolidated,consolidated,data/data/ViFinQA/financial_statements/DPM/2023/DPM_financial_statements_2023_consolidated/DPM_financial_statements_2023_consolidated_extracted.txt,161008,135238,161008,47,62,1512,130379
DPM,2023,DPM_financial_statements_2023_separate,separate,data/data/ViFinQA/financial_statements/DPM/2023/DPM_financial_statements_2023_separate/DPM_financial_statements_2023_separate_extracted.txt,158722,134190,158722,45,59,583,131646
DPM,2024,DPM_financial_statements_2024_consolidated,consolidated,data/data/ViFinQA/financial_statements/DPM/2024/DPM_financial_statements_2024_consolidated/DPM_financial_statements_2024_consolidated_extracted.txt,314921,290954,314921,98,128,4397,288834
DPM,2024,DPM_financial_statements_2024_separate,separate,data/data/ViFinQA/financial_statements/DPM/2024/DPM_financial_statements_2024_separate/DPM_financial_statements_2024_separate_extracted.txt,320928,297299,320928,95,129,3105,296575
DPM,2025,DPM_financial_statements_2025_consolidated,consolidated,data/data/ViFinQA/financial_statements/DPM/2025/DPM_financial_statements_2025_consolidated/DPM_financial_statements_2025_consolidated_extracted.txt,171176,144742,171176,50,69,403,142391
DPM,2025,DPM_financial_statements_2025_separate,separate,data/data/ViFinQA/financial_statements/DPM/2025/DPM_financial_statements_2025_separate/DPM_financial_statements_2025_separate_extracted.txt,201924,176825,201924,48,62,1278,174481
DTK,2015,DTK_financial_statements_2015_consolidated,consolidated,data/data/ViFinQA/financial_statements/DTK/2015/DTK_financial_statements_2015_consolidated/DTK_financial_statements_2015_consolidated_extracted.txt,160214,136169,160214,52,53,3124,133689
DTK,2015,DTK_financial_statements_2015_separate,separate,data/data/ViFinQA/financial_statements/DTK/2015/DTK_financial_statements_2015_separate/DTK_financial_statements_2015_separate_extracted.txt,144524,121421,144524,45,48,3373,119393
DTK,2016,DTK_financial_statements_2016_consolidated,consolidated,data/data/ViFinQA/financial_statements/DTK/2016/DTK_financial_statements_2016_consolidated/DTK_financial_statements_2016_consolidated_extracted.txt,161510,134901,161510,51,48,3636,132698
DTK,2016,DTK_financial_statements_2016_separate,separate,data/data/ViFinQA/financial_statements/DTK/2016/DTK_financial_statements_2016_separate/DTK_financial_statements_2016_separate_extracted.txt,141484,119524,141484,47,43,2080,118061
DTK,2017,DTK_financial_statements_2017_consolidated,consolidated,data/data/ViFinQA/financial_statements/DTK/2017/DTK_financial_statements_2017_consolidated/DTK_financial_statements_2017_consolidated_extracted.txt,168206,141937,168206,57,57,1973,140753
DTK,2017,DTK_financial_statements_2017_separate,separate,data/data/ViFinQA/financial_statements/DTK/2017/DTK_financial_statements_2017_separate/DTK_financial_statements_2017_separate_extracted.txt,136364,114975,136364,49,45,3574,110838
DTK,2018,DTK_financial_statements_2018_consolidated,consolidated,data/data/ViFinQA/financial_statements/DTK/2018/DTK_financial_statements_2018_consolidated/DTK_financial_statements_2018_consolidated_extracted.txt,166772,140670,166772,54,55,3513,138871
DTK,2018,DTK_financial_statements_2018_separate,separate,data/data/ViFinQA/financial_statements/DTK/2018/DTK_financial_statements_2018_separate/DTK_financial_statements_2018_separate_extracted.txt,135806,114777,135806,46,54,1459,112240
DTK,2019,DTK_financial_statements_2019_consolidated,consolidated,data/data/ViFinQA/financial_statements/DTK/2019/DTK_financial_statements_2019_consolidated/DTK_financial_statements_2019_consolidated_extracted.txt,162981,137668,162981,53,55,3528,136039
DTK,2019,DTK_financial_statements_2019_separate,separate,data/data/ViFinQA/financial_statements/DTK/2019/DTK_financial_statements_2019_separate/DTK_financial_statements_2019_separate_extracted.txt,140484,118502,140484,48,50,1979,115980
DTK,2020,DTK_financial_statements_2020_consolidated,consolidated,data/data/ViFinQA/financial_statements/DTK/2020/DTK_financial_statements_2020_consolidated/DTK_financial_statements_2020_consolidated_extracted.txt,162218,137367,162218,52,56,3495,134746
DTK,2020,DTK_financial_statements_2020_separate,separate,data/data/ViFinQA/financial_statements/DTK/2020/DTK_financial_statements_2020_separate/DTK_financial_statements_2020_separate_extracted.txt,138101,116622,138101,46,50,1974,113899
DTK,2021,DTK_financial_statements_2021_consolidated,consolidated,data/data/ViFinQA/financial_statements/DTK/2021/DTK_financial_statements_2021_consolidated/DTK_financial_statements_2021_consolidated_extracted.txt,163813,138387,163813,53,56,1971,136338
DTK,2021,DTK_financial_statements_2021_separate,separate,data/data/ViFinQA/financial_statements/DTK/2021/DTK_financial_statements_2021_separate/DTK_financial_statements_2021_separate_extracted.txt,144276,121854,144276,48,49,1959,118689
DTK,2022,DTK_financial_statements_2022_consolidated,consolidated,data/data/ViFinQA/financial_statements/DTK/2022/DTK_financial_statements_2022_consolidated/DTK_financial_statements_2022_consolidated_extracted.txt,151514,127126,151514,44,65,284,123381
DTK,2022,DTK_financial_statements_2022_separate,separate,data/data/ViFinQA/financial_statements/DTK/2022/DTK_financial_statements_2022_separate/DTK_financial_statements_2022_separate_extracted.txt,162783,135747,162783,46,63,278,133734
DTK,2023,DTK_financial_statements_2023_consolidated,consolidated,data/data/ViFinQA/financial_statements/DTK/2023/DTK_financial_statements_2023_consolidated/DTK_financial_statements_2023_consolidated_extracted.txt,179764,148955,179764,48,67,284,147838
DTK,2023,DTK_financial_statements_2023_separate,separate,data/data/ViFinQA/financial_statements/DTK/2023/DTK_financial_statements_2023_separate/DTK_financial_statements_2023_separate_extracted.txt,172942,144010,172942,47,69,278,143340
DTK,2024,DTK_financial_statements_2024_consolidated,consolidated,data/data/ViFinQA/financial_statements/DTK/2024/DTK_financial_statements_2024_consolidated/DTK_financial_statements_2024_consolidated_extracted.txt,189862,157869,189862,53,76,2950,155717
DTK,2024,DTK_financial_statements_2024_separate,separate,data/data/ViFinQA/financial_statements/DTK/2024/DTK_financial_statements_2024_separate/DTK_financial_statements_2024_separate_extracted.txt,178401,148631,178401,51,76,2901,147033
DTK,2025,DTK_financial_statements_2025_aggregated,unknown,data/data/ViFinQA/financial_statements/DTK/2025/DTK_financial_statements_2025_aggregated/DTK_financial_statements_2025_aggregated_extracted.txt,203288,167098,203288,68,55,2955,163949
DTK,2025,DTK_financial_statements_2025_consolidated,consolidated,data/data/ViFinQA/financial_statements/DTK/2025/DTK_financial_statements_2025_consolidated/DTK_financial_statements_2025_consolidated_extracted.txt,228908,187813,228908,75,59,3129,185501
DXG,2015,DXG_financial_statements_2015_consolidated,consolidated,data/data/ViFinQA/financial_statements/DXG/2015/DXG_financial_statements_2015_consolidated/DXG_financial_statements_2015_consolidated_extracted.txt,110725,94973,110725,30,51,325,91000
DXG,2015,DXG_financial_statements_2015_separate,separate,data/data/ViFinQA/financial_statements/DXG/2015/DXG_financial_statements_2015_separate/DXG_financial_statements_2015_separate_extracted.txt,99041,84654,99041,27,46,311,82877
DXG,2016,DXG_financial_statements_2016_consolidated,consolidated,data/data/ViFinQA/financial_statements/DXG/2016/DXG_financial_statements_2016_consolidated/DXG_financial_statements_2016_consolidated_extracted.txt,162158,137439,162158,56,100,771,134029
DXG,2016,DXG_financial_statements_2016_separate,separate,data/data/ViFinQA/financial_statements/DXG/2016/DXG_financial_statements_2016_separate/DXG_financial_statements_2016_separate_extracted.txt,123490,104415,123490,43,74,771,103882
DXG,2017,DXG_financial_statements_2017_consolidated,consolidated,data/data/ViFinQA/financial_statements/DXG/2017/DXG_financial_statements_2017_consolidated/DXG_financial_statements_2017_consolidated_extracted.txt,181503,154813,181503,59,107,208,151367
DXG,2017,DXG_financial_statements_2017_separate,separate,data/data/ViFinQA/financial_statements/DXG/2017/DXG_financial_statements_2017_separate/DXG_financial_statements_2017_separate_extracted.txt,136727,116209,136727,46,73,205,115633
DXG,2018,DXG_financial_statements_2018_consolidated,consolidated,data/data/ViFinQA/financial_statements/DXG/2018/DXG_financial_statements_2018_consolidated/DXG_financial_statements_2018_consolidated_extracted.txt,177269,149513,177269,58,102,335,146937
DXG,2018,DXG_financial_statements_2018_separate,separate,data/data/ViFinQA/financial_statements/DXG/2018/DXG_financial_statements_2018_separate/DXG_financial_statements_2018_separate_extracted.txt,139587,118693,139587,48,64,332,118066
DXG,2019,DXG_financial_statements_2019_consolidated,consolidated,data/data/ViFinQA/financial_statements/DXG/2019/DXG_financial_statements_2019_consolidated/DXG_financial_statements_2019_consolidated_extracted.txt,185105,156544,185105,64,105,1378,153261
DXG,2019,DXG_financial_statements_2019_separate,separate,data/data/ViFinQA/financial_statements/DXG/2019/DXG_financial_statements_2019_separate/DXG_financial_statements_2019_separate_extracted.txt,133144,113724,133144,51,69,252,113009
DXG,2020,DXG_financial_statements_2020_consolidated,consolidated,data/data/ViFinQA/financial_statements/DXG/2020/DXG_financial_statements_2020_consolidated/DXG_financial_statements_2020_consolidated_extracted.txt,194865,165734,194865,67,126,199,162494
DXG,2020,DXG_financial_statements_2020_separate,separate,data/data/ViFinQA/financial_statements/DXG/2020/DXG_financial_statements_2020_separate/DXG_financial_statements_2020_separate_extracted.txt,121257,103108,121257,45,61,196,102066
DXG,2021,DXG_financial_statements_2021_consolidated,consolidated,data/data/ViFinQA/financial_statements/DXG/2021/DXG_financial_statements_2021_consolidated/DXG_financial_statements_2021_consolidated_extracted.txt,186772,157760,186772,64,102,1378,153237
DXG,2021,DXG_financial_statements_2021_separate,separate,data/data/ViFinQA/financial_statements/DXG/2021/DXG_financial_statements_2021_separate/DXG_financial_statements_2021_separate_extracted.txt,120725,102659,120725,46,58,196,100593
DXG,2022,DXG_financial_statements_2022_consolidated,consolidated,data/data/ViFinQA/financial_statements/DXG/2022/DXG_financial_statements_2022_consolidated/DXG_financial_statements_2022_consolidated_extracted.txt,200969,170025,200969,68,95,236,167545
DXG,2022,DXG_financial_statements_2022_separate,separate,data/data/ViFinQA/financial_statements/DXG/2022/DXG_financial_statements_2022_separate/DXG_financial_statements_2022_separate_extracted.txt,131102,111333,131102,46,62,233,110588
DXG,2023,DXG_financial_statements_2023_consolidated,consolidated,data/data/ViFinQA/financial_statements/DXG/2023/DXG_financial_statements_2023_consolidated/DXG_financial_statements_2023_consolidated_extracted.txt,203037,172170,203037,69,112,199,166869
DXG,2023,DXG_financial_statements_2023_separate,separate,data/data/ViFinQA/financial_statements/DXG/2023/DXG_financial_statements_2023_separate/DXG_financial_statements_2023_separate_extracted.txt,125543,106377,125543,45,108,196,103661
DXG,2024,DXG_financial_statements_2024_consolidated,consolidated,data/data/ViFinQA/financial_statements/DXG/2024/DXG_financial_statements_2024_consolidated/DXG_financial_statements_2024_consolidated_extracted.txt,201570,170355,201570,66,86,2204,166783
DXG,2024,DXG_financial_statements_2024_separate,separate,data/data/ViFinQA/financial_statements/DXG/2024/DXG_financial_statements_2024_separate/DXG_financial_statements_2024_separate_extracted.txt,135121,114439,135121,46,59,3507,110930
DXG,2025,DXG_financial_statements_2025_consolidated,consolidated,data/data/ViFinQA/financial_statements/DXG/2025/DXG_financial_statements_2025_consolidated/DXG_financial_statements_2025_consolidated_extracted.txt,214521,177750,214521,68,85,233,176014
DXG,2025,DXG_financial_statements_2025_separate,separate,data/data/ViFinQA/financial_statements/DXG/2025/DXG_financial_statements_2025_separate/DXG_financial_statements_2025_separate_extracted.txt,137105,116178,137105,45,61,234,113752
DXS,2019,DXS_financial_statements_2019_consolidated,consolidated,data/data/ViFinQA/financial_statements/DXS/2019/DXS_financial_statements_2019_consolidated/DXS_financial_statements_2019_consolidated_extracted.txt,151116,127856,151116,54,82,408,123197
DXS,2019,DXS_financial_statements_2019_separate,separate,data/data/ViFinQA/financial_statements/DXS/2019/DXS_financial_statements_2019_separate/DXS_financial_statements_2019_separate_extracted.txt,98729,83326,98729,34,45,1475,80479
DXS,2020,DXS_financial_statements_2020_consolidated,consolidated,data/data/ViFinQA/financial_statements/DXS/2020/DXS_financial_statements_2020_consolidated/DXS_financial_statements_2020_consolidated_extracted.txt,158422,135214,158422,57,85,1252,130733
DXS,2020,DXS_financial_statements_2020_separate,separate,data/data/ViFinQA/financial_statements/DXS/2020/DXS_financial_statements_2020_separate/DXS_financial_statements_2020_separate_extracted.txt,99602,84288,99602,35,46,1238,81171
DXS,2021,DXS_financial_statements_2021_consolidated,consolidated,data/data/ViFinQA/financial_statements/DXS/2021/DXS_financial_statements_2021_consolidated/DXS_financial_statements_2021_consolidated_extracted.txt,163499,138205,163499,55,83,2616,134596
DXS,2021,DXS_financial_statements_2021_separate,separate,data/data/ViFinQA/financial_statements/DXS/2021/DXS_financial_statements_2021_separate/DXS_financial_statements_2021_separate_extracted.txt,103787,88372,103787,36,47,2616,87217
DXS,2022,DXS_financial_statements_2022_consolidated,consolidated,data/data/ViFinQA/financial_statements/DXS/2022/DXS_financial_statements_2022_consolidated/DXS_financial_statements_2022_consolidated_extracted.txt,177987,150863,177987,62,101,2723,147916
DXS,2022,DXS_financial_statements_2022_separate,separate,data/data/ViFinQA/financial_statements/DXS/2022/DXS_financial_statements_2022_separate/DXS_financial_statements_2022_separate_extracted.txt,116709,99208,116709,41,50,2723,98544
DXS,2023,DXS_financial_statements_2023_consolidated,consolidated,data/data/ViFinQA/financial_statements/DXS/2023/DXS_financial_statements_2023_consolidated/DXS_financial_statements_2023_consolidated_extracted.txt,176049,149349,176049,62,86,3703,145529
DXS,2023,DXS_financial_statements_2023_separate,separate,data/data/ViFinQA/financial_statements/DXS/2023/DXS_financial_statements_2023_separate/DXS_financial_statements_2023_separate_extracted.txt,109866,93666,109866,38,50,3687,92311
DXS,2024,DXS_financial_statements_2024_consolidated,consolidated,data/data/ViFinQA/financial_statements/DXS/2024/DXS_financial_statements_2024_consolidated/DXS_financial_statements_2024_consolidated_extracted.txt,182900,155110,182900,68,84,3841,151506
DXS,2024,DXS_financial_statements_2024_separate,separate,data/data/ViFinQA/financial_statements/DXS/2024/DXS_financial_statements_2024_separate/DXS_financial_statements_2024_separate_extracted.txt,113684,96521,113684,42,49,3841,94572
DXS,2025,DXS_financial_statements_2025_consolidated,consolidated,data/data/ViFinQA/financial_statements/DXS/2025/DXS_financial_statements_2025_consolidated/DXS_financial_statements_2025_consolidated_extracted.txt,201151,166516,201151,66,84,4054,163989
DXS,2025,DXS_financial_statements_2025_separate,separate,data/data/ViFinQA/financial_statements/DXS/2025/DXS_financial_statements_2025_separate/DXS_financial_statements_2025_separate_extracted.txt,134543,111577,134543,44,51,4054,109046
EIB,2015,EIB_financial_statements_2015_consolidated,consolidated,data/data/ViFinQA/financial_statements/EIB/2015/EIB_financial_statements_2015_consolidated/EIB_financial_statements_2015_consolidated_extracted.txt,289258,240346,289258,98,105,1990,239804
EIB,2015,EIB_financial_statements_2015_separate,separate,data/data/ViFinQA/financial_statements/EIB/2015/EIB_financial_statements_2015_separate/EIB_financial_statements_2015_separate_extracted.txt,284008,237281,284008,95,102,830,236713
EIB,2016,EIB_financial_statements_2016_consolidated,consolidated,data/data/ViFinQA/financial_statements/EIB/2016/EIB_financial_statements_2016_consolidated/EIB_financial_statements_2016_consolidated_extracted.txt,266235,221964,266235,90,93,259,221521
EIB,2016,EIB_financial_statements_2016_separate,separate,data/data/ViFinQA/financial_statements/EIB/2016/EIB_financial_statements_2016_separate/EIB_financial_statements_2016_separate_extracted.txt,263654,220631,263654,89,90,256,220075
EIB,2017,EIB_financial_statements_2017_consolidated,consolidated,data/data/ViFinQA/financial_statements/EIB/2017/EIB_financial_statements_2017_consolidated/EIB_financial_statements_2017_consolidated_extracted.txt,274808,229528,274808,93,115,246,227948
EIB,2017,EIB_financial_statements_2017_separate,separate,data/data/ViFinQA/financial_statements/EIB/2017/EIB_financial_statements_2017_separate/EIB_financial_statements_2017_separate_extracted.txt,281404,236676,281404,92,98,245,225863
EIB,2018,EIB_financial_statements_2018_consolidated,consolidated,data/data/ViFinQA/financial_statements/EIB/2018/EIB_financial_statements_2018_consolidated/EIB_financial_statements_2018_consolidated_extracted.txt,295892,245279,295892,101,100,1858,239378
EIB,2018,EIB_financial_statements_2018_separate,separate,data/data/ViFinQA/financial_statements/EIB/2018/EIB_financial_statements_2018_separate/EIB_financial_statements_2018_separate_extracted.txt,289408,240591,289408,96,96,237,234644
EIB,2019,EIB_financial_statements_2019_consolidated,consolidated,data/data/ViFinQA/financial_statements/EIB/2019/EIB_financial_statements_2019_consolidated/EIB_financial_statements_2019_consolidated_extracted.txt,296141,246247,296141,98,100,1896,240621
EIB,2019,EIB_financial_statements_2019_separate,separate,data/data/ViFinQA/financial_statements/EIB/2019/EIB_financial_statements_2019_separate/EIB_financial_statements_2019_separate_extracted.txt,288794,240363,288794,98,94,1761,234443
EIB,2020,EIB_financial_statements_2020_consolidated,consolidated,data/data/ViFinQA/financial_statements/EIB/2020/EIB_financial_statements_2020_consolidated/EIB_financial_statements_2020_consolidated_extracted.txt,246352,202544,246352,77,100,1835,201746
EIB,2020,EIB_financial_statements_2020_separate,separate,data/data/ViFinQA/financial_statements/EIB/2020/EIB_financial_statements_2020_separate/EIB_financial_statements_2020_separate_extracted.txt,266600,224572,266600,76,96,220,217060
EIB,2021,EIB_financial_statements_2021_consolidated,consolidated,data/data/ViFinQA/financial_statements/EIB/2021/EIB_financial_statements_2021_consolidated/EIB_financial_statements_2021_consolidated_extracted.txt,256639,210500,256639,79,98,1748,209539
EIB,2021,EIB_financial_statements_2021_separate,separate,data/data/ViFinQA/financial_statements/EIB/2021/EIB_financial_statements_2021_separate/EIB_financial_statements_2021_separate_extracted.txt,252777,207863,252777,79,99,1747,206952
EIB,2022,EIB_financial_statements_2022_consolidated,consolidated,data/data/ViFinQA/financial_statements/EIB/2022/EIB_financial_statements_2022_consolidated/EIB_financial_statements_2022_consolidated_extracted.txt,260942,214142,260942,81,97,1904,213130
EIB,2022,EIB_financial_statements_2022_separate,separate,data/data/ViFinQA/financial_statements/EIB/2022/EIB_financial_statements_2022_separate/EIB_financial_statements_2022_separate_extracted.txt,254735,209320,254735,79,100,1903,208534
EIB,2023,EIB_financial_statements_2023_consolidated,consolidated,data/data/ViFinQA/financial_statements/EIB/2023/EIB_financial_statements_2023_consolidated/EIB_financial_statements_2023_consolidated_extracted.txt,233578,194026,233578,78,93,3869,188502
EIB,2023,EIB_financial_statements_2023_separate,separate,data/data/ViFinQA/financial_statements/EIB/2023/EIB_financial_statements_2023_separate/EIB_financial_statements_2023_separate_extracted.txt,230860,192407,230860,78,95,3836,187024
EIB,2024,EIB_financial_statements_2024_consolidated,consolidated,data/data/ViFinQA/financial_statements/EIB/2024/EIB_financial_statements_2024_consolidated/EIB_financial_statements_2024_consolidated_extracted.txt,243255,202875,243255,79,106,2414,201129
EIB,2024,EIB_financial_statements_2024_separate,separate,data/data/ViFinQA/financial_statements/EIB/2024/EIB_financial_statements_2024_separate/EIB_financial_statements_2024_separate_extracted.txt,240376,201045,240376,78,96,2390,199431
EIB,2025,EIB_financial_statements_2025_consolidated,consolidated,data/data/ViFinQA/financial_statements/EIB/2025/EIB_financial_statements_2025_consolidated/EIB_financial_statements_2025_consolidated_extracted.txt,209864,174069,209864,61,94,2101,172973
EIB,2025,EIB_financial_statements_2025_separate,separate,data/data/ViFinQA/financial_statements/EIB/2025/EIB_financial_statements_2025_separate/EIB_financial_statements_2025_separate_extracted.txt,205919,171770,205919,58,89,2094,170590
EVF,2018,EVF_financial_statements_2018,unknown,data/data/ViFinQA/financial_statements/EVF/2018/EVF_financial_statements_2018/EVF_financial_statements_2018_extracted.txt,181447,151094,181447,55,75,778,147326
EVF,2019,EVF_financial_statements_2019,unknown,data/data/ViFinQA/financial_statements/EVF/2019/EVF_financial_statements_2019/EVF_financial_statements_2019_extracted.txt,172549,144987,172549,54,74,540,141301
EVF,2020,EVF_financial_statements_2020,unknown,data/data/ViFinQA/financial_statements/EVF/2020/EVF_financial_statements_2020/EVF_financial_statements_2020_extracted.txt,169812,140730,169812,58,75,1217,137315
EVF,2021,EVF_financial_statements_2021,unknown,data/data/ViFinQA/financial_statements/EVF/2021/EVF_financial_statements_2021/EVF_financial_statements_2021_extracted.txt,171911,142186,171911,57,76,367,138804
EVF,2022,EVF_financial_statements_2022,unknown,data/data/ViFinQA/financial_statements/EVF/2022/EVF_financial_statements_2022/EVF_financial_statements_2022_extracted.txt,172161,142608,172161,62,85,229,141017
EVF,2023,EVF_financial_statements_2023,unknown,data/data/ViFinQA/financial_statements/EVF/2023/EVF_financial_statements_2023/EVF_financial_statements_2023_extracted.txt,181174,150713,181174,63,90,229,147380
EVF,2024,EVF_financial_statements_2024,unknown,data/data/ViFinQA/financial_statements/EVF/2024/EVF_financial_statements_2024/EVF_financial_statements_2024_extracted.txt,194422,159893,194422,55,89,2382,157995
EVF,2025,EVF_financial_statements_2025,unknown,data/data/ViFinQA/financial_statements/EVF/2025/EVF_financial_statements_2025/EVF_financial_statements_2025_extracted.txt,203041,166760,203041,55,87,3382,162634
FIT,2015,FIT_financial_statements_2015_consolidated,consolidated,data/data/ViFinQA/financial_statements/FIT/2015/FIT_financial_statements_2015_consolidated/FIT_financial_statements_2015_consolidated_extracted.txt,140919,119844,140919,40,54,326,117909
FIT,2015,FIT_financial_statements_2015_separate,separate,data/data/ViFinQA/financial_statements/FIT/2015/FIT_financial_statements_2015_separate/FIT_financial_statements_2015_separate_extracted.txt,112126,94839,112126,32,36,1394,93841
FIT,2016,FIT_financial_statements_2016_consolidated,consolidated,data/data/ViFinQA/financial_statements/FIT/2016/FIT_financial_statements_2016_consolidated/FIT_financial_statements_2016_consolidated_extracted.txt,156519,133623,156519,41,58,1183,132808
FIT,2016,FIT_financial_statements_2016_separate,separate,data/data/ViFinQA/financial_statements/FIT/2016/FIT_financial_statements_2016_separate/FIT_financial_statements_2016_separate_extracted.txt,112762,95615,112762,31,43,1214,94691
FIT,2017,FIT_financial_statements_2017_consolidated,consolidated,data/data/ViFinQA/financial_statements/FIT/2017/FIT_financial_statements_2017_consolidated/FIT_financial_statements_2017_consolidated_extracted.txt,218720,180223,218720,53,64,547,176681
FIT,2017,FIT_financial_statements_2017_separate,separate,data/data/ViFinQA/financial_statements/FIT/2017/FIT_financial_statements_2017_separate/FIT_financial_statements_2017_separate_extracted.txt,135306,111235,135306,34,43,539,109207
FIT,2018,FIT_financial_statements_2018_consolidated,consolidated,data/data/ViFinQA/financial_statements/FIT/2018/FIT_financial_statements_2018_consolidated/FIT_financial_statements_2018_consolidated_extracted.txt,216180,178369,216180,54,65,469,177819
FIT,2018,FIT_financial_statements_2018_separate,separate,data/data/ViFinQA/financial_statements/FIT/2018/FIT_financial_statements_2018_separate/FIT_financial_statements_2018_separate_extracted.txt,151649,125218,151649,39,47,311,124657
FIT,2019,FIT_financial_statements_2019_consolidated,consolidated,data/data/ViFinQA/financial_statements/FIT/2019/FIT_financial_statements_2019_consolidated/FIT_financial_statements_2019_consolidated_extracted.txt,208094,175876,208094,55,60,314,174911
FIT,2019,FIT_financial_statements_2019_separate,separate,data/data/ViFinQA/financial_statements/FIT/2019/FIT_financial_statements_2019_separate/FIT_financial_statements_2019_separate_extracted.txt,150202,126677,150202,38,44,1159,124078
FIT,2020,FIT_financial_statements_2020_consolidated,consolidated,data/data/ViFinQA/financial_statements/FIT/2020/FIT_financial_statements_2020_consolidated/FIT_financial_statements_2020_consolidated_extracted.txt,206990,175315,206990,57,64,1668,173454
FIT,2020,FIT_financial_statements_2020_separate,separate,data/data/ViFinQA/financial_statements/FIT/2020/FIT_financial_statements_2020_separate/FIT_financial_statements_2020_separate_extracted.txt,153022,126430,153022,42,47,371,124664
FIT,2021,FIT_financial_statements_2021_consolidated,consolidated,data/data/ViFinQA/financial_statements/FIT/2021/FIT_financial_statements_2021_consolidated/FIT_financial_statements_2021_consolidated_extracted.txt,213312,180591,213312,60,65,307,179173
FIT,2021,FIT_financial_statements_2021_separate,separate,data/data/ViFinQA/financial_statements/FIT/2021/FIT_financial_statements_2021_separate/FIT_financial_statements_2021_separate_extracted.txt,155050,126243,155050,43,51,513,124828
FIT,2022,FIT_financial_statements_2022_consolidated,consolidated,data/data/ViFinQA/financial_statements/FIT/2022/FIT_financial_statements_2022_consolidated/FIT_financial_statements_2022_consolidated_extracted.txt,242813,204587,242813,63,100,2724,200645
FIT,2022,FIT_financial_statements_2022_separate,separate,data/data/ViFinQA/financial_statements/FIT/2022/FIT_financial_statements_2022_separate/FIT_financial_statements_2022_separate_extracted.txt,145349,121646,145349,40,55,185,119588
FIT,2023,FIT_financial_statements_2023_consolidated,consolidated,data/data/ViFinQA/financial_statements/FIT/2023/FIT_financial_statements_2023_consolidated/FIT_financial_statements_2023_consolidated_extracted.txt,246007,203241,246007,60,92,2788,201032
FIT,2023,FIT_financial_statements_2023_separate,separate,data/data/ViFinQA/financial_statements/FIT/2023/FIT_financial_statements_2023_separate/FIT_financial_statements_2023_separate_extracted.txt,146951,119609,146951,36,52,2625,115348
FIT,2024,FIT_financial_statements_2024_consolidated,consolidated,data/data/ViFinQA/financial_statements/FIT/2024/FIT_financial_statements_2024_consolidated/FIT_financial_statements_2024_consolidated_extracted.txt,238212,194455,238212,56,87,2853,191905
FIT,2024,FIT_financial_statements_2024_separate,separate,data/data/ViFinQA/financial_statements/FIT/2024/FIT_financial_statements_2024_separate/FIT_financial_statements_2024_separate_extracted.txt,146495,118147,146495,37,52,2774,115551
FIT,2025,FIT_financial_statements_2025_consolidated,consolidated,data/data/ViFinQA/financial_statements/FIT/2025/FIT_financial_statements_2025_consolidated/FIT_financial_statements_2025_consolidated_extracted.txt,227258,191112,227258,56,92,1665,188772
FIT,2025,FIT_financial_statements_2025_separate,separate,data/data/ViFinQA/financial_statements/FIT/2025/FIT_financial_statements_2025_separate/FIT_financial_statements_2025_separate_extracted.txt,124318,104492,124318,34,50,2424,101468
FOX,2015,FOX_financial_statements_2015_consolidated,consolidated,data/data/ViFinQA/financial_statements/FOX/2015/FOX_financial_statements_2015_consolidated/FOX_financial_statements_2015_consolidated_extracted.txt,129188,108771,129188,34,50,5262,106539
FOX,2015,FOX_financial_statements_2015_separate,separate,data/data/ViFinQA/financial_statements/FOX/2015/FOX_financial_statements_2015_separate/FOX_financial_statements_2015_separate_extracted.txt,119584,101342,119584,32,48,381,99549
FOX,2016,FOX_financial_statements_2016_consolidated,consolidated,data/data/ViFinQA/financial_statements/FOX/2016/FOX_financial_statements_2016_consolidated/FOX_financial_statements_2016_consolidated_extracted.txt,107900,91683,107900,33,42,384,87821
FOX,2016,FOX_financial_statements_2016_separate,separate,data/data/ViFinQA/financial_statements/FOX/2016/FOX_financial_statements_2016_separate/FOX_financial_statements_2016_separate_extracted.txt,111515,95379,111515,31,43,381,91601
FOX,2017,FOX_financial_statements_2017_consolidated,consolidated,data/data/ViFinQA/financial_statements/FOX/2017/FOX_financial_statements_2017_consolidated/FOX_financial_statements_2017_consolidated_extracted.txt,109022,92698,109022,31,43,393,91680
FOX,2017,FOX_financial_statements_2017_separate,separate,data/data/ViFinQA/financial_statements/FOX/2017/FOX_financial_statements_2017_separate/FOX_financial_statements_2017_separate_extracted.txt,112980,97097,112980,32,44,389,92910
FOX,2018,FOX_financial_statements_2018_consolidated,consolidated,data/data/ViFinQA/financial_statements/FOX/2018/FOX_financial_statements_2018_consolidated/FOX_financial_statements_2018_consolidated_extracted.txt,106724,90283,106724,35,40,392,88159
FOX,2018,FOX_financial_statements_2018_separate,separate,data/data/ViFinQA/financial_statements/FOX/2018/FOX_financial_statements_2018_separate/FOX_financial_statements_2018_separate_extracted.txt,96027,81671,96027,31,38,390,78832
FOX,2019,FOX_financial_statements_2019_consolidated,consolidated,data/data/ViFinQA/financial_statements/FOX/2019/FOX_financial_statements_2019_consolidated/FOX_financial_statements_2019_consolidated_extracted.txt,103101,88447,103101,33,42,358,86212
FOX,2019,FOX_financial_statements_2019_separate,separate,data/data/ViFinQA/financial_statements/FOX/2019/FOX_financial_statements_2019_separate/FOX_financial_statements_2019_separate_extracted.txt,93202,80225,93202,31,39,391,77236
FOX,2020,FOX_financial_statements_2020_consolidated,consolidated,data/data/ViFinQA/financial_statements/FOX/2020/FOX_financial_statements_2020_consolidated/FOX_financial_statements_2020_consolidated_extracted.txt,105892,90513,105892,36,44,394,89127
FOX,2020,FOX_financial_statements_2020_separate,separate,data/data/ViFinQA/financial_statements/FOX/2020/FOX_financial_statements_2020_separate/FOX_financial_statements_2020_separate_extracted.txt,101473,87044,101473,35,42,8415,85679
FOX,2021,FOX_financial_statements_2021_consolidated,consolidated,data/data/ViFinQA/financial_statements/FOX/2021/FOX_financial_statements_2021_consolidated/FOX_financial_statements_2021_consolidated_extracted.txt,127875,108167,127875,46,60,1030,106044
FOX,2021,FOX_financial_statements_2021_separate,separate,data/data/ViFinQA/financial_statements/FOX/2021/FOX_financial_statements_2021_separate/FOX_financial_statements_2021_separate_extracted.txt,122129,103827,122129,46,78,673,102041
FOX,2022,FOX_financial_statements_2022_consolidated,consolidated,data/data/ViFinQA/financial_statements/FOX/2022/FOX_financial_statements_2022_consolidated/FOX_financial_statements_2022_consolidated_extracted.txt,127442,107890,127442,45,53,1044,106015
FOX,2022,FOX_financial_statements_2022_separate,separate,data/data/ViFinQA/financial_statements/FOX/2022/FOX_financial_statements_2022_separate/FOX_financial_statements_2022_separate_extracted.txt,126698,107953,126698,45,66,1040,106991
FOX,2023,FOX_financial_statements_2023_consolidated,consolidated,data/data/ViFinQA/financial_statements/FOX/2023/FOX_financial_statements_2023_consolidated/FOX_financial_statements_2023_consolidated_extracted.txt,135412,115007,135412,47,66,1055,113292
FOX,2023,FOX_financial_statements_2023_separate,separate,data/data/ViFinQA/financial_statements/FOX/2023/FOX_financial_statements_2023_separate/FOX_financial_statements_2023_separate_extracted.txt,135669,116247,135669,47,67,1019,114562
FOX,2024,FOX_financial_statements_2024_consolidated,consolidated,data/data/ViFinQA/financial_statements/FOX/2024/FOX_financial_statements_2024_consolidated/FOX_financial_statements_2024_consolidated_extracted.txt,151607,131110,151607,50,62,1023,129442
FOX,2024,FOX_financial_statements_2024_separate,separate,data/data/ViFinQA/financial_statements/FOX/2024/FOX_financial_statements_2024_separate/FOX_financial_statements_2024_separate_extracted.txt,135066,115255,135066,50,66,993,114108
FOX,2025,FOX_financial_statements_2025_consolidated,consolidated,data/data/ViFinQA/financial_statements/FOX/2025/FOX_financial_statements_2025_consolidated/FOX_financial_statements_2025_consolidated_extracted.txt,137861,116418,137861,50,62,1043,114647
FOX,2025,FOX_financial_statements_2025_separate,separate,data/data/ViFinQA/financial_statements/FOX/2025/FOX_financial_statements_2025_separate/FOX_financial_statements_2025_separate_extracted.txt,133977,113919,133977,50,59,1026,112605
FPT,2015,FPT_financial_statements_2015_consolidated,consolidated,data/data/ViFinQA/financial_statements/FPT/2015/FPT_financial_statements_2015_consolidated/FPT_financial_statements_2015_consolidated_extracted.txt,167260,139215,167260,47,55,354,136448
FPT,2015,FPT_financial_statements_2015_separate,separate,data/data/ViFinQA/financial_statements/FPT/2015/FPT_financial_statements_2015_separate/FPT_financial_statements_2015_separate_extracted.txt,123725,104723,123725,36,42,351,101788
FPT,2016,FPT_financial_statements_2016_consolidated,consolidated,data/data/ViFinQA/financial_statements/FPT/2016/FPT_financial_statements_2016_consolidated/FPT_financial_statements_2016_consolidated_extracted.txt,157297,131670,157297,52,60,347,128040
FPT,2016,FPT_financial_statements_2016_separate,separate,data/data/ViFinQA/financial_statements/FPT/2016/FPT_financial_statements_2016_separate/FPT_financial_statements_2016_separate_extracted.txt,106458,90552,106458,34,40,344,86402
FPT,2017,FPT_financial_statements_2017_consolidated,consolidated,data/data/ViFinQA/financial_statements/FPT/2017/FPT_financial_statements_2017_consolidated/FPT_financial_statements_2017_consolidated_extracted.txt,155695,130471,155695,50,59,345,128902
FPT,2017,FPT_financial_statements_2017_separate,separate,data/data/ViFinQA/financial_statements/FPT/2017/FPT_financial_statements_2017_separate/FPT_financial_statements_2017_separate_extracted.txt,106620,90534,106620,35,43,342,89357
FPT,2018,FPT_financial_statements_2018_consolidated,consolidated,data/data/ViFinQA/financial_statements/FPT/2018/FPT_financial_statements_2018_consolidated/FPT_financial_statements_2018_consolidated_extracted.txt,141552,119598,141552,46,53,2959,117639
FPT,2018,FPT_financial_statements_2018_separate,separate,data/data/ViFinQA/financial_statements/FPT/2018/FPT_financial_statements_2018_separate/FPT_financial_statements_2018_separate_extracted.txt,98944,84493,98944,32,40,3738,81316
FPT,2019,FPT_financial_statements_2019_consolidated,consolidated,data/data/ViFinQA/financial_statements/FPT/2019/FPT_financial_statements_2019_consolidated/FPT_financial_statements_2019_consolidated_extracted.txt,142490,120637,142490,51,52,2872,117703
FPT,2019,FPT_financial_statements_2019_separate,separate,data/data/ViFinQA/financial_statements/FPT/2019/FPT_financial_statements_2019_separate/FPT_financial_statements_2019_separate_extracted.txt,99665,85380,99665,34,43,2869,81144
FPT,2020,FPT_financial_statements_2020_consolidated,consolidated,data/data/ViFinQA/financial_statements/FPT/2020/FPT_financial_statements_2020_consolidated/FPT_financial_statements_2020_consolidated_extracted.txt,150915,127413,150915,54,58,3666,125173
FPT,2020,FPT_financial_statements_2020_separate,separate,data/data/ViFinQA/financial_statements/FPT/2020/FPT_financial_statements_2020_separate/FPT_financial_statements_2020_separate_extracted.txt,94032,93662,94032,41,47,2837,92120
FPT,2021,FPT_financial_statements_2021_consolidated,consolidated,data/data/ViFinQA/financial_statements/FPT/2021/FPT_financial_statements_2021_consolidated/FPT_financial_statements_2021_consolidated_extracted.txt,185397,156027,185397,65,69,3569,155360
FPT,2021,FPT_financial_statements_2021_separate,separate,data/data/ViFinQA/financial_statements/FPT/2021/FPT_financial_statements_2021_separate/FPT_financial_statements_2021_separate_extracted.txt,119050,101394,119050,47,53,3528,97814
FPT,2022,FPT_financial_statements_2022_consolidated,consolidated,data/data/ViFinQA/financial_statements/FPT/2022/FPT_financial_statements_2022_consolidated/FPT_financial_statements_2022_consolidated_extracted.txt,193892,163895,193892,70,90,3164,162540
FPT,2022,FPT_financial_statements_2022_separate,separate,data/data/ViFinQA/financial_statements/FPT/2022/FPT_financial_statements_2022_separate/FPT_financial_statements_2022_separate_extracted.txt,121873,103349,121873,45,57,10561,99002
FPT,2023,FPT_financial_statements_2023_consolidated,consolidated,data/data/ViFinQA/financial_statements/FPT/2023/FPT_financial_statements_2023_consolidated/FPT_financial_statements_2023_consolidated_extracted.txt,206023,173954,206023,73,84,3117,172290
FPT,2023,FPT_financial_statements_2023_separate,separate,data/data/ViFinQA/financial_statements/FPT/2023/FPT_financial_statements_2023_separate/FPT_financial_statements_2023_separate_extracted.txt,131769,113073,131769,47,47,3092,110931
FPT,2024,FPT_financial_statements_2024_consolidated,consolidated,data/data/ViFinQA/financial_statements/FPT/2024/FPT_financial_statements_2024_consolidated/FPT_financial_statements_2024_consolidated_extracted.txt,223154,190295,223154,74,89,3364,188310
FPT,2024,FPT_financial_statements_2024_separate,separate,data/data/ViFinQA/financial_statements/FPT/2024/FPT_financial_statements_2024_separate/FPT_financial_statements_2024_separate_extracted.txt,122792,104143,122792,47,48,2795,102637
FPT,2025,FPT_financial_statements_2025_consolidated,consolidated,data/data/ViFinQA/financial_statements/FPT/2025/FPT_financial_statements_2025_consolidated/FPT_financial_statements_2025_consolidated_extracted.txt,219105,185736,219105,73,89,2992,183277
FPT,2025,FPT_financial_statements_2025_separate,separate,data/data/ViFinQA/financial_statements/FPT/2025/FPT_financial_statements_2025_separate/FPT_financial_statements_2025_separate_extracted.txt,129663,110410,129663,49,48,3013,107608
FTS,2017,FTS_financial_statements_2017,unknown,data/data/ViFinQA/financial_statements/FTS/2017/FTS_financial_statements_2017/FTS_financial_statements_2017_extracted.txt,149510,127771,149510,45,65,593,125885
FTS,2018,FTS_financial_statements_2018,unknown,data/data/ViFinQA/financial_statements/FTS/2018/FTS_financial_statements_2018/FTS_financial_statements_2018_extracted.txt,152641,131185,152641,44,66,2817,129993
FTS,2019,FTS_financial_statements_2019,unknown,data/data/ViFinQA/financial_statements/FTS/2019/FTS_financial_statements_2019/FTS_financial_statements_2019_extracted.txt,157492,135532,157492,44,56,3113,133853
FTS,2020,FTS_financial_statements_2020,unknown,data/data/ViFinQA/financial_statements/FTS/2020/FTS_financial_statements_2020/FTS_financial_statements_2020_extracted.txt,155282,133663,155282,45,58,610,131785
FTS,2021,FTS_financial_statements_2021,unknown,data/data/ViFinQA/financial_statements/FTS/2021/FTS_financial_statements_2021/FTS_financial_statements_2021_extracted.txt,159533,137668,159533,45,52,610,136857
FTS,2022,FTS_financial_statements_2022,unknown,data/data/ViFinQA/financial_statements/FTS/2022/FTS_financial_statements_2022/FTS_financial_statements_2022_extracted.txt,175196,150377,175196,50,72,2328,149293
FTS,2023,FTS_financial_statements_2023,unknown,data/data/ViFinQA/financial_statements/FTS/2023/FTS_financial_statements_2023/FTS_financial_statements_2023_extracted.txt,162292,139144,162292,49,56,2394,137978
FTS,2024,FTS_financial_statements_2024,unknown,data/data/ViFinQA/financial_statements/FTS/2024/FTS_financial_statements_2024/FTS_financial_statements_2024_extracted.txt,292009,269510,292009,92,119,608,268391
FTS,2025,FTS_financial_statements_2025,unknown,data/data/ViFinQA/financial_statements/FTS/2025/FTS_financial_statements_2025/FTS_financial_statements_2025_extracted.txt,294331,271524,294331,96,125,3604,270405
GAS,2015,GAS_financial_statements_2015_consolidated,consolidated,data/data/ViFinQA/financial_statements/GAS/2015/GAS_financial_statements_2015_consolidated/GAS_financial_statements_2015_consolidated_extracted.txt,227044,191877,227044,58,80,1832,191574
GAS,2015,GAS_financial_statements_2015_separate,separate,data/data/ViFinQA/financial_statements/GAS/2015/GAS_financial_statements_2015_separate/GAS_financial_statements_2015_separate_extracted.txt,187930,159050,187930,51,64,1831,156402
GAS,2016,GAS_financial_statements_2016_consolidated,consolidated,data/data/ViFinQA/financial_statements/GAS/2016/GAS_financial_statements_2016_consolidated/GAS_financial_statements_2016_consolidated_extracted.txt,176489,150431,176489,51,65,2233,143491
GAS,2016,GAS_financial_statements_2016_separate,separate,data/data/ViFinQA/financial_statements/GAS/2016/GAS_financial_statements_2016_separate/GAS_financial_statements_2016_separate_extracted.txt,150010,127656,150010,46,55,2314,120745
GAS,2017,GAS_financial_statements_2017_consolidated,consolidated,data/data/ViFinQA/financial_statements/GAS/2017/GAS_financial_statements_2017_consolidated/GAS_financial_statements_2017_consolidated_extracted.txt,169617,145215,169617,47,62,2012,139276
GAS,2017,GAS_financial_statements_2017_separate,separate,data/data/ViFinQA/financial_statements/GAS/2017/GAS_financial_statements_2017_separate/GAS_financial_statements_2017_separate_extracted.txt,152759,130367,152759,45,57,1967,125915
GAS,2018,GAS_financial_statements_2018_consolidated,consolidated,data/data/ViFinQA/financial_statements/GAS/2018/GAS_financial_statements_2018_consolidated/GAS_financial_statements_2018_consolidated_extracted.txt,197872,172540,197872,48,64,1956,168786
GAS,2018,GAS_financial_statements_2018_separate,separate,data/data/ViFinQA/financial_statements/GAS/2018/GAS_financial_statements_2018_separate/GAS_financial_statements_2018_separate_extracted.txt,189055,167112,189055,42,55,1942,162212
GAS,2019,GAS_financial_statements_2019_consolidated,consolidated,data/data/ViFinQA/financial_statements/GAS/2019/GAS_financial_statements_2019_consolidated/GAS_financial_statements_2019_consolidated_extracted.txt,177699,152148,177699,48,63,1879,148624
GAS,2019,GAS_financial_statements_2019_separate,separate,data/data/ViFinQA/financial_statements/GAS/2019/GAS_financial_statements_2019_separate/GAS_financial_statements_2019_separate_extracted.txt,162058,139118,162058,43,53,1875,135697
GAS,2020,GAS_financial_statements_2020_consolidated,consolidated,data/data/ViFinQA/financial_statements/GAS/2020/GAS_financial_statements_2020_consolidated/GAS_financial_statements_2020_consolidated_extracted.txt,176573,148918,176573,61,77,763,147570
GAS,2020,GAS_financial_statements_2020_separate,separate,data/data/ViFinQA/financial_statements/GAS/2020/GAS_financial_statements_2020_separate/GAS_financial_statements_2020_separate_extracted.txt,154094,131164,154094,57,69,736,130002
GAS,2021,GAS_financial_statements_2021_consolidated,consolidated,data/data/ViFinQA/financial_statements/GAS/2021/GAS_financial_statements_2021_consolidated/GAS_financial_statements_2021_consolidated_extracted.txt,210039,181135,210039,64,77,4905,179569
GAS,2021,GAS_financial_statements_2021_separate,separate,data/data/ViFinQA/financial_statements/GAS/2021/GAS_financial_statements_2021_separate/GAS_financial_statements_2021_separate_extracted.txt,184675,160033,184675,60,81,4894,158470
GAS,2022,GAS_financial_statements_2022_consolidated,consolidated,data/data/ViFinQA/financial_statements/GAS/2022/GAS_financial_statements_2022_consolidated/GAS_financial_statements_2022_consolidated_extracted.txt,201447,172634,201447,68,71,4688,170696
GAS,2022,GAS_financial_statements_2022_separate,separate,data/data/ViFinQA/financial_statements/GAS/2022/GAS_financial_statements_2022_separate/GAS_financial_statements_2022_separate_extracted.txt,178345,153811,178345,62,76,4654,151846
GAS,2023,GAS_financial_statements_2023_consolidated,consolidated,data/data/ViFinQA/financial_statements/GAS/2023/GAS_financial_statements_2023_consolidated/GAS_financial_statements_2023_consolidated_extracted.txt,225438,194184,225438,72,102,3655,192792
GAS,2023,GAS_financial_statements_2023_separate,separate,data/data/ViFinQA/financial_statements/GAS/2023/GAS_financial_statements_2023_separate/GAS_financial_statements_2023_separate_extracted.txt,176157,149111,176157,65,85,12185,147865
GAS,2024,GAS_financial_statements_2024_consolidated,consolidated,data/data/ViFinQA/financial_statements/GAS/2024/GAS_financial_statements_2024_consolidated/GAS_financial_statements_2024_consolidated_extracted.txt,231712,198834,231712,76,115,4731,197674
GAS,2024,GAS_financial_statements_2024_separate,separate,data/data/ViFinQA/financial_statements/GAS/2024/GAS_financial_statements_2024_separate/GAS_financial_statements_2024_separate_extracted.txt,199774,172115,199774,68,90,4671,170955
GAS,2025,GAS_financial_statements_2025_consolidated,consolidated,data/data/ViFinQA/financial_statements/GAS/2025/GAS_financial_statements_2025_consolidated/GAS_financial_statements_2025_consolidated_extracted.txt,259871,223966,259871,68,74,4719,220988
GAS,2025,GAS_financial_statements_2025_separate,separate,data/data/ViFinQA/financial_statements/GAS/2025/GAS_financial_statements_2025_separate/GAS_financial_statements_2025_separate_extracted.txt,400820,371006,400820,118,140,3698,369951
GEE,2020,GEE_financial_statements_2020_consolidated,consolidated,data/data/ViFinQA/financial_statements/GEE/2020/GEE_financial_statements_2020_consolidated/GEE_financial_statements_2020_consolidated_extracted.txt,165452,139217,165452,59,71,300,138263
GEE,2020,GEE_financial_statements_2020_separate,separate,data/data/ViFinQA/financial_statements/GEE/2020/GEE_financial_statements_2020_separate/GEE_financial_statements_2020_separate_extracted.txt,104928,88732,104928,39,48,353,88145
GEE,2021,GEE_financial_statements_2021_consolidated,consolidated,data/data/ViFinQA/financial_statements/GEE/2021/GEE_financial_statements_2021_consolidated/GEE_financial_statements_2021_consolidated_extracted.txt,196676,167212,196676,63,77,1292,164024
GEE,2021,GEE_financial_statements_2021_separate,separate,data/data/ViFinQA/financial_statements/GEE/2021/GEE_financial_statements_2021_separate/GEE_financial_statements_2021_separate_extracted.txt,122462,104722,122462,43,58,8610,103099
GEE,2022,GEE_financial_statements_2022_consolidated,consolidated,data/data/ViFinQA/financial_statements/GEE/2022/GEE_financial_statements_2022_consolidated/GEE_financial_statements_2022_consolidated_extracted.txt,198962,168832,198962,66,84,2214,167509
GEE,2022,GEE_financial_statements_2022_separate,separate,data/data/ViFinQA/financial_statements/GEE/2022/GEE_financial_statements_2022_separate/GEE_financial_statements_2022_separate_extracted.txt,130905,111406,130905,46,59,2161,106534
GEE,2023,GEE_financial_statements_2023_consolidated,consolidated,data/data/ViFinQA/financial_statements/GEE/2023/GEE_financial_statements_2023_consolidated/GEE_financial_statements_2023_consolidated_extracted.txt,205801,173709,205801,70,81,3400,172283
GEE,2023,GEE_financial_statements_2023_separate,separate,data/data/ViFinQA/financial_statements/GEE/2023/GEE_financial_statements_2023_separate/GEE_financial_statements_2023_separate_extracted.txt,134170,114166,134170,45,60,3398,111923
GEE,2024,GEE_financial_statements_2024_consolidated,consolidated,data/data/ViFinQA/financial_statements/GEE/2024/GEE_financial_statements_2024_consolidated/GEE_financial_statements_2024_consolidated_extracted.txt,398421,367178,398421,122,152,4112,364355
GEE,2024,GEE_financial_statements_2024_separate,separate,data/data/ViFinQA/financial_statements/GEE/2024/GEE_financial_statements_2024_separate/GEE_financial_statements_2024_separate_extracted.txt,251278,231535,251278,82,112,4051,229076
GEE,2025,GEE_financial_statements_2025_consolidated,consolidated,data/data/ViFinQA/financial_statements/GEE/2025/GEE_financial_statements_2025_consolidated/GEE_financial_statements_2025_consolidated_extracted.txt,198716,167909,198716,62,76,4037,165986
GEE,2025,GEE_financial_statements_2025_separate,separate,data/data/ViFinQA/financial_statements/GEE/2025/GEE_financial_statements_2025_separate/GEE_financial_statements_2025_separate_extracted.txt,137283,117691,137283,43,58,4026,114836
GEG,2016,GEG_financial_statements_2016_consolidated,consolidated,data/data/ViFinQA/financial_statements/GEG/2016/GEG_financial_statements_2016_consolidated/GEG_financial_statements_2016_consolidated_extracted.txt,132809,112503,132809,46,53,2421,109383
GEG,2016,GEG_financial_statements_2016_separate,separate,data/data/ViFinQA/financial_statements/GEG/2016/GEG_financial_statements_2016_separate/GEG_financial_statements_2016_separate_extracted.txt,121083,103419,121083,44,61,159,100611
GEG,2017,GEG_financial_statements_2017_consolidated,consolidated,data/data/ViFinQA/financial_statements/GEG/2017/GEG_financial_statements_2017_consolidated/GEG_financial_statements_2017_consolidated_extracted.txt,137701,115376,137701,53,55,698,114394
GEG,2017,GEG_financial_statements_2017_separate,separate,data/data/ViFinQA/financial_statements/GEG/2017/GEG_financial_statements_2017_separate/GEG_financial_statements_2017_separate_extracted.txt,125918,107157,125918,47,60,883,106250
GEG,2018,GEG_financial_statements_2018_consolidated,consolidated,data/data/ViFinQA/financial_statements/GEG/2018/GEG_financial_statements_2018_consolidated/GEG_financial_statements_2018_consolidated_extracted.txt,157263,132530,157263,63,74,698,131549
GEG,2018,GEG_financial_statements_2018_separate,separate,data/data/ViFinQA/financial_statements/GEG/2018/GEG_financial_statements_2018_separate/GEG_financial_statements_2018_separate_extracted.txt,137914,117108,137914,55,74,682,115057
GEG,2019,GEG_financial_statements_2019_consolidated,consolidated,data/data/ViFinQA/financial_statements/GEG/2019/GEG_financial_statements_2019_consolidated/GEG_financial_statements_2019_consolidated_extracted.txt,191635,159081,191635,75,85,877,157274
GEG,2019,GEG_financial_statements_2019_separate,separate,data/data/ViFinQA/financial_statements/GEG/2019/GEG_financial_statements_2019_separate/GEG_financial_statements_2019_separate_extracted.txt,147590,123678,147590,56,68,665,121832
GEG,2020,GEG_financial_statements_2020_consolidated,consolidated,data/data/ViFinQA/financial_statements/GEG/2020/GEG_financial_statements_2020_consolidated/GEG_financial_statements_2020_consolidated_extracted.txt,208117,172383,208117,82,84,3753,169125
GEG,2020,GEG_financial_statements_2020_separate,separate,data/data/ViFinQA/financial_statements/GEG/2020/GEG_financial_statements_2020_separate/GEG_financial_statements_2020_separate_extracted.txt,160793,134339,160793,62,69,3735,130839
GEG,2021,GEG_financial_statements_2021_consolidated,consolidated,data/data/ViFinQA/financial_statements/GEG/2021/GEG_financial_statements_2021_consolidated/GEG_financial_statements_2021_consolidated_extracted.txt,211950,175742,211950,80,82,3711,172084
GEG,2021,GEG_financial_statements_2021_separate,separate,data/data/ViFinQA/financial_statements/GEG/2021/GEG_financial_statements_2021_separate/GEG_financial_statements_2021_separate_extracted.txt,159847,133468,159847,61,74,3689,129791
GEG,2022,GEG_financial_statements_2022_consolidated,consolidated,data/data/ViFinQA/financial_statements/GEG/2022/GEG_financial_statements_2022_consolidated/GEG_financial_statements_2022_consolidated_extracted.txt,216480,179650,216480,83,88,3407,177198
GEG,2022,GEG_financial_statements_2022_separate,separate,data/data/ViFinQA/financial_statements/GEG/2022/GEG_financial_statements_2022_separate/GEG_financial_statements_2022_separate_extracted.txt,154457,129223,154457,69,70,3595,126508
GEG,2023,GEG_financial_statements_2023_consolidated,consolidated,data/data/ViFinQA/financial_statements/GEG/2023/GEG_financial_statements_2023_consolidated/GEG_financial_statements_2023_consolidated_extracted.txt,231501,190451,231501,90,90,3671,183426
GEG,2023,GEG_financial_statements_2023_separate,separate,data/data/ViFinQA/financial_statements/GEG/2023/GEG_financial_statements_2023_separate/GEG_financial_statements_2023_separate_extracted.txt,159302,133194,159302,66,63,11014,131098
GEG,2024,GEG_financial_statements_2024_consolidated,consolidated,data/data/ViFinQA/financial_statements/GEG/2024/GEG_financial_statements_2024_consolidated/GEG_financial_statements_2024_consolidated_extracted.txt,406898,368989,406898,169,179,4428,366834
GEG,2024,GEG_financial_statements_2024_separate,separate,data/data/ViFinQA/financial_statements/GEG/2024/GEG_financial_statements_2024_separate/GEG_financial_statements_2024_separate_extracted.txt,299626,272867,299626,128,148,4585,270685
GEG,2025,GEG_financial_statements_2025_consolidated,consolidated,data/data/ViFinQA/financial_statements/GEG/2025/GEG_financial_statements_2025_consolidated/GEG_financial_statements_2025_consolidated_extracted.txt,382903,342107,382903,130,152,2990,339520
GEG,2025,GEG_financial_statements_2025_separate,separate,data/data/ViFinQA/financial_statements/GEG/2025/GEG_financial_statements_2025_separate/GEG_financial_statements_2025_separate_extracted.txt,352523,307083,352523,97,117,2990,304600
GEX,2015,GEX_financial_statements_2015_consolidated,consolidated,data/data/ViFinQA/financial_statements/GEX/2015/GEX_financial_statements_2015_consolidated/GEX_financial_statements_2015_consolidated_extracted.txt,176091,151551,176091,52,65,1719,142345
GEX,2015,GEX_financial_statements_2015_separate,separate,data/data/ViFinQA/financial_statements/GEX/2015/GEX_financial_statements_2015_separate/GEX_financial_statements_2015_separate_extracted.txt,134342,114636,134342,44,61,309,113762
GEX,2016,GEX_financial_statements_2016_consolidated,consolidated,data/data/ViFinQA/financial_statements/GEX/2016/GEX_financial_statements_2016_consolidated/GEX_financial_statements_2016_consolidated_extracted.txt,169489,142955,169489,49,54,312,142430
GEX,2016,GEX_financial_statements_2016_separate,separate,data/data/ViFinQA/financial_statements/GEX/2016/GEX_financial_statements_2016_separate/GEX_financial_statements_2016_separate_extracted.txt,144358,122147,144358,44,50,309,121108
GEX,2017,GEX_financial_statements_2017_consolidated,consolidated,data/data/ViFinQA/financial_statements/GEX/2017/GEX_financial_statements_2017_consolidated/GEX_financial_statements_2017_consolidated_extracted.txt,276515,232523,276515,88,93,3203,228483
GEX,2017,GEX_financial_statements_2017_separate,separate,data/data/ViFinQA/financial_statements/GEX/2017/GEX_financial_statements_2017_separate/GEX_financial_statements_2017_separate_extracted.txt,166707,139915,166707,53,61,2763,136322
GEX,2018,GEX_financial_statements_2018_consolidated,consolidated,data/data/ViFinQA/financial_statements/GEX/2018/GEX_financial_statements_2018_consolidated/GEX_financial_statements_2018_consolidated_extracted.txt,299432,245774,299432,89,87,2198,243378
GEX,2018,GEX_financial_statements_2018_separate,separate,data/data/ViFinQA/financial_statements/GEX/2018/GEX_financial_statements_2018_separate/GEX_financial_statements_2018_separate_extracted.txt,169815,140153,169815,52,59,2211,139086
GEX,2019,GEX_financial_statements_2019_consolidated,consolidated,data/data/ViFinQA/financial_statements/GEX/2019/GEX_financial_statements_2019_consolidated/GEX_financial_statements_2019_consolidated_extracted.txt,247689,207176,247689,82,82,2212,206440
GEX,2019,GEX_financial_statements_2019_separate,separate,data/data/ViFinQA/financial_statements/GEX/2019/GEX_financial_statements_2019_separate/GEX_financial_statements_2019_separate_extracted.txt,156338,130914,156338,50,60,2214,129868
GEX,2020,GEX_financial_statements_2020_consolidated,consolidated,data/data/ViFinQA/financial_statements/GEX/2020/GEX_financial_statements_2020_consolidated/GEX_financial_statements_2020_consolidated_extracted.txt,260009,218491,260009,86,90,2218,215480
GEX,2020,GEX_financial_statements_2020_separate,separate,data/data/ViFinQA/financial_statements/GEX/2020/GEX_financial_statements_2020_separate/GEX_financial_statements_2020_separate_extracted.txt,168743,141326,168743,54,61,2206,138587
GEX,2021,GEX_financial_statements_2021_consolidated,consolidated,data/data/ViFinQA/financial_statements/GEX/2021/GEX_financial_statements_2021_consolidated/GEX_financial_statements_2021_consolidated_extracted.txt,220093,187674,220093,73,81,2528,186745
GEX,2021,GEX_financial_statements_2021_separate,separate,data/data/ViFinQA/financial_statements/GEX/2021/GEX_financial_statements_2021_separate/GEX_financial_statements_2021_separate_extracted.txt,153171,130002,153171,51,66,2492,128502
GEX,2022,GEX_financial_statements_2022_consolidated,consolidated,data/data/ViFinQA/financial_statements/GEX/2022/GEX_financial_statements_2022_consolidated/GEX_financial_statements_2022_consolidated_extracted.txt,221990,189112,221990,69,81,10863,188119
GEX,2022,GEX_financial_statements_2022_separate,separate,data/data/ViFinQA/financial_statements/GEX/2022/GEX_financial_statements_2022_separate/GEX_financial_statements_2022_separate_extracted.txt,154666,131918,154666,50,73,2637,130325
GEX,2023,GEX_financial_statements_2023_consolidated,consolidated,data/data/ViFinQA/financial_statements/GEX/2023/GEX_financial_statements_2023_consolidated/GEX_financial_statements_2023_consolidated_extracted.txt,236032,200247,236032,76,90,2095,195270
GEX,2023,GEX_financial_statements_2023_separate,separate,data/data/ViFinQA/financial_statements/GEX/2023/GEX_financial_statements_2023_separate/GEX_financial_statements_2023_separate_extracted.txt,164685,139717,164685,55,71,2066,135250
GEX,2024,GEX_financial_statements_2024_consolidated,consolidated,data/data/ViFinQA/financial_statements/GEX/2024/GEX_financial_statements_2024_consolidated/GEX_financial_statements_2024_consolidated_extracted.txt,254880,217061,254880,80,91,3897,211630
GEX,2024,GEX_financial_statements_2024_separate,separate,data/data/ViFinQA/financial_statements/GEX/2024/GEX_financial_statements_2024_separate/GEX_financial_statements_2024_separate_extracted.txt,170308,146063,170308,54,72,3863,144589
GEX,2025,GEX_financial_statements_2025_consolidated,consolidated,data/data/ViFinQA/financial_statements/GEX/2025/GEX_financial_statements_2025_consolidated/GEX_financial_statements_2025_consolidated_extracted.txt,294505,250318,294505,90,92,3873,242499
GEX,2025,GEX_financial_statements_2025_separate,separate,data/data/ViFinQA/financial_statements/GEX/2025/GEX_financial_statements_2025_separate/GEX_financial_statements_2025_separate_extracted.txt,187565,160196,187565,60,76,3892,157266
GVR,2015,GVR_financial_statements_2015_consolidated,consolidated,data/data/ViFinQA/financial_statements/GVR/2015/GVR_financial_statements_2015_consolidated/GVR_financial_statements_2015_consolidated_extracted.txt,311918,262381,311918,84,91,825,259641
GVR,2015,GVR_financial_statements_2015_separate,separate,data/data/ViFinQA/financial_statements/GVR/2015/GVR_financial_statements_2015_separate/GVR_financial_statements_2015_separate_extracted.txt,239580,209482,239580,60,78,318,208907
GVR,2016,GVR_financial_statements_2016_consolidated,consolidated,data/data/ViFinQA/financial_statements/GVR/2016/GVR_financial_statements_2016_consolidated/GVR_financial_statements_2016_consolidated_extracted.txt,313925,264732,313925,74,76,239,262007
GVR,2016,GVR_financial_statements_2016_separate,separate,data/data/ViFinQA/financial_statements/GVR/2016/GVR_financial_statements_2016_separate/GVR_financial_statements_2016_separate_extracted.txt,238157,210490,238157,64,78,2373,208909
GVR,2017,GVR_financial_statements_2017_consolidated,consolidated,data/data/ViFinQA/financial_statements/GVR/2017/GVR_financial_statements_2017_consolidated/GVR_financial_statements_2017_consolidated_extracted.txt,283741,241355,283741,72,101,2592,236717
GVR,2017,GVR_financial_statements_2017_separate,separate,data/data/ViFinQA/financial_statements/GVR/2017/GVR_financial_statements_2017_separate/GVR_financial_statements_2017_separate_extracted.txt,29727,25526,29727,12,9,1101,22287
GVR,2018,GVR_financial_statements_2018_consolidated,consolidated,data/data/ViFinQA/financial_statements/GVR/2018/GVR_financial_statements_2018_consolidated/GVR_financial_statements_2018_consolidated_extracted.txt,295076,250991,295076,69,94,323,245779
GVR,2018,GVR_financial_statements_2018_separate,separate,data/data/ViFinQA/financial_statements/GVR/2018/GVR_financial_statements_2018_separate/GVR_financial_statements_2018_separate_extracted.txt,214578,188798,214578,59,78,324,187624
GVR,2019,GVR_financial_statements_2019_consolidated,consolidated,data/data/ViFinQA/financial_statements/GVR/2019/GVR_financial_statements_2019_consolidated/GVR_financial_statements_2019_consolidated_extracted.txt,334151,281803,334151,74,97,3401,280552
GVR,2019,GVR_financial_statements_2019_separate,separate,data/data/ViFinQA/financial_statements/GVR/2019/GVR_financial_statements_2019_separate/GVR_financial_statements_2019_separate_extracted.txt,214050,188760,214050,58,72,2189,187730
GVR,2020,GVR_financial_statements_2020_consolidated,consolidated,data/data/ViFinQA/financial_statements/GVR/2020/GVR_financial_statements_2020_consolidated/GVR_financial_statements_2020_consolidated_extracted.txt,292189,248718,292189,70,92,413,247993
GVR,2020,GVR_financial_statements_2020_separate,separate,data/data/ViFinQA/financial_statements/GVR/2020/GVR_financial_statements_2020_separate/GVR_financial_statements_2020_separate_extracted.txt,214002,188906,214002,61,77,2189,187136
GVR,2021,GVR_financial_statements_2021_consolidated,consolidated,data/data/ViFinQA/financial_statements/GVR/2021/GVR_financial_statements_2021_consolidated/GVR_financial_statements_2021_consolidated_extracted.txt,282568,237881,282568,71,95,3231,235812
GVR,2022,GVR_financial_statements_2022_consolidated,consolidated,data/data/ViFinQA/financial_statements/GVR/2022/GVR_financial_statements_2022_consolidated/GVR_financial_statements_2022_consolidated_extracted.txt,363848,304750,363848,73,97,421,301622
GVR,2022,GVR_financial_statements_2022_separate,separate,data/data/ViFinQA/financial_statements/GVR/2022/GVR_financial_statements_2022_separate/GVR_financial_statements_2022_separate_extracted.txt,210566,185369,210566,58,79,320,182619
GVR,2023,GVR_financial_statements_2023_consolidated,consolidated,data/data/ViFinQA/financial_statements/GVR/2023/GVR_financial_statements_2023_consolidated/GVR_financial_statements_2023_consolidated_extracted.txt,281027,240335,281027,76,105,3090,238587
GVR,2023,GVR_financial_statements_2023_separate,separate,data/data/ViFinQA/financial_statements/GVR/2023/GVR_financial_statements_2023_separate/GVR_financial_statements_2023_separate_extracted.txt,218595,193969,218595,58,67,320,192054
GVR,2024,GVR_financial_statements_2024_consolidated,consolidated,data/data/ViFinQA/financial_statements/GVR/2024/GVR_financial_statements_2024_consolidated/GVR_financial_statements_2024_consolidated_extracted.txt,514564,466417,514564,154,168,2488,462354
GVR,2024,GVR_financial_statements_2024_separate,separate,data/data/ViFinQA/financial_statements/GVR/2024/GVR_financial_statements_2024_separate/GVR_financial_statements_2024_separate_extracted.txt,388703,363595,388703,112,155,3509,360817
GVR,2025,GVR_financial_statements_2025_consolidated,consolidated,data/data/ViFinQA/financial_statements/GVR/2025/GVR_financial_statements_2025_consolidated/GVR_financial_statements_2025_consolidated_extracted.txt,648065,595481,648065,204,245,2265,593668
GVR,2025,GVR_financial_statements_2025_separate,separate,data/data/ViFinQA/financial_statements/GVR/2025/GVR_financial_statements_2025_separate/GVR_financial_statements_2025_separate_extracted.txt,384014,358802,384014,114,155,1840,357423
HAG,2015,HAG_financial_statements_2015_consolidated,consolidated,data/data/ViFinQA/financial_statements/HAG/2015/HAG_financial_statements_2015_consolidated/HAG_financial_statements_2015_consolidated_extracted.txt,319602,267105,319602,94,97,2474,261076
HAG,2015,HAG_financial_statements_2015_separate,separate,data/data/ViFinQA/financial_statements/HAG/2015/HAG_financial_statements_2015_separate/HAG_financial_statements_2015_separate_extracted.txt,219232,183285,219232,69,75,2212,180125
HAG,2016,HAG_financial_statements_2016_consolidated,consolidated,data/data/ViFinQA/financial_statements/HAG/2016/HAG_financial_statements_2016_consolidated/HAG_financial_statements_2016_consolidated_extracted.txt,286061,241020,286061,95,109,172,236060
HAG,2016,HAG_financial_statements_2016_separate,separate,data/data/ViFinQA/financial_statements/HAG/2016/HAG_financial_statements_2016_separate/HAG_financial_statements_2016_separate_extracted.txt,181005,153559,181005,62,69,173,152199
HAG,2017,HAG_financial_statements_2017_consolidated,consolidated,data/data/ViFinQA/financial_statements/HAG/2017/HAG_financial_statements_2017_consolidated/HAG_financial_statements_2017_consolidated_extracted.txt,306599,259166,306599,103,127,172,254439
HAG,2017,HAG_financial_statements_2017_separate,separate,data/data/ViFinQA/financial_statements/HAG/2017/HAG_financial_statements_2017_separate/HAG_financial_statements_2017_separate_extracted.txt,191404,161440,191404,64,87,173,158603
HAG,2018,HAG_financial_statements_2018_consolidated,consolidated,data/data/ViFinQA/financial_statements/HAG/2018/HAG_financial_statements_2018_consolidated/HAG_financial_statements_2018_consolidated_extracted.txt,369235,306041,369235,99,104,617,304689
HAG,2018,HAG_financial_statements_2018_separate,separate,data/data/ViFinQA/financial_statements/HAG/2018/HAG_financial_statements_2018_separate/HAG_financial_statements_2018_separate_extracted.txt,192738,163583,192738,68,77,639,161059
HAG,2019,HAG_financial_statements_2019_consolidated,consolidated,data/data/ViFinQA/financial_statements/HAG/2019/HAG_financial_statements_2019_consolidated/HAG_financial_statements_2019_consolidated_extracted.txt,285438,239730,285438,87,89,236,236858
HAG,2019,HAG_financial_statements_2019_separate,separate,data/data/ViFinQA/financial_statements/HAG/2019/HAG_financial_statements_2019_separate/HAG_financial_statements_2019_separate_extracted.txt,175537,148263,175537,60,70,200,147605
HAG,2020,HAG_financial_statements_2020_consolidated,consolidated,data/data/ViFinQA/financial_statements/HAG/2020/HAG_financial_statements_2020_consolidated/HAG_financial_statements_2020_consolidated_extracted.txt,275960,231172,275960,90,114,704,228294
HAG,2020,HAG_financial_statements_2020_separate,separate,data/data/ViFinQA/financial_statements/HAG/2020/HAG_financial_statements_2020_separate/HAG_financial_statements_2020_separate_extracted.txt,177919,149767,177919,61,85,713,146684
HAG,2021,HAG_financial_statements_2021_consolidated,consolidated,data/data/ViFinQA/financial_statements/HAG/2021/HAG_financial_statements_2021_consolidated/HAG_financial_statements_2021_consolidated_extracted.txt,219694,185538,219694,80,97,695,181604
HAG,2021,HAG_financial_statements_2021_separate,separate,data/data/ViFinQA/financial_statements/HAG/2021/HAG_financial_statements_2021_separate/HAG_financial_statements_2021_separate_extracted.txt,156685,132478,156685,59,77,717,129935
HAG,2022,HAG_financial_statements_2022_consolidated,consolidated,data/data/ViFinQA/financial_statements/HAG/2022/HAG_financial_statements_2022_consolidated/HAG_financial_statements_2022_consolidated_extracted.txt,231715,195811,231715,86,110,716,192917
HAG,2022,HAG_financial_statements_2022_separate,separate,data/data/ViFinQA/financial_statements/HAG/2022/HAG_financial_statements_2022_separate/HAG_financial_statements_2022_separate_extracted.txt,164832,139672,164832,61,82,674,138070
HAG,2023,HAG_financial_statements_2023_consolidated,consolidated,data/data/ViFinQA/financial_statements/HAG/2023/HAG_financial_statements_2023_consolidated/HAG_financial_statements_2023_consolidated_extracted.txt,234220,196344,234220,84,102,687,193509
HAG,2023,HAG_financial_statements_2023_separate,separate,data/data/ViFinQA/financial_statements/HAG/2023/HAG_financial_statements_2023_separate/HAG_financial_statements_2023_separate_extracted.txt,156172,131654,156172,57,73,671,130057
HAG,2024,HAG_financial_statements_2024_consolidated,consolidated,data/data/ViFinQA/financial_statements/HAG/2024/HAG_financial_statements_2024_consolidated/HAG_financial_statements_2024_consolidated_extracted.txt,206873,173050,206873,78,77,706,169348
HAG,2024,HAG_financial_statements_2024_separate,separate,data/data/ViFinQA/financial_statements/HAG/2024/HAG_financial_statements_2024_separate/HAG_financial_statements_2024_separate_extracted.txt,146919,123637,146919,52,83,654,121363
HAG,2025,HAG_financial_statements_2025_consolidated,consolidated,data/data/ViFinQA/financial_statements/HAG/2025/HAG_financial_statements_2025_consolidated/HAG_financial_statements_2025_consolidated_extracted.txt,210956,176666,210956,77,80,516,173289
HAG,2025,HAG_financial_statements_2025_separate,separate,data/data/ViFinQA/financial_statements/HAG/2025/HAG_financial_statements_2025_separate/HAG_financial_statements_2025_separate_extracted.txt,147974,124012,147974,53,65,519,122164
HBC,2015,HBC_financial_statements_2015_consolidated,consolidated,data/data/ViFinQA/financial_statements/HBC/2015/HBC_financial_statements_2015_consolidated/HBC_financial_statements_2015_consolidated_extracted.txt,163740,139317,163740,53,78,936,138343
HBC,2015,HBC_financial_statements_2015_separate,separate,data/data/ViFinQA/financial_statements/HBC/2015/HBC_financial_statements_2015_separate/HBC_financial_statements_2015_separate_extracted.txt,145399,124173,145399,51,80,211,123488
HBC,2016,HBC_financial_statements_2016_consolidated,consolidated,data/data/ViFinQA/financial_statements/HBC/2016/HBC_financial_statements_2016_consolidated/HBC_financial_statements_2016_consolidated_extracted.txt,183897,154641,183897,58,90,214,150993
HBC,2016,HBC_financial_statements_2016_separate,separate,data/data/ViFinQA/financial_statements/HBC/2016/HBC_financial_statements_2016_separate/HBC_financial_statements_2016_separate_extracted.txt,142156,121312,142156,50,78,1539,120665
HBC,2017,HBC_financial_statements_2017_consolidated,consolidated,data/data/ViFinQA/financial_statements/HBC/2017/HBC_financial_statements_2017_consolidated/HBC_financial_statements_2017_consolidated_extracted.txt,183770,155477,183770,62,88,190,152100
HBC,2017,HBC_financial_statements_2017_separate,separate,data/data/ViFinQA/financial_statements/HBC/2017/HBC_financial_statements_2017_separate/HBC_financial_statements_2017_separate_extracted.txt,149154,126745,149154,52,79,187,126274
HBC,2018,HBC_financial_statements_2018_consolidated,consolidated,data/data/ViFinQA/financial_statements/HBC/2018/HBC_financial_statements_2018_consolidated/HBC_financial_statements_2018_consolidated_extracted.txt,195287,166102,195287,65,94,217,162469
HBC,2018,HBC_financial_statements_2018_separate,separate,data/data/ViFinQA/financial_statements/HBC/2018/HBC_financial_statements_2018_separate/HBC_financial_statements_2018_separate_extracted.txt,155970,132807,155970,53,89,2020,132328
HBC,2019,HBC_financial_statements_2019_consolidated,consolidated,data/data/ViFinQA/financial_statements/HBC/2019/HBC_financial_statements_2019_consolidated/HBC_financial_statements_2019_consolidated_extracted.txt,195297,164807,195297,68,109,1901,161302
HBC,2019,HBC_financial_statements_2019_separate,separate,data/data/ViFinQA/financial_statements/HBC/2019/HBC_financial_statements_2019_separate/HBC_financial_statements_2019_separate_extracted.txt,151286,128857,151286,56,79,214,128341
HBC,2020,HBC_financial_statements_2020_consolidated,consolidated,data/data/ViFinQA/financial_statements/HBC/2020/HBC_financial_statements_2020_consolidated/HBC_financial_statements_2020_consolidated_extracted.txt,204853,173135,204853,73,91,1845,169722
HBC,2020,HBC_financial_statements_2020_separate,separate,data/data/ViFinQA/financial_statements/HBC/2020/HBC_financial_statements_2020_separate/HBC_financial_statements_2020_separate_extracted.txt,147164,125368,147164,54,74,251,124701
HBC,2021,HBC_financial_statements_2021_consolidated,consolidated,data/data/ViFinQA/financial_statements/HBC/2021/HBC_financial_statements_2021_consolidated/HBC_financial_statements_2021_consolidated_extracted.txt,211066,176001,211066,70,79,1874,172027
HBC,2021,HBC_financial_statements_2021_separate,separate,data/data/ViFinQA/financial_statements/HBC/2021/HBC_financial_statements_2021_separate/HBC_financial_statements_2021_separate_extracted.txt,153871,130470,153871,57,70,251,127985
HBC,2022,HBC_financial_statements_2022_consolidated,consolidated,data/data/ViFinQA/financial_statements/HBC/2022/HBC_financial_statements_2022_consolidated/HBC_financial_statements_2022_consolidated_extracted.txt,265098,222233,265098,91,92,8392,213707
HBC,2022,HBC_financial_statements_2022_separate,separate,data/data/ViFinQA/financial_statements/HBC/2022/HBC_financial_statements_2022_separate/HBC_financial_statements_2022_separate_extracted.txt,197068,165480,197068,68,73,5308,160881
HBC,2023,HBC_financial_statements_2023_consolidated,consolidated,data/data/ViFinQA/financial_statements/HBC/2023/HBC_financial_statements_2023_consolidated/HBC_financial_statements_2023_consolidated_extracted.txt,237475,200340,237475,72,82,2569,197205
HBC,2023,HBC_financial_statements_2023_separate,separate,data/data/ViFinQA/financial_statements/HBC/2023/HBC_financial_statements_2023_separate/HBC_financial_statements_2023_separate_extracted.txt,257347,217343,257347,66,76,302,214082
HBC,2024,HBC_financial_statements_2024_consolidated,consolidated,data/data/ViFinQA/financial_statements/HBC/2024/HBC_financial_statements_2024_consolidated/HBC_financial_statements_2024_consolidated_extracted.txt,262376,219448,262376,76,75,321,215415
HBC,2024,HBC_financial_statements_2024_separate,separate,data/data/ViFinQA/financial_statements/HBC/2024/HBC_financial_statements_2024_separate/HBC_financial_statements_2024_separate_extracted.txt,321700,275460,321700,90,89,2992,272797
HBC,2025,HBC_financial_statements_2025_consolidated,consolidated,data/data/ViFinQA/financial_statements/HBC/2025/HBC_financial_statements_2025_consolidated/HBC_financial_statements_2025_consolidated_extracted.txt,208334,174633,208334,61,88,2910,173313
HBC,2025,HBC_financial_statements_2025_separate,separate,data/data/ViFinQA/financial_statements/HBC/2025/HBC_financial_statements_2025_separate/HBC_financial_statements_2025_separate_extracted.txt,224844,191681,224844,63,92,300,187452
HDB,2018,HDB_financial_statements_2018_consolidated,consolidated,data/data/ViFinQA/financial_statements/HDB/2018/HDB_financial_statements_2018_consolidated/HDB_financial_statements_2018_consolidated_extracted.txt,283118,233290,283118,83,118,241,232602
HDB,2018,HDB_financial_statements_2018_separate,separate,data/data/ViFinQA/financial_statements/HDB/2018/HDB_financial_statements_2018_separate/HDB_financial_statements_2018_separate_extracted.txt,264347,218596,264347,81,113,1974,217832
HDB,2019,HDB_financial_statements_2019_separate,separate,data/data/ViFinQA/financial_statements/HDB/2019/HDB_financial_statements_2019_separate/HDB_financial_statements_2019_separate_extracted.txt,322854,279089,322854,79,109,238,278401
HDB,2020,HDB_financial_statements_2020_consolidated,consolidated,data/data/ViFinQA/financial_statements/HDB/2020/HDB_financial_statements_2020_consolidated/HDB_financial_statements_2020_consolidated_extracted.txt,282311,233519,282311,82,106,2351,232764
HDB,2020,HDB_financial_statements_2020_separate,separate,data/data/ViFinQA/financial_statements/HDB/2020/HDB_financial_statements_2020_separate/HDB_financial_statements_2020_separate_extracted.txt,256724,212270,256724,80,106,238,211509
HDB,2021,HDB_financial_statements_2021_consolidated,consolidated,data/data/ViFinQA/financial_statements/HDB/2021/HDB_financial_statements_2021_consolidated/HDB_financial_statements_2021_consolidated_extracted.txt,295538,243159,295538,88,112,241,239762
HDB,2021,HDB_financial_statements_2021_separate,separate,data/data/ViFinQA/financial_statements/HDB/2021/HDB_financial_statements_2021_separate/HDB_financial_statements_2021_separate_extracted.txt,283255,233892,283255,88,112,238,230495
HDB,2022,HDB_financial_statements_2022_consolidated,consolidated,data/data/ViFinQA/financial_statements/HDB/2022/HDB_financial_statements_2022_consolidated/HDB_financial_statements_2022_consolidated_extracted.txt,254093,213450,254093,85,110,774,210918
HDB,2022,HDB_financial_statements_2022_separate_1,unknown,data/data/ViFinQA/financial_statements/HDB/2022/HDB_financial_statements_2022_separate_1/HDB_financial_statements_2022_separate_1_extracted.txt,246438,207329,246438,83,109,740,204797
HDB,2022,HDB_financial_statements_2022_separate_2,unknown,data/data/ViFinQA/financial_statements/HDB/2022/HDB_financial_statements_2022_separate_2/HDB_financial_statements_2022_separate_2_extracted.txt,246480,207365,246480,83,109,740,204833
HDB,2023,HDB_financial_statements_2023_consolidated_1,unknown,data/data/ViFinQA/financial_statements/HDB/2023/HDB_financial_statements_2023_consolidated_1/HDB_financial_statements_2023_consolidated_1_extracted.txt,169977,140527,169977,57,51,713,137428
HDB,2023,HDB_financial_statements_2023_consolidated_2,unknown,data/data/ViFinQA/financial_statements/HDB/2023/HDB_financial_statements_2023_consolidated_2/HDB_financial_statements_2023_consolidated_2_extracted.txt,270398,225801,270398,87,105,771,222631
HDB,2023,HDB_financial_statements_2023_separate_1,unknown,data/data/ViFinQA/financial_statements/HDB/2023/HDB_financial_statements_2023_separate_1/HDB_financial_statements_2023_separate_1_extracted.txt,162364,134637,162364,55,48,307,131536
HDB,2023,HDB_financial_statements_2023_separate_2,unknown,data/data/ViFinQA/financial_statements/HDB/2023/HDB_financial_statements_2023_separate_2/HDB_financial_statements_2023_separate_2_extracted.txt,260132,218072,260132,84,106,774,214902
HDB,2024,HDB_financial_statements_2024_consolidated,consolidated,data/data/ViFinQA/financial_statements/HDB/2024/HDB_financial_statements_2024_consolidated/HDB_financial_statements_2024_consolidated_extracted.txt,313480,268103,313480,89,110,771,265258
HDB,2024,HDB_financial_statements_2024_separate,separate,data/data/ViFinQA/financial_statements/HDB/2024/HDB_financial_statements_2024_separate/HDB_financial_statements_2024_separate_extracted.txt,270638,227312,270638,85,107,739,224396
HDB,2025,HDB_financial_statements_2025_consolidated,consolidated,data/data/ViFinQA/financial_statements/HDB/2025/HDB_financial_statements_2025_consolidated/HDB_financial_statements_2025_consolidated_extracted.txt,258082,215750,258082,71,106,604,212310
HDB,2025,HDB_financial_statements_2025_separate,separate,data/data/ViFinQA/financial_statements/HDB/2025/HDB_financial_statements_2025_separate/HDB_financial_statements_2025_separate_extracted.txt,242560,203142,242560,66,101,601,199701
HDG,2015,HDG_financial_statements_2015_consolidated,consolidated,data/data/ViFinQA/financial_statements/HDG/2015/HDG_financial_statements_2015_consolidated/HDG_financial_statements_2015_consolidated_extracted.txt,145411,122842,145411,54,58,702,121897
HDG,2015,HDG_financial_statements_2015_separate,separate,data/data/ViFinQA/financial_statements/HDG/2015/HDG_financial_statements_2015_separate/HDG_financial_statements_2015_separate_extracted.txt,118074,100754,118074,46,51,689,99843
HDG,2016,HDG_financial_statements_2016_consolidated,consolidated,data/data/ViFinQA/financial_statements/HDG/2016/HDG_financial_statements_2016_consolidated/HDG_financial_statements_2016_consolidated_extracted.txt,161652,137279,161652,59,69,759,136593
HDG,2016,HDG_financial_statements_2016_separate,separate,data/data/ViFinQA/financial_statements/HDG/2016/HDG_financial_statements_2016_separate/HDG_financial_statements_2016_separate_extracted.txt,115761,98721,115761,45,52,746,98233
HDG,2017,HDG_financial_statements_2017_consolidated,consolidated,data/data/ViFinQA/financial_statements/HDG/2017/HDG_financial_statements_2017_consolidated/HDG_financial_statements_2017_consolidated_extracted.txt,151162,129162,151162,59,64,7158,127932
HDG,2017,HDG_financial_statements_2017_separate,separate,data/data/ViFinQA/financial_statements/HDG/2017/HDG_financial_statements_2017_separate/HDG_financial_statements_2017_separate_extracted.txt,119838,102486,119838,46,52,732,99364
HDG,2018,HDG_financial_statements_2018_consolidated,consolidated,data/data/ViFinQA/financial_statements/HDG/2018/HDG_financial_statements_2018_consolidated/HDG_financial_statements_2018_consolidated_extracted.txt,192734,162953,192734,69,71,740,160231
HDG,2018,HDG_financial_statements_2018_separate,separate,data/data/ViFinQA/financial_statements/HDG/2018/HDG_financial_statements_2018_separate/HDG_financial_statements_2018_separate_extracted.txt,146195,124943,146195,56,62,736,123790
HDG,2019,HDG_financial_statements_2019_consolidated,consolidated,data/data/ViFinQA/financial_statements/HDG/2019/HDG_financial_statements_2019_consolidated/HDG_financial_statements_2019_consolidated_extracted.txt,215567,181936,215567,80,76,787,176455
HDG,2019,HDG_financial_statements_2019_separate,separate,data/data/ViFinQA/financial_statements/HDG/2019/HDG_financial_statements_2019_separate/HDG_financial_statements_2019_separate_extracted.txt,155365,131641,155365,56,54,814,126510
HDG,2020,HDG_financial_statements_2020_consolidated,consolidated,data/data/ViFinQA/financial_statements/HDG/2020/HDG_financial_statements_2020_consolidated/HDG_financial_statements_2020_consolidated_extracted.txt,258417,216805,258417,79,85,1823,212338
HDG,2020,HDG_financial_statements_2020_separate,separate,data/data/ViFinQA/financial_statements/HDG/2020/HDG_financial_statements_2020_separate/HDG_financial_statements_2020_separate_extracted.txt,216704,182858,216704,72,75,190,178624
HDG,2021,HDG_financial_statements_2021_consolidated,consolidated,data/data/ViFinQA/financial_statements/HDG/2021/HDG_financial_statements_2021_consolidated/HDG_financial_statements_2021_consolidated_extracted.txt,241993,201797,241993,81,77,363,196959
HDG,2021,HDG_financial_statements_2021_separate,separate,data/data/ViFinQA/financial_statements/HDG/2021/HDG_financial_statements_2021_separate/HDG_financial_statements_2021_separate_extracted.txt,222043,187590,222043,75,78,223,182815
HDG,2022,HDG_financial_statements_2022_consolidated,consolidated,data/data/ViFinQA/financial_statements/HDG/2022/HDG_financial_statements_2022_consolidated/HDG_financial_statements_2022_consolidated_extracted.txt,222135,184286,222135,74,66,359,179606
HDG,2022,HDG_financial_statements_2022_separate,separate,data/data/ViFinQA/financial_statements/HDG/2022/HDG_financial_statements_2022_separate/HDG_financial_statements_2022_separate_extracted.txt,208074,175989,208074,75,72,357,171193
HDG,2023,HDG_financial_statements_2023_consolidated,consolidated,data/data/ViFinQA/financial_statements/HDG/2023/HDG_financial_statements_2023_consolidated/HDG_financial_statements_2023_consolidated_extracted.txt,222123,184274,222123,74,66,359,179594
HDG,2023,HDG_financial_statements_2023_separate,separate,data/data/ViFinQA/financial_statements/HDG/2023/HDG_financial_statements_2023_separate/HDG_financial_statements_2023_separate_extracted.txt,200940,170100,200940,74,71,353,165761
HDG,2024,HDG_financial_statements_2024_consolidated,consolidated,data/data/ViFinQA/financial_statements/HDG/2024/HDG_financial_statements_2024_consolidated/HDG_financial_statements_2024_consolidated_extracted.txt,217379,181045,217379,72,69,2374,173768
HDG,2024,HDG_financial_statements_2024_separate,separate,data/data/ViFinQA/financial_statements/HDG/2024/HDG_financial_statements_2024_separate/HDG_financial_statements_2024_separate_extracted.txt,191474,161710,191474,67,70,224,159197
HDG,2025,HDG_financial_statements_2025_consolidated,consolidated,data/data/ViFinQA/financial_statements/HDG/2025/HDG_financial_statements_2025_consolidated/HDG_financial_statements_2025_consolidated_extracted.txt,220821,182415,220821,75,65,2497,174825
HDG,2025,HDG_financial_statements_2025_separate,separate,data/data/ViFinQA/financial_statements/HDG/2025/HDG_financial_statements_2025_separate/HDG_financial_statements_2025_separate_extracted.txt,196717,165919,196717,70,68,10035,162919
HHS,2015,HHS_financial_statements_2015_consolidated,consolidated,data/data/ViFinQA/financial_statements/HHS/2015/HHS_financial_statements_2015_consolidated/HHS_financial_statements_2015_consolidated_extracted.txt,116044,92795,116044,31,40,551,91255
HHS,2015,HHS_financial_statements_2015_separate,separate,data/data/ViFinQA/financial_statements/HHS/2015/HHS_financial_statements_2015_separate/HHS_financial_statements_2015_separate_extracted.txt,109262,88908,109262,32,39,542,87728
HHS,2016,HHS_financial_statements_2016_consolidated,consolidated,data/data/ViFinQA/financial_statements/HHS/2016/HHS_financial_statements_2016_consolidated/HHS_financial_statements_2016_consolidated_extracted.txt,98867,81707,98867,29,39,334,80792
HHS,2016,HHS_financial_statements_2016_separate,separate,data/data/ViFinQA/financial_statements/HHS/2016/HHS_financial_statements_2016_separate/HHS_financial_statements_2016_separate_extracted.txt,94749,78305,94749,30,39,388,76941
HHS,2017,HHS_financial_statements_2017_consolidated,consolidated,data/data/ViFinQA/financial_statements/HHS/2017/HHS_financial_statements_2017_consolidated/HHS_financial_statements_2017_consolidated_extracted.txt,126420,101316,126420,33,41,541,99950
HHS,2017,HHS_financial_statements_2017_separate,separate,data/data/ViFinQA/financial_statements/HHS/2017/HHS_financial_statements_2017_separate/HHS_financial_statements_2017_separate_extracted.txt,110047,88780,110047,31,37,502,86963
HHS,2018,HHS_financial_statements_2018_consolidated,consolidated,data/data/ViFinQA/financial_statements/HHS/2018/HHS_financial_statements_2018_consolidated/HHS_financial_statements_2018_consolidated_extracted.txt,116074,94915,116074,30,40,525,93235
HHS,2018,HHS_financial_statements_2018_separate,separate,data/data/ViFinQA/financial_statements/HHS/2018/HHS_financial_statements_2018_separate/HHS_financial_statements_2018_separate_extracted.txt,101476,82667,101476,28,38,394,80994
HHS,2019,HHS_financial_statements_2019_consolidated,consolidated,data/data/ViFinQA/financial_statements/HHS/2019/HHS_financial_statements_2019_consolidated/HHS_financial_statements_2019_consolidated_extracted.txt,126390,103293,126390,34,45,451,102102
HHS,2019,HHS_financial_statements_2019_separate,separate,data/data/ViFinQA/financial_statements/HHS/2019/HHS_financial_statements_2019_separate/HHS_financial_statements_2019_separate_extracted.txt,106348,86369,106348,31,38,476,85526
HHS,2020,HHS_financial_statements_2020_consolidated,consolidated,data/data/ViFinQA/financial_statements/HHS/2020/HHS_financial_statements_2020_consolidated/HHS_financial_statements_2020_consolidated_extracted.txt,136087,108754,136087,35,46,532,107699
HHS,2020,HHS_financial_statements_2020_separate,separate,data/data/ViFinQA/financial_statements/HHS/2020/HHS_financial_statements_2020_separate/HHS_financial_statements_2020_separate_extracted.txt,132781,105797,132781,36,43,484,104718
HHS,2021,HHS_financial_statements_2021_consolidated,consolidated,data/data/ViFinQA/financial_statements/HHS/2021/HHS_financial_statements_2021_consolidated/HHS_financial_statements_2021_consolidated_extracted.txt,157847,127906,157847,39,54,341,125097
HHS,2021,HHS_financial_statements_2021_separate,separate,data/data/ViFinQA/financial_statements/HHS/2021/HHS_financial_statements_2021_separate/HHS_financial_statements_2021_separate_extracted.txt,121215,99059,121215,33,44,537,97585
HHS,2022,HHS_financial_statements_2022_consolidated,consolidated,data/data/ViFinQA/financial_statements/HHS/2022/HHS_financial_statements_2022_consolidated/HHS_financial_statements_2022_consolidated_extracted.txt,135865,112530,135865,42,51,329,110432
HHS,2022,HHS_financial_statements_2022_separate,separate,data/data/ViFinQA/financial_statements/HHS/2022/HHS_financial_statements_2022_separate/HHS_financial_statements_2022_separate_extracted.txt,105247,87631,105247,35,45,316,86228
HHS,2023,HHS_financial_statements_2023_consolidated,consolidated,data/data/ViFinQA/financial_statements/HHS/2023/HHS_financial_statements_2023_consolidated/HHS_financial_statements_2023_consolidated_extracted.txt,141185,116211,141185,43,51,290,113989
HHS,2023,HHS_financial_statements_2023_separate,separate,data/data/ViFinQA/financial_statements/HHS/2023/HHS_financial_statements_2023_separate/HHS_financial_statements_2023_separate_extracted.txt,106467,88779,106467,37,44,287,86463
HHS,2024,HHS_financial_statements_2024_consolidated,consolidated,data/data/ViFinQA/financial_statements/HHS/2024/HHS_financial_statements_2024_consolidated/HHS_financial_statements_2024_consolidated_extracted.txt,265487,240126,265487,84,105,307,237663
HHS,2024,HHS_financial_statements_2024_separate,separate,data/data/ViFinQA/financial_statements/HHS/2024/HHS_financial_statements_2024_separate/HHS_financial_statements_2024_separate_extracted.txt,196948,178200,196948,69,92,343,177475
HHS,2025,HHS_financial_statements_2025_consolidated,consolidated,data/data/ViFinQA/financial_statements/HHS/2025/HHS_financial_statements_2025_consolidated/HHS_financial_statements_2025_consolidated_extracted.txt,311662,281499,311662,107,118,301,278502
HHS,2025,HHS_financial_statements_2025_separate,separate,data/data/ViFinQA/financial_statements/HHS/2025/HHS_financial_statements_2025_separate/HHS_financial_statements_2025_separate_extracted.txt,207700,188708,207700,79,90,298,186448
HHV,2019,HHV_financial_statements_2019_consolidated,consolidated,data/data/ViFinQA/financial_statements/HHV/2019/HHV_financial_statements_2019_consolidated/HHV_financial_statements_2019_consolidated_extracted.txt,254704,212002,254704,70,79,2206,208819
HHV,2019,HHV_financial_statements_2019_separate,separate,data/data/ViFinQA/financial_statements/HHV/2019/HHV_financial_statements_2019_separate/HHV_financial_statements_2019_separate_extracted.txt,182311,153611,182311,55,58,2287,152592
HHV,2020,HHV_financial_statements_2020_consolidated,consolidated,data/data/ViFinQA/financial_statements/HHV/2020/HHV_financial_statements_2020_consolidated/HHV_financial_statements_2020_consolidated_extracted.txt,252969,211724,252969,66,73,1695,207548
HHV,2020,HHV_financial_statements_2020_separate,separate,data/data/ViFinQA/financial_statements/HHV/2020/HHV_financial_statements_2020_separate/HHV_financial_statements_2020_separate_extracted.txt,186364,157459,186364,55,62,1725,155457
HHV,2021,HHV_financial_statements_2021_consolidated,consolidated,data/data/ViFinQA/financial_statements/HHV/2021/HHV_financial_statements_2021_consolidated/HHV_financial_statements_2021_consolidated_extracted.txt,275286,231979,275286,79,82,2320,230779
HHV,2021,HHV_financial_statements_2021_separate,separate,data/data/ViFinQA/financial_statements/HHV/2021/HHV_financial_statements_2021_separate/HHV_financial_statements_2021_separate_extracted.txt,234424,198525,234424,66,75,2351,197343
HHV,2022,HHV_financial_statements_2022_consolidated,consolidated,data/data/ViFinQA/financial_statements/HHV/2022/HHV_financial_statements_2022_consolidated/HHV_financial_statements_2022_consolidated_extracted.txt,279073,234475,279073,97,97,5391,232968
HHV,2022,HHV_financial_statements_2022_separate,separate,data/data/ViFinQA/financial_statements/HHV/2022/HHV_financial_statements_2022_separate/HHV_financial_statements_2022_separate_extracted.txt,224987,188820,224987,86,87,5427,187679
HHV,2023,HHV_financial_statements_2023_consolidated,consolidated,data/data/ViFinQA/financial_statements/HHV/2023/HHV_financial_statements_2023_consolidated/HHV_financial_statements_2023_consolidated_extracted.txt,293091,245718,293091,102,101,9978,244800
HHV,2023,HHV_financial_statements_2023_separate,separate,data/data/ViFinQA/financial_statements/HHV/2023/HHV_financial_statements_2023_separate/HHV_financial_statements_2023_separate_extracted.txt,247180,207966,247180,91,89,9819,206517
HHV,2024,HHV_financial_statements_2024_consolidated,consolidated,data/data/ViFinQA/financial_statements/HHV/2024/HHV_financial_statements_2024_consolidated/HHV_financial_statements_2024_consolidated_extracted.txt,311689,259768,311689,104,98,9126,258327
HHV,2024,HHV_financial_statements_2024_separate,separate,data/data/ViFinQA/financial_statements/HHV/2024/HHV_financial_statements_2024_separate/HHV_financial_statements_2024_separate_extracted.txt,255098,212680,255098,91,89,8898,211535
HHV,2025,HHV_financial_statements_2025_consolidated,consolidated,data/data/ViFinQA/financial_statements/HHV/2025/HHV_financial_statements_2025_consolidated/HHV_financial_statements_2025_consolidated_extracted.txt,312090,260469,312090,108,96,9032,258828
HHV,2025,HHV_financial_statements_2025_separate,separate,data/data/ViFinQA/financial_statements/HHV/2025/HHV_financial_statements_2025_separate/HHV_financial_statements_2025_separate_extracted.txt,264319,221215,264319,94,96,9274,219612
HND,2016,HND_financial_statements_2016,unknown,data/data/ViFinQA/financial_statements/HND/2016/HND_financial_statements_2016/HND_financial_statements_2016_extracted.txt,107495,89338,107495,41,40,233,88886
HND,2017,HND_financial_statements_2017,unknown,data/data/ViFinQA/financial_statements/HND/2017/HND_financial_statements_2017/HND_financial_statements_2017_extracted.txt,114658,95695,114658,43,47,220,95083
HND,2018,HND_financial_statements_2018,unknown,data/data/ViFinQA/financial_statements/HND/2018/HND_financial_statements_2018/HND_financial_statements_2018_extracted.txt,112870,94204,112870,43,42,216,93511
HND,2019,HND_financial_statements_2019,unknown,data/data/ViFinQA/financial_statements/HND/2019/HND_financial_statements_2019/HND_financial_statements_2019_extracted.txt,110170,92024,110170,43,41,9300,91463
HND,2020,HND_financial_statements_2020,unknown,data/data/ViFinQA/financial_statements/HND/2020/HND_financial_statements_2020/HND_financial_statements_2020_extracted.txt,116321,98751,116321,43,44,3531,90681
HND,2021,HND_financial_statements_2021,unknown,data/data/ViFinQA/financial_statements/HND/2021/HND_financial_statements_2021/HND_financial_statements_2021_extracted.txt,108743,91462,108743,44,46,3643,90915
HND,2022,HND_financial_statements_2022,unknown,data/data/ViFinQA/financial_statements/HND/2022/HND_financial_statements_2022/HND_financial_statements_2022_extracted.txt,109394,92182,109394,43,52,3827,91469
HND,2023,HND_financial_statements_2023,unknown,data/data/ViFinQA/financial_statements/HND/2023/HND_financial_statements_2023/HND_financial_statements_2023_extracted.txt,107889,91037,107889,37,45,5115,87252
HND,2024,HND_financial_statements_2024,unknown,data/data/ViFinQA/financial_statements/HND/2024/HND_financial_statements_2024/HND_financial_statements_2024_extracted.txt,132355,116133,132355,37,48,4354,112874
HND,2025,HND_financial_statements_2025,unknown,data/data/ViFinQA/financial_statements/HND/2025/HND_financial_statements_2025/HND_financial_statements_2025_extracted.txt,101679,85704,101679,35,43,5367,82162
HNG,2015,HNG_financial_statements_2015_consolidated,consolidated,data/data/ViFinQA/financial_statements/HNG/2015/HNG_financial_statements_2015_consolidated/HNG_financial_statements_2015_consolidated_extracted.txt,222054,187320,222054,68,91,269,183581
HNG,2015,HNG_financial_statements_2015_separate,separate,data/data/ViFinQA/financial_statements/HNG/2015/HNG_financial_statements_2015_separate/HNG_financial_statements_2015_separate_extracted.txt,120150,100757,120150,39,44,1918,98118
HNG,2016,HNG_financial_statements_2016_consolidated,consolidated,data/data/ViFinQA/financial_statements/HNG/2016/HNG_financial_statements_2016_consolidated/HNG_financial_statements_2016_consolidated_extracted.txt,223225,188741,223225,76,88,1745,187932
HNG,2016,HNG_financial_statements_2016_separate,separate,data/data/ViFinQA/financial_statements/HNG/2016/HNG_financial_statements_2016_separate/HNG_financial_statements_2016_separate_extracted.txt,114285,96767,114285,39,44,209,95261
HNG,2017,HNG_financial_statements_2017_separate,separate,data/data/ViFinQA/financial_statements/HNG/2017/HNG_financial_statements_2017_separate/HNG_financial_statements_2017_separate_extracted.txt,142857,119636,142857,46,65,209,116866
HNG,2018,HNG_financial_statements_2018_consolidated,consolidated,data/data/ViFinQA/financial_statements/HNG/2018/HNG_financial_statements_2018_consolidated/HNG_financial_statements_2018_consolidated_extracted.txt,233842,197580,233842,78,87,656,195003
HNG,2018,HNG_financial_statements_2018_separate,separate,data/data/ViFinQA/financial_statements/HNG/2018/HNG_financial_statements_2018_separate/HNG_financial_statements_2018_separate_extracted.txt,157995,133904,157995,58,67,787,130307
HNG,2019,HNG_financial_statements_2019_consolidated,consolidated,data/data/ViFinQA/financial_statements/HNG/2019/HNG_financial_statements_2019_consolidated/HNG_financial_statements_2019_consolidated_extracted.txt,208248,175872,208248,70,80,239,172277
HNG,2019,HNG_financial_statements_2019_separate,separate,data/data/ViFinQA/financial_statements/HNG/2019/HNG_financial_statements_2019_separate/HNG_financial_statements_2019_separate_extracted.txt,208307,175932,208307,70,80,239,172337
HNG,2020,HNG_financial_statements_2020_consolidated,consolidated,data/data/ViFinQA/financial_statements/HNG/2020/HNG_financial_statements_2020_consolidated/HNG_financial_statements_2020_consolidated_extracted.txt,206682,174112,206682,67,76,1044,170473
HNG,2020,HNG_financial_statements_2020_separate,separate,data/data/ViFinQA/financial_statements/HNG/2020/HNG_financial_statements_2020_separate/HNG_financial_statements_2020_separate_extracted.txt,149215,127866,149215,53,67,239,122640
HNG,2021,HNG_financial_statements_2021_consolidated,consolidated,data/data/ViFinQA/financial_statements/HNG/2021/HNG_financial_statements_2021_consolidated/HNG_financial_statements_2021_consolidated_extracted.txt,205243,171003,205243,64,75,995,168896
HNG,2021,HNG_financial_statements_2021_separate,separate,data/data/ViFinQA/financial_statements/HNG/2021/HNG_financial_statements_2021_separate/HNG_financial_statements_2021_separate_extracted.txt,139804,119479,139804,51,63,995,114389
HNG,2022,HNG_financial_statements_2022_consolidated,consolidated,data/data/ViFinQA/financial_statements/HNG/2022/HNG_financial_statements_2022_consolidated/HNG_financial_statements_2022_consolidated_extracted.txt,174557,147346,174557,60,71,948,144904
HNG,2022,HNG_financial_statements_2022_separate,separate,data/data/ViFinQA/financial_statements/HNG/2022/HNG_financial_statements_2022_separate/HNG_financial_statements_2022_separate_extracted.txt,124373,105814,124373,44,74,948,103628
HNG,2023,HNG_financial_statements_2023_separate,separate,data/data/ViFinQA/financial_statements/HNG/2023/HNG_financial_statements_2023_separate/HNG_financial_statements_2023_separate_extracted.txt,115891,97699,115891,43,57,939,94466
HNG,2024,HNG_financial_statements_2024_consolidated,consolidated,data/data/ViFinQA/financial_statements/HNG/2024/HNG_financial_statements_2024_consolidated/HNG_financial_statements_2024_consolidated_extracted.txt,160449,135186,160449,58,64,2927,133054
HNG,2024,HNG_financial_statements_2024_separate,separate,data/data/ViFinQA/financial_statements/HNG/2024/HNG_financial_statements_2024_separate/HNG_financial_statements_2024_separate_extracted.txt,112818,95446,112818,41,59,2768,93954
HNG,2025,HNG_financial_statements_2025_consolidated,consolidated,data/data/ViFinQA/financial_statements/HNG/2025/HNG_financial_statements_2025_consolidated/HNG_financial_statements_2025_consolidated_extracted.txt,160813,135455,160813,56,65,2882,133157
HNG,2025,HNG_financial_statements_2025_separate,separate,data/data/ViFinQA/financial_statements/HNG/2025/HNG_financial_statements_2025_separate/HNG_financial_statements_2025_separate_extracted.txt,114932,97256,114932,43,63,2723,96599
HPG,2015,HPG_financial_statements_2015_consolidated,consolidated,data/data/ViFinQA/financial_statements/HPG/2015/HPG_financial_statements_2015_consolidated/HPG_financial_statements_2015_consolidated_extracted.txt,214834,180899,214834,77,77,562,180234
HPG,2015,HPG_financial_statements_2015_separate,separate,data/data/ViFinQA/financial_statements/HPG/2015/HPG_financial_statements_2015_separate/HPG_financial_statements_2015_separate_extracted.txt,114715,96669,114715,40,42,494,95645
HPG,2016,HPG_financial_statements_2016_consolidated,consolidated,data/data/ViFinQA/financial_statements/HPG/2016/HPG_financial_statements_2016_consolidated/HPG_financial_statements_2016_consolidated_extracted.txt,205039,173708,205039,77,78,562,170660
HPG,2016,HPG_financial_statements_2016_separate,separate,data/data/ViFinQA/financial_statements/HPG/2016/HPG_financial_statements_2016_separate/HPG_financial_statements_2016_separate_extracted.txt,114049,96150,114049,41,43,494,93267
HPG,2017,HPG_financial_statements_2017_consolidated,consolidated,data/data/ViFinQA/financial_statements/HPG/2017/HPG_financial_statements_2017_consolidated/HPG_financial_statements_2017_consolidated_extracted.txt,199347,169159,199347,72,79,581,168229
HPG,2017,HPG_financial_statements_2017_separate,separate,data/data/ViFinQA/financial_statements/HPG/2017/HPG_financial_statements_2017_separate/HPG_financial_statements_2017_separate_extracted.txt,111659,94606,111659,41,44,494,93588
HPG,2018,HPG_financial_statements_2018_consolidated,consolidated,data/data/ViFinQA/financial_statements/HPG/2018/HPG_financial_statements_2018_consolidated/HPG_financial_statements_2018_consolidated_extracted.txt,196609,167131,196609,73,76,581,166437
HPG,2018,HPG_financial_statements_2018_separate,separate,data/data/ViFinQA/financial_statements/HPG/2018/HPG_financial_statements_2018_separate/HPG_financial_statements_2018_separate_extracted.txt,119920,101649,119920,48,48,494,101037
HPG,2019,HPG_financial_statements_2019_consolidated,consolidated,data/data/ViFinQA/financial_statements/HPG/2019/HPG_financial_statements_2019_consolidated/HPG_financial_statements_2019_consolidated_extracted.txt,198372,168065,198372,75,77,562,167322
HPG,2019,HPG_financial_statements_2019_separate,separate,data/data/ViFinQA/financial_statements/HPG/2019/HPG_financial_statements_2019_separate/HPG_financial_statements_2019_separate_extracted.txt,124105,105099,124105,50,47,494,104345
HPG,2020,HPG_financial_statements_2020_consolidated,consolidated,data/data/ViFinQA/financial_statements/HPG/2020/HPG_financial_statements_2020_consolidated/HPG_financial_statements_2020_consolidated_extracted.txt,213279,179185,213279,77,78,629,178370
HPG,2020,HPG_financial_statements_2020_separate,separate,data/data/ViFinQA/financial_statements/HPG/2020/HPG_financial_statements_2020_separate/HPG_financial_statements_2020_separate_extracted.txt,133584,113349,133584,53,54,494,111198
HPG,2021,HPG_financial_statements_2021_consolidated,consolidated,data/data/ViFinQA/financial_statements/HPG/2021/HPG_financial_statements_2021_consolidated/HPG_financial_statements_2021_consolidated_extracted.txt,221595,188321,221595,80,84,562,187879
HPG,2021,HPG_financial_statements_2021_separate,separate,data/data/ViFinQA/financial_statements/HPG/2021/HPG_financial_statements_2021_separate/HPG_financial_statements_2021_separate_extracted.txt,130073,110231,130073,51,53,494,109862
HPG,2022,HPG_financial_statements_2022_consolidated,consolidated,data/data/ViFinQA/financial_statements/HPG/2022/HPG_financial_statements_2022_consolidated/HPG_financial_statements_2022_consolidated_extracted.txt,121630,101342,121630,68,31,562,100595
HPG,2022,HPG_financial_statements_2022_separate,separate,data/data/ViFinQA/financial_statements/HPG/2022/HPG_financial_statements_2022_separate/HPG_financial_statements_2022_separate_extracted.txt,105905,91104,105905,44,46,494,90709
HPG,2023,HPG_financial_statements_2023_consolidated,consolidated,data/data/ViFinQA/financial_statements/HPG/2023/HPG_financial_statements_2023_consolidated/HPG_financial_statements_2023_consolidated_extracted.txt,185454,159123,185454,65,70,9084,158218
HPG,2023,HPG_financial_statements_2023_separate,separate,data/data/ViFinQA/financial_statements/HPG/2023/HPG_financial_statements_2023_separate/HPG_financial_statements_2023_separate_extracted.txt,99620,85701,99620,42,45,494,85221
HPG,2024,HPG_financial_statements_2024_consolidated,consolidated,data/data/ViFinQA/financial_statements/HPG/2024/HPG_financial_statements_2024_consolidated/HPG_financial_statements_2024_consolidated_extracted.txt,176867,150628,176867,67,74,562,149688
HPG,2024,HPG_financial_statements_2024_separate,separate,data/data/ViFinQA/financial_statements/HPG/2024/HPG_financial_statements_2024_separate/HPG_financial_statements_2024_separate_extracted.txt,96930,82989,96930,40,42,494,81886
HPG,2025,HPG_financial_statements_2025_consolidated,consolidated,data/data/ViFinQA/financial_statements/HPG/2025/HPG_financial_statements_2025_consolidated/HPG_financial_statements_2025_consolidated_extracted.txt,174637,147421,174637,53,62,1280,143693
HPG,2025,HPG_financial_statements_2025_separate,separate,data/data/ViFinQA/financial_statements/HPG/2025/HPG_financial_statements_2025_separate/HPG_financial_statements_2025_separate_extracted.txt,140819,114712,140819,41,49,1807,111543
HPX,2018,HPX_financial_statements_2018_consolidated,consolidated,data/data/ViFinQA/financial_statements/HPX/2018/HPX_financial_statements_2018_consolidated/HPX_financial_statements_2018_consolidated_extracted.txt,156842,132467,156842,45,41,1852,130076
HPX,2018,HPX_financial_statements_2018_separate,separate,data/data/ViFinQA/financial_statements/HPX/2018/HPX_financial_statements_2018_separate/HPX_financial_statements_2018_separate_extracted.txt,141867,120513,141867,43,41,3651,118597
HPX,2019,HPX_financial_statements_2019_consolidated,consolidated,data/data/ViFinQA/financial_statements/HPX/2019/HPX_financial_statements_2019_consolidated/HPX_financial_statements_2019_consolidated_extracted.txt,237918,193305,237918,75,73,1762,188194
HPX,2019,HPX_financial_statements_2019_separate,separate,data/data/ViFinQA/financial_statements/HPX/2019/HPX_financial_statements_2019_separate/HPX_financial_statements_2019_separate_extracted.txt,195248,161573,195248,62,63,192,146109
HPX,2020,HPX_financial_statements_2020_consolidated,consolidated,data/data/ViFinQA/financial_statements/HPX/2020/HPX_financial_statements_2020_consolidated/HPX_financial_statements_2020_consolidated_extracted.txt,248992,205735,248992,79,77,2958,201571
HPX,2020,HPX_financial_statements_2020_separate,separate,data/data/ViFinQA/financial_statements/HPX/2020/HPX_financial_statements_2020_separate/HPX_financial_statements_2020_separate_extracted.txt,209141,172822,209141,65,65,2958,167217
HPX,2021,HPX_financial_statements_2021_consolidated,consolidated,data/data/ViFinQA/financial_statements/HPX/2021/HPX_financial_statements_2021_consolidated/HPX_financial_statements_2021_consolidated_extracted.txt,243675,203947,243675,80,76,2181,200251
HPX,2021,HPX_financial_statements_2021_separate,separate,data/data/ViFinQA/financial_statements/HPX/2021/HPX_financial_statements_2021_separate/HPX_financial_statements_2021_separate_extracted.txt,196042,163938,196042,69,66,2181,160814
HPX,2022,HPX_financial_statements_2022_consolidated,consolidated,data/data/ViFinQA/financial_statements/HPX/2022/HPX_financial_statements_2022_consolidated/HPX_financial_statements_2022_consolidated_extracted.txt,197279,166779,197279,58,64,2357,165268
HPX,2022,HPX_financial_statements_2022_separate,separate,data/data/ViFinQA/financial_statements/HPX/2022/HPX_financial_statements_2022_separate/HPX_financial_statements_2022_separate_extracted.txt,182775,153240,182775,52,59,2448,150100
HPX,2023,HPX_financial_statements_2023_consolidated,consolidated,data/data/ViFinQA/financial_statements/HPX/2023/HPX_financial_statements_2023_consolidated/HPX_financial_statements_2023_consolidated_extracted.txt,177294,150377,177294,54,69,4505,147446
HPX,2023,HPX_financial_statements_2023_separate,separate,data/data/ViFinQA/financial_statements/HPX/2023/HPX_financial_statements_2023_separate/HPX_financial_statements_2023_separate_extracted.txt,161081,136944,161081,51,63,4472,135003
HPX,2024,HPX_financial_statements_2024_consolidated,consolidated,data/data/ViFinQA/financial_statements/HPX/2024/HPX_financial_statements_2024_consolidated/HPX_financial_statements_2024_consolidated_extracted.txt,184551,156454,184551,54,61,3482,154094
HPX,2024,HPX_financial_statements_2024_separate,separate,data/data/ViFinQA/financial_statements/HPX/2024/HPX_financial_statements_2024_separate/HPX_financial_statements_2024_separate_extracted.txt,162401,137868,162401,47,53,3461,136813
HPX,2025,HPX_financial_statements_2025_consolidated,consolidated,data/data/ViFinQA/financial_statements/HPX/2025/HPX_financial_statements_2025_consolidated/HPX_financial_statements_2025_consolidated_extracted.txt,175439,149295,175439,54,62,3433,147669
HPX,2025,HPX_financial_statements_2025_separate,separate,data/data/ViFinQA/financial_statements/HPX/2025/HPX_financial_statements_2025_separate/HPX_financial_statements_2025_separate_extracted.txt,158865,135771,158865,47,53,5505,134755
HSG,2015,HSG_financial_statements_2015_consolidated,consolidated,data/data/ViFinQA/financial_statements/HSG/2015/HSG_financial_statements_2015_consolidated/HSG_financial_statements_2015_consolidated_extracted.txt,147948,124099,147948,47,84,169,122694
HSG,2015,HSG_financial_statements_2015_separate,separate,data/data/ViFinQA/financial_statements/HSG/2015/HSG_financial_statements_2015_separate/HSG_financial_statements_2015_separate_extracted.txt,142101,120428,142101,48,83,166,119031
HSG,2016,HSG_financial_statements_2016_consolidated,consolidated,data/data/ViFinQA/financial_statements/HSG/2016/HSG_financial_statements_2016_consolidated/HSG_financial_statements_2016_consolidated_extracted.txt,148850,125029,148850,48,73,169,124414
HSG,2016,HSG_financial_statements_2016_separate,separate,data/data/ViFinQA/financial_statements/HSG/2016/HSG_financial_statements_2016_separate/HSG_financial_statements_2016_separate_extracted.txt,152106,129019,152106,51,77,166,128358
HSG,2017,HSG_financial_statements_2017_consolidated,consolidated,data/data/ViFinQA/financial_statements/HSG/2017/HSG_financial_statements_2017_consolidated/HSG_financial_statements_2017_consolidated_extracted.txt,155363,130700,155363,51,93,169,129349
HSG,2017,HSG_financial_statements_2017_separate,separate,data/data/ViFinQA/financial_statements/HSG/2017/HSG_financial_statements_2017_separate/HSG_financial_statements_2017_separate_extracted.txt,156262,132187,156262,52,82,166,130579
HSG,2018,HSG_financial_statements_2018_consolidated,consolidated,data/data/ViFinQA/financial_statements/HSG/2018/HSG_financial_statements_2018_consolidated/HSG_financial_statements_2018_consolidated_extracted.txt,159464,134352,159464,54,89,313,132770
HSG,2018,HSG_financial_statements_2018_separate,separate,data/data/ViFinQA/financial_statements/HSG/2018/HSG_financial_statements_2018_separate/HSG_financial_statements_2018_separate_extracted.txt,163772,139858,163772,56,84,303,138238
HSG,2019,HSG_financial_statements_2019_consolidated,consolidated,data/data/ViFinQA/financial_statements/HSG/2019/HSG_financial_statements_2019_consolidated/HSG_financial_statements_2019_consolidated_extracted.txt,156774,134294,156774,60,72,244,133751
HSG,2019,HSG_financial_statements_2019_separate,separate,data/data/ViFinQA/financial_statements/HSG/2019/HSG_financial_statements_2019_separate/HSG_financial_statements_2019_separate_extracted.txt,147769,128292,147769,59,70,214,127850
HSG,2020,HSG_financial_statements_2020_consolidated,consolidated,data/data/ViFinQA/financial_statements/HSG/2020/HSG_financial_statements_2020_consolidated/HSG_financial_statements_2020_consolidated_extracted.txt,156344,134469,156344,61,72,223,131552
HSG,2020,HSG_financial_statements_2020_separate,separate,data/data/ViFinQA/financial_statements/HSG/2020/HSG_financial_statements_2020_separate/HSG_financial_statements_2020_separate_extracted.txt,152953,133719,152953,61,72,200,130811
HSG,2021,HSG_financial_statements_2021_consolidated,consolidated,data/data/ViFinQA/financial_statements/HSG/2021/HSG_financial_statements_2021_consolidated/HSG_financial_statements_2021_consolidated_extracted.txt,153084,130995,153084,62,71,222,130522
HSG,2021,HSG_financial_statements_2021_separate,separate,data/data/ViFinQA/financial_statements/HSG/2021/HSG_financial_statements_2021_separate/HSG_financial_statements_2021_separate_extracted.txt,150084,130739,150084,61,71,200,129686
HSG,2022,HSG_financial_statements_2022_consolidated,consolidated,data/data/ViFinQA/financial_statements/HSG/2022/HSG_financial_statements_2022_consolidated/HSG_financial_statements_2022_consolidated_extracted.txt,143566,122965,143566,60,67,259,122257
HSG,2022,HSG_financial_statements_2022_separate,separate,data/data/ViFinQA/financial_statements/HSG/2022/HSG_financial_statements_2022_separate/HSG_financial_statements_2022_separate_extracted.txt,134227,116666,134227,56,72,200,115649
HSG,2023,HSG_financial_statements_2023_consolidated,consolidated,data/data/ViFinQA/financial_statements/HSG/2023/HSG_financial_statements_2023_consolidated/HSG_financial_statements_2023_consolidated_extracted.txt,138218,117972,138218,59,69,249,117107
HSG,2023,HSG_financial_statements_2023_separate,separate,data/data/ViFinQA/financial_statements/HSG/2023/HSG_financial_statements_2023_separate/HSG_financial_statements_2023_separate_extracted.txt,132279,114977,132279,54,74,611,114031
HSG,2024,HSG_financial_statements_2024_consolidated,consolidated,data/data/ViFinQA/financial_statements/HSG/2024/HSG_financial_statements_2024_consolidated/HSG_financial_statements_2024_consolidated_extracted.txt,161342,134977,161342,58,67,702,132391
HSG,2024,HSG_financial_statements_2024_separate,separate,data/data/ViFinQA/financial_statements/HSG/2024/HSG_financial_statements_2024_separate/HSG_financial_statements_2024_separate_extracted.txt,161940,137308,161940,61,75,894,134734
HSG,2025,HSG_financial_statements_2025_consolidated,consolidated,data/data/ViFinQA/financial_statements/HSG/2025/HSG_financial_statements_2025_consolidated/HSG_financial_statements_2025_consolidated_extracted.txt,156377,131435,156377,56,65,700,130803
HSG,2025,HSG_financial_statements_2025_separate,separate,data/data/ViFinQA/financial_statements/HSG/2025/HSG_financial_statements_2025_separate/HSG_financial_statements_2025_separate_extracted.txt,159835,136334,159835,61,74,677,135588
HT1,2017,HT1_financial_statements_2017_consolidated,consolidated,data/data/ViFinQA/financial_statements/HT1/2017/HT1_financial_statements_2017_consolidated/HT1_financial_statements_2017_consolidated_extracted.txt,149938,126755,149938,50,63,1931,126073
HT1,2017,HT1_financial_statements_2017_separate,separate,data/data/ViFinQA/financial_statements/HT1/2017/HT1_financial_statements_2017_separate/HT1_financial_statements_2017_separate_extracted.txt,133341,113121,133341,47,56,1928,112258
HT1,2018,HT1_financial_statements_2018_consolidated,consolidated,data/data/ViFinQA/financial_statements/HT1/2018/HT1_financial_statements_2018_consolidated/HT1_financial_statements_2018_consolidated_extracted.txt,138625,116813,138625,46,57,199,116274
HT1,2018,HT1_financial_statements_2018_separate,separate,data/data/ViFinQA/financial_statements/HT1/2018/HT1_financial_statements_2018_separate/HT1_financial_statements_2018_separate_extracted.txt,125313,106052,125313,44,55,196,105341
HT1,2019,HT1_financial_statements_2019_consolidated,consolidated,data/data/ViFinQA/financial_statements/HT1/2019/HT1_financial_statements_2019_consolidated/HT1_financial_statements_2019_consolidated_extracted.txt,145040,122136,145040,50,61,1466,118968
HT1,2019,HT1_financial_statements_2019_separate,separate,data/data/ViFinQA/financial_statements/HT1/2019/HT1_financial_statements_2019_separate/HT1_financial_statements_2019_separate_extracted.txt,134216,113747,134216,46,58,1463,110452
HT1,2020,HT1_financial_statements_2020_consolidated,consolidated,data/data/ViFinQA/financial_statements/HT1/2020/HT1_financial_statements_2020_consolidated/HT1_financial_statements_2020_consolidated_extracted.txt,130199,109283,130199,45,60,236,108653
HT1,2020,HT1_financial_statements_2020_separate,separate,data/data/ViFinQA/financial_statements/HT1/2020/HT1_financial_statements_2020_separate/HT1_financial_statements_2020_separate_extracted.txt,120240,101448,120240,42,58,233,100799
HT1,2021,HT1_financial_statements_2021_consolidated,consolidated,data/data/ViFinQA/financial_statements/HT1/2021/HT1_financial_statements_2021_consolidated/HT1_financial_statements_2021_consolidated_extracted.txt,123829,104303,123829,42,46,1185,103273
HT1,2021,HT1_financial_statements_2021_separate,separate,data/data/ViFinQA/financial_statements/HT1/2021/HT1_financial_statements_2021_separate/HT1_financial_statements_2021_separate_extracted.txt,112554,95724,112554,39,45,1174,94694
HT1,2022,HT1_financial_statements_2022_consolidated,consolidated,data/data/ViFinQA/financial_statements/HT1/2022/HT1_financial_statements_2022_consolidated/HT1_financial_statements_2022_consolidated_extracted.txt,140431,118259,140431,43,53,2645,116398
HT1,2022,HT1_financial_statements_2022_separate,separate,data/data/ViFinQA/financial_statements/HT1/2022/HT1_financial_statements_2022_separate/HT1_financial_statements_2022_separate_extracted.txt,127895,108477,127895,43,57,1823,106602
HT1,2023,HT1_financial_statements_2023_consolidated,consolidated,data/data/ViFinQA/financial_statements/HT1/2023/HT1_financial_statements_2023_consolidated/HT1_financial_statements_2023_consolidated_extracted.txt,140387,117873,140387,44,50,2460,116728
HT1,2023,HT1_financial_statements_2023_separate,separate,data/data/ViFinQA/financial_statements/HT1/2023/HT1_financial_statements_2023_separate/HT1_financial_statements_2023_separate_extracted.txt,129040,108866,129040,42,49,2411,107706
HT1,2024,HT1_financial_statements_2024_consolidated,consolidated,data/data/ViFinQA/financial_statements/HT1/2024/HT1_financial_statements_2024_consolidated/HT1_financial_statements_2024_consolidated_extracted.txt,145797,122445,145797,45,57,3589,120929
HT1,2024,HT1_financial_statements_2024_separate,separate,data/data/ViFinQA/financial_statements/HT1/2024/HT1_financial_statements_2024_separate/HT1_financial_statements_2024_separate_extracted.txt,129171,108945,129171,42,50,3569,107311
HT1,2025,HT1_financial_statements_2025_consolidated,consolidated,data/data/ViFinQA/financial_statements/HT1/2025/HT1_financial_statements_2025_consolidated/HT1_financial_statements_2025_consolidated_extracted.txt,157116,131581,157116,48,55,3767,129595
HT1,2025,HT1_financial_statements_2025_separate,separate,data/data/ViFinQA/financial_statements/HT1/2025/HT1_financial_statements_2025_separate/HT1_financial_statements_2025_separate_extracted.txt,141163,119217,141163,44,52,3765,117288
HUT,2015,HUT_financial_statements_2015_consolidated,consolidated,data/data/ViFinQA/financial_statements/HUT/2015/HUT_financial_statements_2015_consolidated/HUT_financial_statements_2015_consolidated_extracted.txt,154338,130064,154338,45,51,2092,129500
HUT,2015,HUT_financial_statements_2015_separate,separate,data/data/ViFinQA/financial_statements/HUT/2015/HUT_financial_statements_2015_separate/HUT_financial_statements_2015_separate_extracted.txt,166455,142877,166455,43,50,210,141562
HUT,2016,HUT_financial_statements_2016_consolidated,consolidated,data/data/ViFinQA/financial_statements/HUT/2016/HUT_financial_statements_2016_consolidated/HUT_financial_statements_2016_consolidated_extracted.txt,163173,138655,163173,45,56,2203,138225
HUT,2016,HUT_financial_statements_2016_separate,separate,data/data/ViFinQA/financial_statements/HUT/2016/HUT_financial_statements_2016_separate/HUT_financial_statements_2016_separate_extracted.txt,146821,125106,146821,43,53,2181,123445
HUT,2017,HUT_financial_statements_2017_consolidated,consolidated,data/data/ViFinQA/financial_statements/HUT/2017/HUT_financial_statements_2017_consolidated/HUT_financial_statements_2017_consolidated_extracted.txt,147239,125094,147239,44,50,2099,123476
HUT,2017,HUT_financial_statements_2017_separate,separate,data/data/ViFinQA/financial_statements/HUT/2017/HUT_financial_statements_2017_separate/HUT_financial_statements_2017_separate_extracted.txt,127885,109382,127885,40,45,9300,108634
HUT,2018,HUT_financial_statements_2018_consolidated,consolidated,data/data/ViFinQA/financial_statements/HUT/2018/HUT_financial_statements_2018_consolidated/HUT_financial_statements_2018_consolidated_extracted.txt,161280,136359,161280,50,58,221,134793
HUT,2018,HUT_financial_statements_2018_separate,separate,data/data/ViFinQA/financial_statements/HUT/2018/HUT_financial_statements_2018_separate/HUT_financial_statements_2018_separate_extracted.txt,143729,122292,143729,44,50,211,120710
HUT,2019,HUT_financial_statements_2019_consolidated,consolidated,data/data/ViFinQA/financial_statements/HUT/2019/HUT_financial_statements_2019_consolidated/HUT_financial_statements_2019_consolidated_extracted.txt,159020,135127,159020,49,57,2103,133538
HUT,2019,HUT_financial_statements_2019_separate,separate,data/data/ViFinQA/financial_statements/HUT/2019/HUT_financial_statements_2019_separate/HUT_financial_statements_2019_separate_extracted.txt,140055,119712,140055,42,50,2042,117967
HUT,2020,HUT_financial_statements_2020_consolidated,consolidated,data/data/ViFinQA/financial_statements/HUT/2020/HUT_financial_statements_2020_consolidated/HUT_financial_statements_2020_consolidated_extracted.txt,167576,141789,167576,52,62,2210,140803
HUT,2020,HUT_financial_statements_2020_separate,separate,data/data/ViFinQA/financial_statements/HUT/2020/HUT_financial_statements_2020_separate/HUT_financial_statements_2020_separate_extracted.txt,159031,135689,159031,49,61,2212,135234
HUT,2021,HUT_financial_statements_2021_consolidated,consolidated,data/data/ViFinQA/financial_statements/HUT/2021/HUT_financial_statements_2021_consolidated/HUT_financial_statements_2021_consolidated_extracted.txt,161057,136900,161057,47,57,302,135349
HUT,2021,HUT_financial_statements_2021_separate,separate,data/data/ViFinQA/financial_statements/HUT/2021/HUT_financial_statements_2021_separate/HUT_financial_statements_2021_separate_extracted.txt,154305,128839,154305,44,53,299,127289
HUT,2022,HUT_financial_statements_2022_consolidated,consolidated,data/data/ViFinQA/financial_statements/HUT/2022/HUT_financial_statements_2022_consolidated/HUT_financial_statements_2022_consolidated_extracted.txt,183892,152512,183892,46,66,2821,150800
HUT,2022,HUT_financial_statements_2022_separate,separate,data/data/ViFinQA/financial_statements/HUT/2022/HUT_financial_statements_2022_separate/HUT_financial_statements_2022_separate_extracted.txt,157991,130621,157991,41,58,1120,129619
HUT,2023,HUT_financial_statements_2023_consolidated,consolidated,data/data/ViFinQA/financial_statements/HUT/2023/HUT_financial_statements_2023_consolidated/HUT_financial_statements_2023_consolidated_extracted.txt,245524,202420,245524,58,76,2814,198154
HUT,2023,HUT_financial_statements_2023_separate,separate,data/data/ViFinQA/financial_statements/HUT/2023/HUT_financial_statements_2023_separate/HUT_financial_statements_2023_separate_extracted.txt,174332,145180,174332,44,62,3616,141038
HUT,2024,HUT_financial_statements_2024_consolidated,consolidated,data/data/ViFinQA/financial_statements/HUT/2024/HUT_financial_statements_2024_consolidated/HUT_financial_statements_2024_consolidated_extracted.txt,184901,156764,184901,45,65,13554,155536
HUT,2024,HUT_financial_statements_2024_separate,separate,data/data/ViFinQA/financial_statements/HUT/2024/HUT_financial_statements_2024_separate/HUT_financial_statements_2024_separate_extracted.txt,264586,224337,264586,60,82,14690,220064
HUT,2025,HUT_financial_statements_2025_consolidated,consolidated,data/data/ViFinQA/financial_statements/HUT/2025/HUT_financial_statements_2025_consolidated/HUT_financial_statements_2025_consolidated_extracted.txt,290170,244752,290170,70,93,3049,240351
HUT,2025,HUT_financial_statements_2025_separate,separate,data/data/ViFinQA/financial_statements/HUT/2025/HUT_financial_statements_2025_separate/HUT_financial_statements_2025_separate_extracted.txt,192698,161745,192698,49,70,3943,159435
IJC,2015,IJC_financial_statements_2015_consolidated,consolidated,data/data/ViFinQA/financial_statements/IJC/2015/IJC_financial_statements_2015_consolidated/IJC_financial_statements_2015_consolidated_extracted.txt,224401,186029,224401,58,78,2007,184053
IJC,2015,IJC_financial_statements_2015_separate,separate,data/data/ViFinQA/financial_statements/IJC/2015/IJC_financial_statements_2015_separate/IJC_financial_statements_2015_separate_extracted.txt,198082,165391,198082,53,76,4231,163347
IJC,2016,IJC_financial_statements_2016_consolidated,consolidated,data/data/ViFinQA/financial_statements/IJC/2016/IJC_financial_statements_2016_consolidated/IJC_financial_statements_2016_consolidated_extracted.txt,204696,170044,204696,53,75,4391,167684
IJC,2016,IJC_financial_statements_2016_separate,separate,data/data/ViFinQA/financial_statements/IJC/2016/IJC_financial_statements_2016_separate/IJC_financial_statements_2016_separate_extracted.txt,178385,149667,178385,49,71,4250,147328
IJC,2017,IJC_financial_statements_2017_consolidated,consolidated,data/data/ViFinQA/financial_statements/IJC/2017/IJC_financial_statements_2017_consolidated/IJC_financial_statements_2017_consolidated_extracted.txt,202469,168983,202469,55,75,6074,167503
IJC,2017,IJC_financial_statements_2017_separate,separate,data/data/ViFinQA/financial_statements/IJC/2017/IJC_financial_statements_2017_separate/IJC_financial_statements_2017_separate_extracted.txt,176624,148858,176624,47,70,5921,146915
IJC,2018,IJC_financial_statements_2018_consolidated,consolidated,data/data/ViFinQA/financial_statements/IJC/2018/IJC_financial_statements_2018_consolidated/IJC_financial_statements_2018_consolidated_extracted.txt,207975,173611,207975,55,75,5735,171189
IJC,2018,IJC_financial_statements_2018_separate,separate,data/data/ViFinQA/financial_statements/IJC/2018/IJC_financial_statements_2018_separate/IJC_financial_statements_2018_separate_extracted.txt,183048,153948,183048,49,77,5674,151772
IJC,2019,IJC_financial_statements_2019_consolidated,consolidated,data/data/ViFinQA/financial_statements/IJC/2019/IJC_financial_statements_2019_consolidated/IJC_financial_statements_2019_consolidated_extracted.txt,196461,163549,196461,52,71,5747,160886
IJC,2019,IJC_financial_statements_2019_separate,separate,data/data/ViFinQA/financial_statements/IJC/2019/IJC_financial_statements_2019_separate/IJC_financial_statements_2019_separate_extracted.txt,172173,144561,172173,48,69,5638,142405
IJC,2020,IJC_financial_statements_2020_consolidated,consolidated,data/data/ViFinQA/financial_statements/IJC/2020/IJC_financial_statements_2020_consolidated/IJC_financial_statements_2020_consolidated_extracted.txt,202065,168421,202065,52,77,5872,166136
IJC,2020,IJC_financial_statements_2020_separate,separate,data/data/ViFinQA/financial_statements/IJC/2020/IJC_financial_statements_2020_separate/IJC_financial_statements_2020_separate_extracted.txt,181985,153416,181985,48,73,5758,151139
IJC,2021,IJC_financial_statements_2021_consolidated,consolidated,data/data/ViFinQA/financial_statements/IJC/2021/IJC_financial_statements_2021_consolidated/IJC_financial_statements_2021_consolidated_extracted.txt,214410,179411,214410,53,81,6897,170928
IJC,2021,IJC_financial_statements_2021_separate,separate,data/data/ViFinQA/financial_statements/IJC/2021/IJC_financial_statements_2021_separate/IJC_financial_statements_2021_separate_extracted.txt,184152,154487,184152,48,71,6398,152345
IJC,2022,IJC_financial_statements_2022_separate,separate,data/data/ViFinQA/financial_statements/IJC/2022/IJC_financial_statements_2022_separate/IJC_financial_statements_2022_separate_extracted.txt,189070,158132,189070,50,75,6341,155869
IJC,2023,IJC_financial_statements_2023_separate,separate,data/data/ViFinQA/financial_statements/IJC/2023/IJC_financial_statements_2023_separate/IJC_financial_statements_2023_separate_extracted.txt,189687,158471,189687,49,68,6400,156244
IJC,2024,IJC_financial_statements_2024_consolidated,consolidated,data/data/ViFinQA/financial_statements/IJC/2024/IJC_financial_statements_2024_consolidated/IJC_financial_statements_2024_consolidated_extracted.txt,220080,183779,220080,54,78,6600,181559
IJC,2024,IJC_financial_statements_2024_separate,separate,data/data/ViFinQA/financial_statements/IJC/2024/IJC_financial_statements_2024_separate/IJC_financial_statements_2024_separate_extracted.txt,189668,158686,189668,50,70,6495,156452
IJC,2025,IJC_financial_statements_2025_consolidated,consolidated,data/data/ViFinQA/financial_statements/IJC/2025/IJC_financial_statements_2025_consolidated/IJC_financial_statements_2025_consolidated_extracted.txt,235411,197703,235411,60,77,7574,195438
IJC,2025,IJC_financial_statements_2025_separate,separate,data/data/ViFinQA/financial_statements/IJC/2025/IJC_financial_statements_2025_separate/IJC_financial_statements_2025_separate_extracted.txt,236525,197547,236525,52,77,6838,195259
KBC,2015,KBC_financial_statements_2015_consolidated,consolidated,data/data/ViFinQA/financial_statements/KBC/2015/KBC_financial_statements_2015_consolidated/KBC_financial_statements_2015_consolidated_extracted.txt,212697,176540,212697,68,66,2256,172353
KBC,2015,KBC_financial_statements_2015_separate,separate,data/data/ViFinQA/financial_statements/KBC/2015/KBC_financial_statements_2015_separate/KBC_financial_statements_2015_separate_extracted.txt,175824,146891,175824,56,60,195,144711
KBC,2016,KBC_financial_statements_2016_consolidated,consolidated,data/data/ViFinQA/financial_statements/KBC/2016/KBC_financial_statements_2016_consolidated/KBC_financial_statements_2016_consolidated_extracted.txt,188673,156638,188673,58,59,198,145590
KBC,2016,KBC_financial_statements_2016_separate,separate,data/data/ViFinQA/financial_statements/KBC/2016/KBC_financial_statements_2016_separate/KBC_financial_statements_2016_separate_extracted.txt,155111,130022,155111,50,59,195,124473
KBC,2017,KBC_financial_statements_2017_consolidated,consolidated,data/data/ViFinQA/financial_statements/KBC/2017/KBC_financial_statements_2017_consolidated/KBC_financial_statements_2017_consolidated_extracted.txt,189297,157444,189297,60,58,2223,147075
KBC,2017,KBC_financial_statements_2017_separate,separate,data/data/ViFinQA/financial_statements/KBC/2017/KBC_financial_statements_2017_separate/KBC_financial_statements_2017_separate_extracted.txt,159011,133406,159011,52,56,1878,128168
KBC,2018,KBC_financial_statements_2018_consolidated,consolidated,data/data/ViFinQA/financial_statements/KBC/2018/KBC_financial_statements_2018_consolidated/KBC_financial_statements_2018_consolidated_extracted.txt,191735,159379,191735,62,58,225,148675
KBC,2018,KBC_financial_statements_2018_separate,separate,data/data/ViFinQA/financial_statements/KBC/2018/KBC_financial_statements_2018_separate/KBC_financial_statements_2018_separate_extracted.txt,160774,134966,160774,52,60,222,129404
KBC,2019,KBC_financial_statements_2019_consolidated,consolidated,data/data/ViFinQA/financial_statements/KBC/2019/KBC_financial_statements_2019_consolidated/KBC_financial_statements_2019_consolidated_extracted.txt,196101,162904,196101,63,62,262,151804
KBC,2019,KBC_financial_statements_2019_separate,separate,data/data/ViFinQA/financial_statements/KBC/2019/KBC_financial_statements_2019_separate/KBC_financial_statements_2019_separate_extracted.txt,162640,136729,162640,54,62,222,131349
KBC,2020,KBC_financial_statements_2020_consolidated,consolidated,data/data/ViFinQA/financial_statements/KBC/2020/KBC_financial_statements_2020_consolidated/KBC_financial_statements_2020_consolidated_extracted.txt,210949,175157,210949,67,65,411,161636
KBC,2020,KBC_financial_statements_2020_separate,separate,data/data/ViFinQA/financial_statements/KBC/2020/KBC_financial_statements_2020_separate/KBC_financial_statements_2020_separate_extracted.txt,172429,144451,172429,57,63,2102,133911
KBC,2021,KBC_financial_statements_2021_consolidated,consolidated,data/data/ViFinQA/financial_statements/KBC/2021/KBC_financial_statements_2021_consolidated/KBC_financial_statements_2021_consolidated_extracted.txt,225902,187611,225902,70,69,1788,186224
KBC,2021,KBC_financial_statements_2021_separate,separate,data/data/ViFinQA/financial_statements/KBC/2021/KBC_financial_statements_2021_separate/KBC_financial_statements_2021_separate_extracted.txt,189165,158243,189165,63,66,1785,156856
KBC,2022,KBC_financial_statements_2022_consolidated,consolidated,data/data/ViFinQA/financial_statements/KBC/2022/KBC_financial_statements_2022_consolidated/KBC_financial_statements_2022_consolidated_extracted.txt,234887,195613,234887,73,75,1478,183266
KBC,2022,KBC_financial_statements_2022_separate,separate,data/data/ViFinQA/financial_statements/KBC/2022/KBC_financial_statements_2022_separate/KBC_financial_statements_2022_separate_extracted.txt,200391,162653,200391,62,67,1478,150944
KBC,2023,KBC_financial_statements_2023_consolidated,consolidated,data/data/ViFinQA/financial_statements/KBC/2023/KBC_financial_statements_2023_consolidated/KBC_financial_statements_2023_consolidated_extracted.txt,216544,180432,216544,70,68,987,179827
KBC,2023,KBC_financial_statements_2023_separate,separate,data/data/ViFinQA/financial_statements/KBC/2023/KBC_financial_statements_2023_separate/KBC_financial_statements_2023_separate_extracted.txt,179706,150376,179706,60,62,986,139437
KBC,2024,KBC_financial_statements_2024_consolidated,consolidated,data/data/ViFinQA/financial_statements/KBC/2024/KBC_financial_statements_2024_consolidated/KBC_financial_statements_2024_consolidated_extracted.txt,242343,198674,242343,75,65,14686,184033
KBC,2024,KBC_financial_statements_2024_separate,separate,data/data/ViFinQA/financial_statements/KBC/2024/KBC_financial_statements_2024_separate/KBC_financial_statements_2024_separate_extracted.txt,197038,162948,197038,63,62,3244,150426
KBC,2025,KBC_financial_statements_2025_consolidated,consolidated,data/data/ViFinQA/financial_statements/KBC/2025/KBC_financial_statements_2025_consolidated/KBC_financial_statements_2025_consolidated_extracted.txt,231382,191506,231382,59,69,2961,177842
KBC,2025,KBC_financial_statements_2025_separate,separate,data/data/ViFinQA/financial_statements/KBC/2025/KBC_financial_statements_2025_separate/KBC_financial_statements_2025_separate_extracted.txt,193568,159392,193568,53,64,2919,145698
KHG,2019,KHG_financial_statements_2019_consolidated,consolidated,data/data/ViFinQA/financial_statements/KHG/2019/KHG_financial_statements_2019_consolidated/KHG_financial_statements_2019_consolidated_extracted.txt,82324,68040,82324,24,41,275,66273
KHG,2019,KHG_financial_statements_2019_separate,separate,data/data/ViFinQA/financial_statements/KHG/2019/KHG_financial_statements_2019_separate/KHG_financial_statements_2019_separate_extracted.txt,81106,67218,81106,24,42,322,65917
KHG,2020,KHG_financial_statements_2020_consolidated,consolidated,data/data/ViFinQA/financial_statements/KHG/2020/KHG_financial_statements_2020_consolidated/KHG_financial_statements_2020_consolidated_extracted.txt,96887,80005,96887,27,41,1127,75885
KHG,2020,KHG_financial_statements_2020_separate,separate,data/data/ViFinQA/financial_statements/KHG/2020/KHG_financial_statements_2020_separate/KHG_financial_statements_2020_separate_extracted.txt,92995,77531,92995,27,41,264,73444
KHG,2021,KHG_financial_statements_2021_consolidated,consolidated,data/data/ViFinQA/financial_statements/KHG/2021/KHG_financial_statements_2021_consolidated/KHG_financial_statements_2021_consolidated_extracted.txt,122743,100835,122743,35,52,1591,98871
KHG,2021,KHG_financial_statements_2021_separate,separate,data/data/ViFinQA/financial_statements/KHG/2021/KHG_financial_statements_2021_separate/KHG_financial_statements_2021_separate_extracted.txt,119151,97371,119151,35,49,2383,95421
KHG,2022,KHG_financial_statements_2022_consolidated,consolidated,data/data/ViFinQA/financial_statements/KHG/2022/KHG_financial_statements_2022_consolidated/KHG_financial_statements_2022_consolidated_extracted.txt,133477,110966,133477,39,52,1525,109303
KHG,2022,KHG_financial_statements_2022_separate,separate,data/data/ViFinQA/financial_statements/KHG/2022/KHG_financial_statements_2022_separate/KHG_financial_statements_2022_separate_extracted.txt,132056,109861,132056,39,53,1498,108238
KHG,2023,KHG_financial_statements_2023_consolidated,consolidated,data/data/ViFinQA/financial_statements/KHG/2023/KHG_financial_statements_2023_consolidated/KHG_financial_statements_2023_consolidated_extracted.txt,135291,112356,135291,38,56,1467,107296
KHG,2023,KHG_financial_statements_2023_separate,separate,data/data/ViFinQA/financial_statements/KHG/2023/KHG_financial_statements_2023_separate/KHG_financial_statements_2023_separate_extracted.txt,134683,112177,134683,39,57,1448,107904
KHG,2024,KHG_financial_statements_2024_consolidated,consolidated,data/data/ViFinQA/financial_statements/KHG/2024/KHG_financial_statements_2024_consolidated/KHG_financial_statements_2024_consolidated_extracted.txt,233758,212841,233758,68,105,261,209608
KHG,2024,KHG_financial_statements_2024_separate,separate,data/data/ViFinQA/financial_statements/KHG/2024/KHG_financial_statements_2024_separate/KHG_financial_statements_2024_separate_extracted.txt,231310,210457,231310,68,111,252,207873
KHG,2025,KHG_financial_statements_2025_consolidated,consolidated,data/data/ViFinQA/financial_statements/KHG/2025/KHG_financial_statements_2025_consolidated/KHG_financial_statements_2025_consolidated_extracted.txt,134784,110800,134784,35,53,404,107948
KHG,2025,KHG_financial_statements_2025_separate,separate,data/data/ViFinQA/financial_statements/KHG/2025/KHG_financial_statements_2025_separate/KHG_financial_statements_2025_separate_extracted.txt,138371,114654,138371,35,53,438,111801
KLB,2016,KLB_financial_statements_2016_consolidated,consolidated,data/data/ViFinQA/financial_statements/KLB/2016/KLB_financial_statements_2016_consolidated/KLB_financial_statements_2016_consolidated_extracted.txt,242718,202976,242718,84,95,239,202227
KLB,2016,KLB_financial_statements_2016_separate,separate,data/data/ViFinQA/financial_statements/KLB/2016/KLB_financial_statements_2016_separate/KLB_financial_statements_2016_separate_extracted.txt,233364,195424,233364,81,99,7891,194374
KLB,2017,KLB_financial_statements_2017_consolidated,consolidated,data/data/ViFinQA/financial_statements/KLB/2017/KLB_financial_statements_2017_consolidated/KLB_financial_statements_2017_consolidated_extracted.txt,254418,212637,254418,89,94,8028,210657
KLB,2017,KLB_financial_statements_2017_separate,separate,data/data/ViFinQA/financial_statements/KLB/2017/KLB_financial_statements_2017_separate/KLB_financial_statements_2017_separate_extracted.txt,239875,201120,239875,85,92,7781,199041
KLB,2018,KLB_financial_statements_2018_consolidated,consolidated,data/data/ViFinQA/financial_statements/KLB/2018/KLB_financial_statements_2018_consolidated/KLB_financial_statements_2018_consolidated_extracted.txt,272737,227419,272737,94,101,218,225331
KLB,2018,KLB_financial_statements_2018_separate,separate,data/data/ViFinQA/financial_statements/KLB/2018/KLB_financial_statements_2018_separate/KLB_financial_statements_2018_separate_extracted.txt,251364,210072,251364,88,97,215,209612
KLB,2019,KLB_financial_statements_2019_consolidated,consolidated,data/data/ViFinQA/financial_statements/KLB/2019/KLB_financial_statements_2019_consolidated/KLB_financial_statements_2019_consolidated_extracted.txt,214987,178186,214987,58,75,4316,175989
KLB,2019,KLB_financial_statements_2019_separate,separate,data/data/ViFinQA/financial_statements/KLB/2019/KLB_financial_statements_2019_separate/KLB_financial_statements_2019_separate_extracted.txt,207752,172896,207752,56,77,4206,171085
KLB,2020,KLB_financial_statements_2020_consolidated,consolidated,data/data/ViFinQA/financial_statements/KLB/2020/KLB_financial_statements_2020_consolidated/KLB_financial_statements_2020_consolidated_extracted.txt,208080,172715,208080,56,73,4293,171039
KLB,2020,KLB_financial_statements_2020_separate,separate,data/data/ViFinQA/financial_statements/KLB/2020/KLB_financial_statements_2020_separate/KLB_financial_statements_2020_separate_extracted.txt,201322,167180,201322,53,70,4473,165841
KLB,2021,KLB_financial_statements_2021_consolidated,consolidated,data/data/ViFinQA/financial_statements/KLB/2021/KLB_financial_statements_2021_consolidated/KLB_financial_statements_2021_consolidated_extracted.txt,211764,176106,211764,56,70,4308,174954
KLB,2021,KLB_financial_statements_2021_separate,separate,data/data/ViFinQA/financial_statements/KLB/2021/KLB_financial_statements_2021_separate/KLB_financial_statements_2021_separate_extracted.txt,203696,169287,203696,54,70,4205,168521
KLB,2022,KLB_financial_statements_2022_consolidated,consolidated,data/data/ViFinQA/financial_statements/KLB/2022/KLB_financial_statements_2022_consolidated/KLB_financial_statements_2022_consolidated_extracted.txt,205033,170423,205033,55,76,4353,169290
KLB,2022,KLB_financial_statements_2022_separate,separate,data/data/ViFinQA/financial_statements/KLB/2022/KLB_financial_statements_2022_separate/KLB_financial_statements_2022_separate_extracted.txt,201749,168643,201749,53,73,2555,168027
KLB,2023,KLB_financial_statements_2023_consolidated,consolidated,data/data/ViFinQA/financial_statements/KLB/2023/KLB_financial_statements_2023_consolidated/KLB_financial_statements_2023_consolidated_extracted.txt,204859,170238,204859,57,78,5119,169044
KLB,2023,KLB_financial_statements_2023_separate,separate,data/data/ViFinQA/financial_statements/KLB/2023/KLB_financial_statements_2023_separate/KLB_financial_statements_2023_separate_extracted.txt,201771,168039,201771,54,73,5030,167213
KLB,2024,KLB_financial_statements_2024_consolidated,consolidated,data/data/ViFinQA/financial_statements/KLB/2024/KLB_financial_statements_2024_consolidated/KLB_financial_statements_2024_consolidated_extracted.txt,209542,175457,209542,60,72,3340,172662
KLB,2024,KLB_financial_statements_2024_separate,separate,data/data/ViFinQA/financial_statements/KLB/2024/KLB_financial_statements_2024_separate/KLB_financial_statements_2024_separate_extracted.txt,206559,172884,206559,60,79,3160,170193
KLB,2025,KLB_financial_statements_2025_consolidated,consolidated,data/data/ViFinQA/financial_statements/KLB/2025/KLB_financial_statements_2025_consolidated/KLB_financial_statements_2025_consolidated_extracted.txt,223951,186512,223951,59,80,3172,185071
KLB,2025,KLB_financial_statements_2025_separate,separate,data/data/ViFinQA/financial_statements/KLB/2025/KLB_financial_statements_2025_separate/KLB_financial_statements_2025_separate_extracted.txt,218302,181420,218302,59,79,3317,180404
MBB,2015,MBB_financial_statements_2015_consolidated,consolidated,data/data/ViFinQA/financial_statements/MBB/2015/MBB_financial_statements_2015_consolidated/MBB_financial_statements_2015_consolidated_extracted.txt,247548,208194,247548,83,103,6280,207201
MBB,2015,MBB_financial_statements_2015_separate,separate,data/data/ViFinQA/financial_statements/MBB/2015/MBB_financial_statements_2015_separate/MBB_financial_statements_2015_separate_extracted.txt,228415,194156,228415,74,96,213,193525
MBB,2016,MBB_financial_statements_2016_consolidated,consolidated,data/data/ViFinQA/financial_statements/MBB/2016/MBB_financial_statements_2016_consolidated/MBB_financial_statements_2016_consolidated_extracted.txt,270852,226967,270852,89,107,8565,226530
MBB,2016,MBB_financial_statements_2016_separate,separate,data/data/ViFinQA/financial_statements/MBB/2016/MBB_financial_statements_2016_separate/MBB_financial_statements_2016_separate_extracted.txt,236038,199852,236038,76,95,1738,199402
MBB,2017,MBB_financial_statements_2017_consolidated,consolidated,data/data/ViFinQA/financial_statements/MBB/2017/MBB_financial_statements_2017_consolidated/MBB_financial_statements_2017_consolidated_extracted.txt,270096,226322,270096,91,106,1704,225561
MBB,2017,MBB_financial_statements_2017_separate,separate,data/data/ViFinQA/financial_statements/MBB/2017/MBB_financial_statements_2017_separate/MBB_financial_statements_2017_separate_extracted.txt,230098,193546,230098,78,96,1702,192853
MBB,2018,MBB_financial_statements_2018_consolidated,consolidated,data/data/ViFinQA/financial_statements/MBB/2018/MBB_financial_statements_2018_consolidated/MBB_financial_statements_2018_consolidated_extracted.txt,245936,203512,245936,75,99,5228,202836
MBB,2018,MBB_financial_statements_2018_separate,separate,data/data/ViFinQA/financial_statements/MBB/2018/MBB_financial_statements_2018_separate/MBB_financial_statements_2018_separate_extracted.txt,209900,175123,209900,71,90,5331,174316
MBB,2019,MBB_financial_statements_2019_consolidated,consolidated,data/data/ViFinQA/financial_statements/MBB/2019/MBB_financial_statements_2019_consolidated/MBB_financial_statements_2019_consolidated_extracted.txt,246740,205915,246740,80,106,2988,204217
MBB,2019,MBB_financial_statements_2019_separate,separate,data/data/ViFinQA/financial_statements/MBB/2019/MBB_financial_statements_2019_separate/MBB_financial_statements_2019_separate_extracted.txt,206888,172759,206888,73,90,3122,171064
MBB,2020,MBB_financial_statements_2020_consolidated,consolidated,data/data/ViFinQA/financial_statements/MBB/2020/MBB_financial_statements_2020_consolidated/MBB_financial_statements_2020_consolidated_extracted.txt,241011,200419,241011,84,108,2934,199814
MBB,2020,MBB_financial_statements_2020_separate,separate,data/data/ViFinQA/financial_statements/MBB/2020/MBB_financial_statements_2020_separate/MBB_financial_statements_2020_separate_extracted.txt,207469,173165,207469,69,92,2931,172590
MBB,2021,MBB_financial_statements_2021_consolidated,consolidated,data/data/ViFinQA/financial_statements/MBB/2021/MBB_financial_statements_2021_consolidated/MBB_financial_statements_2021_consolidated_extracted.txt,249840,207148,249840,88,109,2796,206225
MBB,2021,MBB_financial_statements_2021_separate,separate,data/data/ViFinQA/financial_statements/MBB/2021/MBB_financial_statements_2021_separate/MBB_financial_statements_2021_separate_extracted.txt,216198,179986,216198,78,95,4594,179044
MBB,2022,MBB_financial_statements_2022_consolidated,consolidated,data/data/ViFinQA/financial_statements/MBB/2022/MBB_financial_statements_2022_consolidated/MBB_financial_statements_2022_consolidated_extracted.txt,250521,207891,250521,83,108,2747,206947
MBB,2022,MBB_financial_statements_2022_separate_1,unknown,data/data/ViFinQA/financial_statements/MBB/2022/MBB_financial_statements_2022_separate_1/MBB_financial_statements_2022_separate_1_extracted.txt,217763,181600,217763,73,98,2941,180656
MBB,2022,MBB_financial_statements_2022_separate_2,unknown,data/data/ViFinQA/financial_statements/MBB/2022/MBB_financial_statements_2022_separate_2/MBB_financial_statements_2022_separate_2_extracted.txt,217737,181571,217737,73,98,2941,180627
MBB,2023,MBB_financial_statements_2023_consolidated,consolidated,data/data/ViFinQA/financial_statements/MBB/2023/MBB_financial_statements_2023_consolidated/MBB_financial_statements_2023_consolidated_extracted.txt,282488,235850,282488,97,116,2955,234889
MBB,2023,MBB_financial_statements_2023_separate,separate,data/data/ViFinQA/financial_statements/MBB/2023/MBB_financial_statements_2023_separate/MBB_financial_statements_2023_separate_extracted.txt,239853,200901,239853,81,103,2952,199978
MBB,2024,MBB_financial_statements_2024_consolidated,consolidated,data/data/ViFinQA/financial_statements/MBB/2024/MBB_financial_statements_2024_consolidated/MBB_financial_statements_2024_consolidated_extracted.txt,313107,261207,313107,102,118,3206,260331
MBB,2024,MBB_financial_statements_2024_separate,separate,data/data/ViFinQA/financial_statements/MBB/2024/MBB_financial_statements_2024_separate/MBB_financial_statements_2024_separate_extracted.txt,276206,231863,276206,87,106,2578,231225
MBB,2025,MBB_financial_statements_2025_consolidated,consolidated,data/data/ViFinQA/financial_statements/MBB/2025/MBB_financial_statements_2025_consolidated/MBB_financial_statements_2025_consolidated_extracted.txt,322607,268299,322607,103,121,3130,267423
MBB,2025,MBB_financial_statements_2025_separate,separate,data/data/ViFinQA/financial_statements/MBB/2025/MBB_financial_statements_2025_separate/MBB_financial_statements_2025_separate_extracted.txt,273384,227674,273384,83,108,3127,226798
MBS,2016,MBS_financial_statements_2016,unknown,data/data/ViFinQA/financial_statements/MBS/2016/MBS_financial_statements_2016/MBS_financial_statements_2016_extracted.txt,172092,149329,172092,65,74,191,147852
MBS,2017,MBS_financial_statements_2017,unknown,data/data/ViFinQA/financial_statements/MBS/2017/MBS_financial_statements_2017/MBS_financial_statements_2017_extracted.txt,197921,172659,197921,70,97,212,171854
MBS,2018,MBS_financial_statements_2018,unknown,data/data/ViFinQA/financial_statements/MBS/2018/MBS_financial_statements_2018/MBS_financial_statements_2018_extracted.txt,210439,176092,210439,67,94,157,171733
MBS,2019,MBS_financial_statements_2019,unknown,data/data/ViFinQA/financial_statements/MBS/2019/MBS_financial_statements_2019/MBS_financial_statements_2019_extracted.txt,215709,184891,215709,74,97,240,179895
MBS,2020,MBS_financial_statements_2020,unknown,data/data/ViFinQA/financial_statements/MBS/2020/MBS_financial_statements_2020/MBS_financial_statements_2020_extracted.txt,225542,194491,225542,75,102,240,192749
MBS,2021,MBS_financial_statements_2021,unknown,data/data/ViFinQA/financial_statements/MBS/2021/MBS_financial_statements_2021/MBS_financial_statements_2021_extracted.txt,223091,192540,223091,73,99,1657,190743
MBS,2022,MBS_financial_statements_2022,unknown,data/data/ViFinQA/financial_statements/MBS/2022/MBS_financial_statements_2022/MBS_financial_statements_2022_extracted.txt,229932,196927,229932,77,101,184,192856
MBS,2023,MBS_financial_statements_2023,unknown,data/data/ViFinQA/financial_statements/MBS/2023/MBS_financial_statements_2023/MBS_financial_statements_2023_extracted.txt,237320,206231,237320,86,106,191,204799
MBS,2024,MBS_financial_statements_2024,unknown,data/data/ViFinQA/financial_statements/MBS/2024/MBS_financial_statements_2024/MBS_financial_statements_2024_extracted.txt,217078,186164,217078,79,109,191,185512
MBS,2025,MBS_financial_statements_2025,unknown,data/data/ViFinQA/financial_statements/MBS/2025/MBS_financial_statements_2025/MBS_financial_statements_2025_extracted.txt,222702,191037,222702,85,115,212,189447
MCH,2016,MCH_financial_statements_2016_consolidated,consolidated,data/data/ViFinQA/financial_statements/MCH/2016/MCH_financial_statements_2016_consolidated/MCH_financial_statements_2016_consolidated_extracted.txt,167314,142140,167314,65,71,231,141064
MCH,2016,MCH_financial_statements_2016_separate,separate,data/data/ViFinQA/financial_statements/MCH/2016/MCH_financial_statements_2016_separate/MCH_financial_statements_2016_separate_extracted.txt,98464,84698,98464,43,49,209,83799
MCH,2017,MCH_financial_statements_2017_consolidated,consolidated,data/data/ViFinQA/financial_statements/MCH/2017/MCH_financial_statements_2017_consolidated/MCH_financial_statements_2017_consolidated_extracted.txt,160389,136681,160389,64,68,231,134299
MCH,2017,MCH_financial_statements_2017_separate,separate,data/data/ViFinQA/financial_statements/MCH/2017/MCH_financial_statements_2017_separate/MCH_financial_statements_2017_separate_extracted.txt,97491,83988,97491,44,50,209,80804
MCH,2018,MCH_financial_statements_2018_consolidated,consolidated,data/data/ViFinQA/financial_statements/MCH/2018/MCH_financial_statements_2018_consolidated/MCH_financial_statements_2018_consolidated_extracted.txt,164132,139786,164132,65,69,231,136674
MCH,2018,MCH_financial_statements_2018_separate,separate,data/data/ViFinQA/financial_statements/MCH/2018/MCH_financial_statements_2018_separate/MCH_financial_statements_2018_separate_extracted.txt,100972,87403,100972,44,52,209,84176
MCH,2019,MCH_financial_statements_2019_consolidated,consolidated,data/data/ViFinQA/financial_statements/MCH/2019/MCH_financial_statements_2019_consolidated/MCH_financial_statements_2019_consolidated_extracted.txt,165087,140635,165087,66,70,231,137568
MCH,2019,MCH_financial_statements_2019_separate,separate,data/data/ViFinQA/financial_statements/MCH/2019/MCH_financial_statements_2019_separate/MCH_financial_statements_2019_separate_extracted.txt,103889,89987,103889,45,53,209,87074
MCH,2020,MCH_financial_statements_2020_consolidated,consolidated,data/data/ViFinQA/financial_statements/MCH/2020/MCH_financial_statements_2020_consolidated/MCH_financial_statements_2020_consolidated_extracted.txt,184512,157203,184512,72,75,231,155973
MCH,2020,MCH_financial_statements_2020_separate,separate,data/data/ViFinQA/financial_statements/MCH/2020/MCH_financial_statements_2020_separate/MCH_financial_statements_2020_separate_extracted.txt,112979,98005,112979,48,56,209,97187
MCH,2021,MCH_financial_statements_2021_consolidated,consolidated,data/data/ViFinQA/financial_statements/MCH/2021/MCH_financial_statements_2021_consolidated/MCH_financial_statements_2021_consolidated_extracted.txt,183676,156262,183676,68,71,231,155073
MCH,2021,MCH_financial_statements_2021_separate,separate,data/data/ViFinQA/financial_statements/MCH/2021/MCH_financial_statements_2021_separate/MCH_financial_statements_2021_separate_extracted.txt,116133,100735,116133,48,63,570,99537
MCH,2022,MCH_financial_statements_2022_consolidated,consolidated,data/data/ViFinQA/financial_statements/MCH/2022/MCH_financial_statements_2022_consolidated/MCH_financial_statements_2022_consolidated_extracted.txt,182010,154891,182010,67,69,6760,153824
MCH,2022,MCH_financial_statements_2022_separate,separate,data/data/ViFinQA/financial_statements/MCH/2022/MCH_financial_statements_2022_separate/MCH_financial_statements_2022_separate_extracted.txt,115361,99746,115361,49,55,235,98653
MCH,2023,MCH_financial_statements_2023_consolidated,consolidated,data/data/ViFinQA/financial_statements/MCH/2023/MCH_financial_statements_2023_consolidated/MCH_financial_statements_2023_consolidated_extracted.txt,193695,164060,193695,75,74,231,163268
MCH,2023,MCH_financial_statements_2023_separate,separate,data/data/ViFinQA/financial_statements/MCH/2023/MCH_financial_statements_2023_separate/MCH_financial_statements_2023_separate_extracted.txt,134132,114756,134132,58,61,219,113964
MCH,2024,MCH_2024_financial_statement_explanations_1,unknown,data/data/ViFinQA/financial_statements/MCH/2024/MCH_2024_financial_statement_explanations_1/MCH_2024_financial_statement_explanations_1_extracted.txt,15076,11959,15076,7,5,906,8831
MCH,2024,MCH_2024_financial_statement_explanations_2,unknown,data/data/ViFinQA/financial_statements/MCH/2024/MCH_2024_financial_statement_explanations_2/MCH_2024_financial_statement_explanations_2_extracted.txt,14467,12003,14467,7,5,1019,8875
MCH,2024,MCH_financial_statements_2024_consolidated,consolidated,data/data/ViFinQA/financial_statements/MCH/2024/MCH_financial_statements_2024_consolidated/MCH_financial_statements_2024_consolidated_extracted.txt,195326,165317,195326,74,79,582,159245
MCH,2024,MCH_financial_statements_2024_separate,separate,data/data/ViFinQA/financial_statements/MCH/2024/MCH_financial_statements_2024_separate/MCH_financial_statements_2024_separate_extracted.txt,136172,116335,136172,56,69,571,110263
MCH,2025,MCH_financial_statements_2025_consolidated,consolidated,data/data/ViFinQA/financial_statements/MCH/2025/MCH_financial_statements_2025_consolidated/MCH_financial_statements_2025_consolidated_extracted.txt,205943,174336,205943,76,84,2529,171207
MCH,2025,MCH_financial_statements_2025_separate,separate,data/data/ViFinQA/financial_statements/MCH/2025/MCH_financial_statements_2025_separate/MCH_financial_statements_2025_separate_extracted.txt,143470,122487,143470,57,62,2160,119358
MML,2017,MML_financial_statements_2017_consolidated,consolidated,data/data/ViFinQA/financial_statements/MML/2017/MML_financial_statements_2017_consolidated/MML_financial_statements_2017_consolidated_extracted.txt,141840,120919,141840,60,73,608,120355
MML,2017,MML_financial_statements_2017_separate,separate,data/data/ViFinQA/financial_statements/MML/2017/MML_financial_statements_2017_separate/MML_financial_statements_2017_separate_extracted.txt,66614,56491,66614,31,30,6633,55853
MML,2018,MML_financial_statements_2018_consolidated,consolidated,data/data/ViFinQA/financial_statements/MML/2018/MML_financial_statements_2018_consolidated/MML_financial_statements_2018_consolidated_extracted.txt,138022,117663,138022,56,62,6638,117076
MML,2019,MML_financial_statements_2019_consolidated,consolidated,data/data/ViFinQA/financial_statements/MML/2019/MML_financial_statements_2019_consolidated/MML_financial_statements_2019_consolidated_extracted.txt,148011,125750,148011,59,68,325,125194
MML,2019,MML_financial_statements_2019_separate,separate,data/data/ViFinQA/financial_statements/MML/2019/MML_financial_statements_2019_separate/MML_financial_statements_2019_separate_extracted.txt,91496,78305,91496,39,51,303,77796
MML,2020,MML_financial_statements_2020_consolidated,consolidated,data/data/ViFinQA/financial_statements/MML/2020/MML_financial_statements_2020_consolidated/MML_financial_statements_2020_consolidated_extracted.txt,170819,145989,170819,65,78,6858,145392
MML,2020,MML_financial_statements_2020_separate,separate,data/data/ViFinQA/financial_statements/MML/2020/MML_financial_statements_2020_separate/MML_financial_statements_2020_separate_extracted.txt,96722,82825,96722,39,51,6772,82237
MML,2021,MML_financial_statements_2021_consolidated,consolidated,data/data/ViFinQA/financial_statements/MML/2021/MML_financial_statements_2021_consolidated/MML_financial_statements_2021_consolidated_extracted.txt,180926,154522,180926,68,81,7342,154019
MML,2021,MML_financial_statements_2021_separate,separate,data/data/ViFinQA/financial_statements/MML/2021/MML_financial_statements_2021_separate/MML_financial_statements_2021_separate_extracted.txt,104131,89030,104131,41,50,197,88478
MML,2022,MML_financial_statements_2022_consolidated,consolidated,data/data/ViFinQA/financial_statements/MML/2022/MML_financial_statements_2022_consolidated/MML_financial_statements_2022_consolidated_extracted.txt,176165,151685,176165,66,79,845,150886
MML,2022,MML_financial_statements_2022_separate,separate,data/data/ViFinQA/financial_statements/MML/2022/MML_financial_statements_2022_separate/MML_financial_statements_2022_separate_extracted.txt,103864,90336,103864,40,50,845,89780
MML,2023,MML_financial_statements_2023_consolidated,consolidated,data/data/ViFinQA/financial_statements/MML/2023/MML_financial_statements_2023_consolidated/MML_financial_statements_2023_consolidated_extracted.txt,163211,139227,163211,65,72,8230,137049
MML,2023,MML_financial_statements_2023_separate,separate,data/data/ViFinQA/financial_statements/MML/2023/MML_financial_statements_2023_separate/MML_financial_statements_2023_separate_extracted.txt,94577,81166,94577,41,47,7923,78988
MML,2024,MML_financial_statements_2024_consolidated,consolidated,data/data/ViFinQA/financial_statements/MML/2024/MML_financial_statements_2024_consolidated/MML_financial_statements_2024_consolidated_extracted.txt,152331,129948,152331,64,71,3185,128726
MML,2024,MML_financial_statements_2024_separate,separate,data/data/ViFinQA/financial_statements/MML/2024/MML_financial_statements_2024_separate/MML_financial_statements_2024_separate_extracted.txt,89583,76711,89583,38,43,2844,75942
MML,2025,MML_financial_statements_2025_consolidated,consolidated,data/data/ViFinQA/financial_statements/MML/2025/MML_financial_statements_2025_consolidated/MML_financial_statements_2025_consolidated_extracted.txt,144368,122778,144368,57,66,9434,121633
MML,2025,MML_financial_statements_2025_separate,separate,data/data/ViFinQA/financial_statements/MML/2025/MML_financial_statements_2025_separate/MML_financial_statements_2025_separate_extracted.txt,85363,72590,85363,36,39,9102,71892
MPC,2015,MPC_financial_statements_2015_consolidated,consolidated,data/data/ViFinQA/financial_statements/MPC/2015/MPC_financial_statements_2015_consolidated/MPC_financial_statements_2015_consolidated_extracted.txt,166616,141294,166616,68,77,262,140135
MPC,2016,MPC_financial_statements_2016_consolidated,consolidated,data/data/ViFinQA/financial_statements/MPC/2016/MPC_financial_statements_2016_consolidated/MPC_financial_statements_2016_consolidated_extracted.txt,165023,138461,165023,63,76,243,136994
MPC,2016,MPC_financial_statements_2016_separate,separate,data/data/ViFinQA/financial_statements/MPC/2016/MPC_financial_statements_2016_separate/MPC_financial_statements_2016_separate_extracted.txt,189079,173451,189079,48,56,221,171778
MPC,2017,MPC_financial_statements_2017_consolidated,consolidated,data/data/ViFinQA/financial_statements/MPC/2017/MPC_financial_statements_2017_consolidated/MPC_financial_statements_2017_consolidated_extracted.txt,158122,134313,158122,65,78,243,131224
MPC,2017,MPC_financial_statements_2017_separate,separate,data/data/ViFinQA/financial_statements/MPC/2017/MPC_financial_statements_2017_separate/MPC_financial_statements_2017_separate_extracted.txt,120511,103211,120511,51,62,221,100229
MPC,2018,MPC_financial_statements_2018_consolidated,consolidated,data/data/ViFinQA/financial_statements/MPC/2018/MPC_financial_statements_2018_consolidated/MPC_financial_statements_2018_consolidated_extracted.txt,162787,138093,162787,65,74,243,136222
MPC,2018,MPC_financial_statements_2018_separate,separate,data/data/ViFinQA/financial_statements/MPC/2018/MPC_financial_statements_2018_separate/MPC_financial_statements_2018_separate_extracted.txt,124938,107448,124938,53,63,221,105673
MPC,2019,MPC_financial_statements_2019_consolidated,consolidated,data/data/ViFinQA/financial_statements/MPC/2019/MPC_financial_statements_2019_consolidated/MPC_financial_statements_2019_consolidated_extracted.txt,161239,137145,161239,67,77,402,134555
MPC,2019,MPC_financial_statements_2019_separate_1,unknown,data/data/ViFinQA/financial_statements/MPC/2019/MPC_financial_statements_2019_separate_1/MPC_financial_statements_2019_separate_1_extracted.txt,63015,55637,63015,27,44,282,52743
MPC,2019,MPC_financial_statements_2019_separate_2,unknown,data/data/ViFinQA/financial_statements/MPC/2019/MPC_financial_statements_2019_separate_2/MPC_financial_statements_2019_separate_2_extracted.txt,66249,55815,66249,25,18,221,52260
MPC,2020,MPC_financial_statements_2020_consolidated,consolidated,data/data/ViFinQA/financial_statements/MPC/2020/MPC_financial_statements_2020_consolidated/MPC_financial_statements_2020_consolidated_extracted.txt,185035,157296,185035,66,79,237,153474
MPC,2020,MPC_financial_statements_2020_separate,separate,data/data/ViFinQA/financial_statements/MPC/2020/MPC_financial_statements_2020_separate/MPC_financial_statements_2020_separate_extracted.txt,183675,160444,183675,56,67,232,156553
MPC,2021,MPC_financial_statements_2021_consolidated,consolidated,data/data/ViFinQA/financial_statements/MPC/2021/MPC_financial_statements_2021_consolidated/MPC_financial_statements_2021_consolidated_extracted.txt,178109,150975,178109,65,79,260,148330
MPC,2021,MPC_financial_statements_2021_separate,separate,data/data/ViFinQA/financial_statements/MPC/2021/MPC_financial_statements_2021_separate/MPC_financial_statements_2021_separate_extracted.txt,151572,129951,151572,53,63,262,128761
MPC,2022,MPC_financial_statements_2022_consolidated,consolidated,data/data/ViFinQA/financial_statements/MPC/2022/MPC_financial_statements_2022_consolidated/MPC_financial_statements_2022_consolidated_extracted.txt,167269,143209,167269,69,82,1885,139433
MPC,2022,MPC_financial_statements_2022_separate,separate,data/data/ViFinQA/financial_statements/MPC/2022/MPC_financial_statements_2022_separate/MPC_financial_statements_2022_separate_extracted.txt,135760,116700,135760,56,73,1843,112346
MPC,2023,MPC_financial_statements_2023_consolidated,consolidated,data/data/ViFinQA/financial_statements/MPC/2023/MPC_financial_statements_2023_consolidated/MPC_financial_statements_2023_consolidated_extracted.txt,162498,139922,162498,70,81,4301,139373
MPC,2023,MPC_financial_statements_2023_separate,separate,data/data/ViFinQA/financial_statements/MPC/2023/MPC_financial_statements_2023_separate/MPC_financial_statements_2023_separate_extracted.txt,139383,120527,139383,57,64,6292,120048
MPC,2024,MPC_financial_statements_2024_consolidated,consolidated,data/data/ViFinQA/financial_statements/MPC/2024/MPC_financial_statements_2024_consolidated/MPC_financial_statements_2024_consolidated_extracted.txt,161183,138168,161183,70,76,3431,135853
MPC,2024,MPC_financial_statements_2024_separate,separate,data/data/ViFinQA/financial_statements/MPC/2024/MPC_financial_statements_2024_separate/MPC_financial_statements_2024_separate_extracted.txt,162100,140101,162100,57,64,3347,137868
MPC,2025,MPC_financial_statements_2025_consolidated,consolidated,data/data/ViFinQA/financial_statements/MPC/2025/MPC_financial_statements_2025_consolidated/MPC_financial_statements_2025_consolidated_extracted.txt,165189,141585,165189,70,80,10454,138988
MPC,2025,MPC_financial_statements_2025_separate,separate,data/data/ViFinQA/financial_statements/MPC/2025/MPC_financial_statements_2025_separate/MPC_financial_statements_2025_separate_extracted.txt,138707,119560,138707,58,68,3439,116964
MSB,2015,MSB_financial_statements_2015_consolidated,consolidated,data/data/ViFinQA/financial_statements/MSB/2015/MSB_financial_statements_2015_consolidated/MSB_financial_statements_2015_consolidated_extracted.txt,24262,20685,24262,20,6,5473,19700
MSB,2015,MSB_financial_statements_2015_separate,separate,data/data/ViFinQA/financial_statements/MSB/2015/MSB_financial_statements_2015_separate/MSB_financial_statements_2015_separate_extracted.txt,23982,20925,23982,20,7,5438,19696
MSB,2016,MSB_financial_statements_2016_consolidated,consolidated,data/data/ViFinQA/financial_statements/MSB/2016/MSB_financial_statements_2016_consolidated/MSB_financial_statements_2016_consolidated_extracted.txt,25233,21648,25233,11,11,705,19898
MSB,2016,MSB_financial_statements_2016_separate,separate,data/data/ViFinQA/financial_statements/MSB/2016/MSB_financial_statements_2016_separate/MSB_financial_statements_2016_separate_extracted.txt,214089,181108,214089,75,99,8484,180268
MSB,2017,MSB_financial_statements_2017_consolidated,consolidated,data/data/ViFinQA/financial_statements/MSB/2017/MSB_financial_statements_2017_consolidated/MSB_financial_statements_2017_consolidated_extracted.txt,31471,27048,31471,11,11,705,25402
MSB,2017,MSB_financial_statements_2017_separate,separate,data/data/ViFinQA/financial_statements/MSB/2017/MSB_financial_statements_2017_separate/MSB_financial_statements_2017_separate_extracted.txt,222934,187825,222934,75,97,9344,187079
MSB,2018,MSB_financial_statements_2018_consolidated,consolidated,data/data/ViFinQA/financial_statements/MSB/2018/MSB_financial_statements_2018_consolidated/MSB_financial_statements_2018_consolidated_extracted.txt,249812,209333,249812,78,111,8759,208628
MSB,2018,MSB_financial_statements_2018_separate,separate,data/data/ViFinQA/financial_statements/MSB/2018/MSB_financial_statements_2018_separate/MSB_financial_statements_2018_separate_extracted.txt,242103,203140,242103,76,107,690,202435
MSB,2019,MSB_financial_statements_2019_consolidated,consolidated,data/data/ViFinQA/financial_statements/MSB/2019/MSB_financial_statements_2019_consolidated/MSB_financial_statements_2019_consolidated_extracted.txt,260564,218314,260564,79,112,496,217461
MSB,2019,MSB_financial_statements_2019_separate,separate,data/data/ViFinQA/financial_statements/MSB/2019/MSB_financial_statements_2019_separate/MSB_financial_statements_2019_separate_extracted.txt,247259,207324,247259,77,110,674,206469
MSB,2020,MSB_financial_statements_2020_consolidated,consolidated,data/data/ViFinQA/financial_statements/MSB/2020/MSB_financial_statements_2020_consolidated/MSB_financial_statements_2020_consolidated_extracted.txt,274483,229086,274483,86,108,831,227816
MSB,2020,MSB_financial_statements_2020_separate,separate,data/data/ViFinQA/financial_statements/MSB/2020/MSB_financial_statements_2020_separate/MSB_financial_statements_2020_separate_extracted.txt,255401,214033,255401,81,109,828,212731
MSB,2021,MSB_financial_statements_2021_consolidated,consolidated,data/data/ViFinQA/financial_statements/MSB/2021/MSB_financial_statements_2021_consolidated/MSB_financial_statements_2021_consolidated_extracted.txt,229765,190208,229765,72,110,2833,189538
MSB,2021,MSB_financial_statements_2021_separate,separate,data/data/ViFinQA/financial_statements/MSB/2021/MSB_financial_statements_2021_separate/MSB_financial_statements_2021_separate_extracted.txt,214270,177578,214270,69,99,2830,176945
MSB,2022,MSB_financial_statements_2022_consolidated,consolidated,data/data/ViFinQA/financial_statements/MSB/2022/MSB_financial_statements_2022_consolidated/MSB_financial_statements_2022_consolidated_extracted.txt,236352,196209,236352,76,126,4950,195397
MSB,2022,MSB_financial_statements_2022_separate,separate,data/data/ViFinQA/financial_statements/MSB/2022/MSB_financial_statements_2022_separate/MSB_financial_statements_2022_separate_extracted.txt,226379,188480,226379,74,121,2814,187687
MSB,2023,MSB_financial_statements_2023_consolidated,consolidated,data/data/ViFinQA/financial_statements/MSB/2023/MSB_financial_statements_2023_consolidated/MSB_financial_statements_2023_consolidated_extracted.txt,229485,189889,229485,77,120,2497,189219
MSB,2023,MSB_financial_statements_2023_separate,separate,data/data/ViFinQA/financial_statements/MSB/2023/MSB_financial_statements_2023_separate/MSB_financial_statements_2023_separate_extracted.txt,221766,183107,221766,76,108,2549,182379
MSB,2024,MSB_financial_statements_2024_consolidated,consolidated,data/data/ViFinQA/financial_statements/MSB/2024/MSB_financial_statements_2024_consolidated/MSB_financial_statements_2024_consolidated_extracted.txt,235606,194409,235606,76,99,2377,193728
MSB,2024,MSB_financial_statements_2024_separate,separate,data/data/ViFinQA/financial_statements/MSB/2024/MSB_financial_statements_2024_separate/MSB_financial_statements_2024_separate_extracted.txt,227256,187858,227256,74,102,2374,187177
MSB,2025,MSB_financial_statements_2025_consolidated,consolidated,data/data/ViFinQA/financial_statements/MSB/2025/MSB_financial_statements_2025_consolidated/MSB_financial_statements_2025_consolidated_extracted.txt,228639,189169,228639,76,107,2361,188499
MSB,2025,MSB_financial_statements_2025_separate,separate,data/data/ViFinQA/financial_statements/MSB/2025/MSB_financial_statements_2025_separate/MSB_financial_statements_2025_separate_extracted.txt,219289,181694,219289,72,99,2357,181006
MSN,2015,MSN_financial_statements_2015_consolidated,consolidated,data/data/ViFinQA/financial_statements/MSN/2015/MSN_financial_statements_2015_consolidated/MSN_financial_statements_2015_consolidated_extracted.txt,344064,288933,344064,118,117,304,285340
MSN,2015,MSN_financial_statements_2015_separate,separate,data/data/ViFinQA/financial_statements/MSN/2015/MSN_financial_statements_2015_separate/MSN_financial_statements_2015_separate_extracted.txt,344073,288945,344073,118,117,304,285352
MSN,2016,MSN_financial_statements_2016_consolidated,consolidated,data/data/ViFinQA/financial_statements/MSN/2016/MSN_financial_statements_2016_consolidated/MSN_financial_statements_2016_consolidated_extracted.txt,216646,180734,216646,84,85,219,179519
MSN,2016,MSN_financial_statements_2016_separate,separate,data/data/ViFinQA/financial_statements/MSN/2016/MSN_financial_statements_2016_separate/MSN_financial_statements_2016_separate_extracted.txt,81227,68549,81227,35,32,7601,66056
MSN,2017,MSN_financial_statements_2017_consolidated,consolidated,data/data/ViFinQA/financial_statements/MSN/2017/MSN_financial_statements_2017_consolidated/MSN_financial_statements_2017_consolidated_extracted.txt,208637,173987,208637,81,78,245,173019
MSN,2017,MSN_financial_statements_2017_separate,separate,data/data/ViFinQA/financial_statements/MSN/2017/MSN_financial_statements_2017_separate/MSN_financial_statements_2017_separate_extracted.txt,79939,67624,79939,34,35,197,65263
MSN,2018,MSN_financial_statements_2018_consolidated,consolidated,data/data/ViFinQA/financial_statements/MSN/2018/MSN_financial_statements_2018_consolidated/MSN_financial_statements_2018_consolidated_extracted.txt,202982,169394,202982,78,78,7604,168489
MSN,2018,MSN_financial_statements_2018_separate,separate,data/data/ViFinQA/financial_statements/MSN/2018/MSN_financial_statements_2018_separate/MSN_financial_statements_2018_separate_extracted.txt,80586,68048,80586,34,36,222,67563
MSN,2019,MSN_financial_statements_2019_consolidated,consolidated,data/data/ViFinQA/financial_statements/MSN/2019/MSN_financial_statements_2019_consolidated/MSN_financial_statements_2019_consolidated_extracted.txt,219132,182956,219132,85,86,219,178817
MSN,2019,MSN_financial_statements_2019_separate,separate,data/data/ViFinQA/financial_statements/MSN/2019/MSN_financial_statements_2019_separate/MSN_financial_statements_2019_separate_extracted.txt,79927,67741,79927,37,36,197,66630
MSN,2020,MSN_financial_statements_2020_consolidated,consolidated,data/data/ViFinQA/financial_statements/MSN/2020/MSN_financial_statements_2020_consolidated/MSN_financial_statements_2020_consolidated_extracted.txt,274346,228718,274346,94,94,220,227855
MSN,2020,MSN_financial_statements_2020_separate,separate,data/data/ViFinQA/financial_statements/MSN/2020/MSN_financial_statements_2020_separate/MSN_financial_statements_2020_separate_extracted.txt,90200,76564,90200,36,42,197,75828
MSN,2021,MSN_financial_statements_2021_consolidated,consolidated,data/data/ViFinQA/financial_statements/MSN/2021/MSN_financial_statements_2021_consolidated/MSN_financial_statements_2021_consolidated_extracted.txt,304556,253555,304556,102,113,364,248091
MSN,2021,MSN_financial_statements_2021_separate,separate,data/data/ViFinQA/financial_statements/MSN/2021/MSN_financial_statements_2021_separate/MSN_financial_statements_2021_separate_extracted.txt,100588,85285,100588,41,43,364,84004
MSN,2022,MSN_financial_statements_2022_consolidated,consolidated,data/data/ViFinQA/financial_statements/MSN/2022/MSN_financial_statements_2022_consolidated/MSN_financial_statements_2022_consolidated_extracted.txt,285988,238089,285988,105,98,2380,232662
MSN,2022,MSN_financial_statements_2022_separate,separate,data/data/ViFinQA/financial_statements/MSN/2022/MSN_financial_statements_2022_separate/MSN_financial_statements_2022_separate_extracted.txt,98583,84015,98583,41,41,9736,82546
MSN,2023,MSN_financial_statements_2023_consolidated,consolidated,data/data/ViFinQA/financial_statements/MSN/2023/MSN_financial_statements_2023_consolidated/MSN_financial_statements_2023_consolidated_extracted.txt,256528,212979,256528,86,82,709,210647
MSN,2023,MSN_financial_statements_2023_separate,separate,data/data/ViFinQA/financial_statements/MSN/2023/MSN_financial_statements_2023_separate/MSN_financial_statements_2023_separate_extracted.txt,91449,77423,91449,40,45,712,75751
MSN,2024,MSN_financial_statements_2024_consolidated,consolidated,data/data/ViFinQA/financial_statements/MSN/2024/MSN_financial_statements_2024_consolidated/MSN_financial_statements_2024_consolidated_extracted.txt,263117,218378,263117,88,81,745,216953
MSN,2024,MSN_financial_statements_2024_separate,separate,data/data/ViFinQA/financial_statements/MSN/2024/MSN_financial_statements_2024_separate/MSN_financial_statements_2024_separate_extracted.txt,106079,90669,106079,38,43,743,81816
MSN,2025,MSN_financial_statements_2025_consolidated,consolidated,data/data/ViFinQA/financial_statements/MSN/2025/MSN_financial_statements_2025_consolidated/MSN_financial_statements_2025_consolidated_extracted.txt,245721,203897,245721,86,80,2927,201988
MSN,2025,MSN_financial_statements_2025_separate,separate,data/data/ViFinQA/financial_statements/MSN/2025/MSN_financial_statements_2025_separate/MSN_financial_statements_2025_separate_extracted.txt,100124,84698,100124,41,42,2818,83409
MSR,2015,MSR_financial_statements_2015_consolidated,consolidated,data/data/ViFinQA/financial_statements/MSR/2015/MSR_financial_statements_2015_consolidated/MSR_financial_statements_2015_consolidated_extracted.txt,179635,151821,179635,64,64,6964,150871
MSR,2015,MSR_financial_statements_2015_separate,separate,data/data/ViFinQA/financial_statements/MSR/2015/MSR_financial_statements_2015_separate/MSR_financial_statements_2015_separate_extracted.txt,179630,151819,179630,64,64,6964,150869
MSR,2016,MSR_financial_statements_2016_consolidated,consolidated,data/data/ViFinQA/financial_statements/MSR/2016/MSR_financial_statements_2016_consolidated/MSR_financial_statements_2016_consolidated_extracted.txt,144227,121469,144227,52,51,7358,120883
MSR,2016,MSR_financial_statements_2016_separate,separate,data/data/ViFinQA/financial_statements/MSR/2016/MSR_financial_statements_2016_separate/MSR_financial_statements_2016_separate_extracted.txt,144226,121470,144226,52,51,7358,120884
MSR,2017,MSR_financial_statements_2017_consolidated,consolidated,data/data/ViFinQA/financial_statements/MSR/2017/MSR_financial_statements_2017_consolidated/MSR_financial_statements_2017_consolidated_extracted.txt,145207,122239,145207,54,56,949,121470
MSR,2017,MSR_financial_statements_2017_separate,separate,data/data/ViFinQA/financial_statements/MSR/2017/MSR_financial_statements_2017_separate/MSR_financial_statements_2017_separate_extracted.txt,145208,122240,145208,54,56,949,121471
MSR,2018,MSR_financial_statements_2018_consolidated,consolidated,data/data/ViFinQA/financial_statements/MSR/2018/MSR_financial_statements_2018_consolidated/MSR_financial_statements_2018_consolidated_extracted.txt,160597,134795,160597,60,60,2285,134151
MSR,2018,MSR_financial_statements_2018_separate,separate,data/data/ViFinQA/financial_statements/MSR/2018/MSR_financial_statements_2018_separate/MSR_financial_statements_2018_separate_extracted.txt,160597,134795,160597,60,60,2285,134151
MSR,2019,MSR_financial_statements_2019_consolidated,consolidated,data/data/ViFinQA/financial_statements/MSR/2019/MSR_financial_statements_2019_consolidated/MSR_financial_statements_2019_consolidated_extracted.txt,161792,134010,161792,57,53,8679,128554
MSR,2019,MSR_financial_statements_2019_separate,separate,data/data/ViFinQA/financial_statements/MSR/2019/MSR_financial_statements_2019_separate/MSR_financial_statements_2019_separate_extracted.txt,58530,48892,58530,24,23,2295,48403
MSR,2020,MSR_financial_statements_2020_consolidated,consolidated,data/data/ViFinQA/financial_statements/MSR/2020/MSR_financial_statements_2020_consolidated/MSR_financial_statements_2020_consolidated_extracted.txt,209659,173736,209659,69,59,2491,171969
MSR,2020,MSR_financial_statements_2020_separate,separate,data/data/ViFinQA/financial_statements/MSR/2020/MSR_financial_statements_2020_separate/MSR_financial_statements_2020_separate_extracted.txt,61056,50726,61056,24,20,8645,49852
MSR,2021,MSR_financial_statements_2021_consolidated,consolidated,data/data/ViFinQA/financial_statements/MSR/2021/MSR_financial_statements_2021_consolidated/MSR_financial_statements_2021_consolidated_extracted.txt,395182,356947,395182,146,127,3425,352787
MSR,2021,MSR_financial_statements_2021_separate,separate,data/data/ViFinQA/financial_statements/MSR/2021/MSR_financial_statements_2021_separate/MSR_financial_statements_2021_separate_extracted.txt,128714,115173,128714,48,46,3429,114212
MSR,2022,MSR_financial_statements_2022_consolidated,consolidated,data/data/ViFinQA/financial_statements/MSR/2022/MSR_financial_statements_2022_consolidated/MSR_financial_statements_2022_consolidated_extracted.txt,383568,346249,383568,143,116,11079,340455
MSR,2022,MSR_financial_statements_2022_separate,separate,data/data/ViFinQA/financial_statements/MSR/2022/MSR_financial_statements_2022_separate/MSR_financial_statements_2022_separate_extracted.txt,108188,97538,108188,49,45,4757,95411
MSR,2023,MSR_financial_statements_2023_consolidated,consolidated,data/data/ViFinQA/financial_statements/MSR/2023/MSR_financial_statements_2023_consolidated/MSR_financial_statements_2023_consolidated_extracted.txt,402959,364628,402959,151,129,4526,357281
MSR,2023,MSR_financial_statements_2023_separate,separate,data/data/ViFinQA/financial_statements/MSR/2023/MSR_financial_statements_2023_separate/MSR_financial_statements_2023_separate_extracted.txt,110798,100188,110798,51,47,4507,97856
MSR,2024,MSR_financial_statements_2024_consolidated,consolidated,data/data/ViFinQA/financial_statements/MSR/2024/MSR_financial_statements_2024_consolidated/MSR_financial_statements_2024_consolidated_extracted.txt,218687,181448,218687,78,64,3511,175009
MSR,2024,MSR_financial_statements_2024_separate,separate,data/data/ViFinQA/financial_statements/MSR/2024/MSR_financial_statements_2024_separate/MSR_financial_statements_2024_separate_extracted.txt,61200,51129,61200,26,27,3412,50007
MSR,2025,MSR_financial_statements_2025_consolidated,consolidated,data/data/ViFinQA/financial_statements/MSR/2025/MSR_financial_statements_2025_consolidated/MSR_financial_statements_2025_consolidated_extracted.txt,299594,271812,299594,116,114,598,265011
MSR,2025,MSR_financial_statements_2025_separate,separate,data/data/ViFinQA/financial_statements/MSR/2025/MSR_financial_statements_2025_separate/MSR_financial_statements_2025_separate_extracted.txt,102077,93063,102077,48,52,575,92063
MWG,2015,MWG_financial_statements_2015_consolidated,consolidated,data/data/ViFinQA/financial_statements/MWG/2015/MWG_financial_statements_2015_consolidated/MWG_financial_statements_2015_consolidated_extracted.txt,101006,83990,101006,34,40,1796,83356
MWG,2015,MWG_financial_statements_2015_separate,separate,data/data/ViFinQA/financial_statements/MWG/2015/MWG_financial_statements_2015_separate/MWG_financial_statements_2015_separate_extracted.txt,60677,49972,60677,22,18,1770,47638
MWG,2016,MWG_financial_statements_2016_consolidated,consolidated,data/data/ViFinQA/financial_statements/MWG/2016/MWG_financial_statements_2016_consolidated/MWG_financial_statements_2016_consolidated_extracted.txt,86260,72376,86260,29,35,2130,71568
MWG,2016,MWG_financial_statements_2016_separate,separate,data/data/ViFinQA/financial_statements/MWG/2016/MWG_financial_statements_2016_separate/MWG_financial_statements_2016_separate_extracted.txt,43919,36260,43919,17,14,181,35026
MWG,2017,MWG_financial_statements_2017_consolidated,consolidated,data/data/ViFinQA/financial_statements/MWG/2017/MWG_financial_statements_2017_consolidated/MWG_financial_statements_2017_consolidated_extracted.txt,107970,90911,107970,37,49,184,87539
MWG,2017,MWG_financial_statements_2017_separate,separate,data/data/ViFinQA/financial_statements/MWG/2017/MWG_financial_statements_2017_separate/MWG_financial_statements_2017_separate_extracted.txt,61906,51422,61906,21,22,181,48220
MWG,2018,MWG_financial_statements_2018_consolidated,consolidated,data/data/ViFinQA/financial_statements/MWG/2018/MWG_financial_statements_2018_consolidated/MWG_financial_statements_2018_consolidated_extracted.txt,114483,96393,114483,38,54,211,95753
MWG,2018,MWG_financial_statements_2018_separate,separate,data/data/ViFinQA/financial_statements/MWG/2018/MWG_financial_statements_2018_separate/MWG_financial_statements_2018_separate_extracted.txt,63248,52671,63248,23,24,208,51821
MWG,2019,MWG_financial_statements_2019_consolidated,consolidated,data/data/ViFinQA/financial_statements/MWG/2019/MWG_financial_statements_2019_consolidated/MWG_financial_statements_2019_consolidated_extracted.txt,111490,93889,111490,38,49,211,92503
MWG,2019,MWG_financial_statements_2019_separate,separate,data/data/ViFinQA/financial_statements/MWG/2019/MWG_financial_statements_2019_separate/MWG_financial_statements_2019_separate_extracted.txt,60695,50899,60695,25,24,208,48547
MWG,2020,MWG_financial_statements_2020_consolidated,consolidated,data/data/ViFinQA/financial_statements/MWG/2020/MWG_financial_statements_2020_consolidated/MWG_financial_statements_2020_consolidated_extracted.txt,116964,98378,116964,38,52,248,96804
MWG,2020,MWG_financial_statements_2020_separate,separate,data/data/ViFinQA/financial_statements/MWG/2020/MWG_financial_statements_2020_separate/MWG_financial_statements_2020_separate_extracted.txt,63258,52926,63258,25,30,245,50158
MWG,2021,MWG_financial_statements_2021_consolidated,consolidated,data/data/ViFinQA/financial_statements/MWG/2021/MWG_financial_statements_2021_consolidated/MWG_financial_statements_2021_consolidated_extracted.txt,124259,104659,124259,39,47,211,103175
MWG,2021,MWG_financial_statements_2021_separate,separate,data/data/ViFinQA/financial_statements/MWG/2021/MWG_financial_statements_2021_separate/MWG_financial_statements_2021_separate_extracted.txt,66643,55859,66643,27,30,208,54436
MWG,2022,MWG_financial_statements_2022_consolidated,consolidated,data/data/ViFinQA/financial_statements/MWG/2022/MWG_financial_statements_2022_consolidated/MWG_financial_statements_2022_consolidated_extracted.txt,121160,102121,121160,39,54,211,101725
MWG,2022,MWG_financial_statements_2022_separate,separate,data/data/ViFinQA/financial_statements/MWG/2022/MWG_financial_statements_2022_separate/MWG_financial_statements_2022_separate_extracted.txt,70830,59304,70830,26,36,208,58935
MWG,2023,MWG_financial_statements_2023_consolidated,consolidated,data/data/ViFinQA/financial_statements/MWG/2023/MWG_financial_statements_2023_consolidated/MWG_financial_statements_2023_consolidated_extracted.txt,125065,105825,125065,43,52,211,102690
MWG,2023,MWG_financial_statements_2023_separate,separate,data/data/ViFinQA/financial_statements/MWG/2023/MWG_financial_statements_2023_separate/MWG_financial_statements_2023_separate_extracted.txt,65454,54887,65454,27,32,208,54122
MWG,2024,MWG_financial_statements_2024_consolidated,consolidated,data/data/ViFinQA/financial_statements/MWG/2024/MWG_financial_statements_2024_consolidated/MWG_financial_statements_2024_consolidated_extracted.txt,128659,108715,128659,44,58,249,105599
MWG,2024,MWG_financial_statements_2024_separate,separate,data/data/ViFinQA/financial_statements/MWG/2024/MWG_financial_statements_2024_separate/MWG_financial_statements_2024_separate_extracted.txt,64750,54173,64750,28,29,1738,53414
MWG,2025,MWG_financial_statements_2025_consolidated,consolidated,data/data/ViFinQA/financial_statements/MWG/2025/MWG_financial_statements_2025_consolidated/MWG_financial_statements_2025_consolidated_extracted.txt,138410,116588,138410,46,58,1894,113284
MWG,2025,MWG_financial_statements_2025_separate,separate,data/data/ViFinQA/financial_statements/MWG/2025/MWG_financial_statements_2025_separate/MWG_financial_statements_2025_separate_extracted.txt,76923,63907,76923,29,32,246,63448
NAB,2020,NAB_financial_statements_2020_consolidated,consolidated,data/data/ViFinQA/financial_statements/NAB/2020/NAB_financial_statements_2020_consolidated/NAB_financial_statements_2020_consolidated_extracted.txt,301363,250283,301363,94,112,765,248529
NAB,2020,NAB_financial_statements_2020_separate,separate,data/data/ViFinQA/financial_statements/NAB/2020/NAB_financial_statements_2020_separate/NAB_financial_statements_2020_separate_extracted.txt,294904,246014,294904,90,112,724,244644
NAB,2021,NAB_financial_statements_2021_consolidated,consolidated,data/data/ViFinQA/financial_statements/NAB/2021/NAB_financial_statements_2021_consolidated/NAB_financial_statements_2021_consolidated_extracted.txt,314976,262048,314976,96,115,317,260592
NAB,2021,NAB_financial_statements_2021_separate,separate,data/data/ViFinQA/financial_statements/NAB/2021/NAB_financial_statements_2021_separate/NAB_financial_statements_2021_separate_extracted.txt,307431,256546,307431,93,108,716,255115
NAB,2022,NAB_financial_statements_2022_consolidated_1,unknown,data/data/ViFinQA/financial_statements/NAB/2022/NAB_financial_statements_2022_consolidated_1/NAB_financial_statements_2022_consolidated_1_extracted.txt,265743,218233,265743,86,116,238,217333
NAB,2022,NAB_financial_statements_2022_consolidated_2,unknown,data/data/ViFinQA/financial_statements/NAB/2022/NAB_financial_statements_2022_consolidated_2/NAB_financial_statements_2022_consolidated_2_extracted.txt,265510,217995,265510,86,116,238,217095
NAB,2022,NAB_financial_statements_2022_separate,separate,data/data/ViFinQA/financial_statements/NAB/2022/NAB_financial_statements_2022_separate/NAB_financial_statements_2022_separate_extracted.txt,289239,244081,289239,82,123,231,243158
NAB,2023,NAB_financial_statements_2023_consolidated_1,unknown,data/data/ViFinQA/financial_statements/NAB/2023/NAB_financial_statements_2023_consolidated_1/NAB_financial_statements_2023_consolidated_1_extracted.txt,251015,206822,251015,85,111,385,205889
NAB,2023,NAB_financial_statements_2023_consolidated_2,unknown,data/data/ViFinQA/financial_statements/NAB/2023/NAB_financial_statements_2023_consolidated_2/NAB_financial_statements_2023_consolidated_2_extracted.txt,251080,206889,251080,85,111,385,205956
NAB,2023,NAB_financial_statements_2023_separate,separate,data/data/ViFinQA/financial_statements/NAB/2023/NAB_financial_statements_2023_separate/NAB_financial_statements_2023_separate_extracted.txt,241372,199336,241372,82,115,365,198403
NAB,2024,NAB_financial_statements_2024_consolidated,consolidated,data/data/ViFinQA/financial_statements/NAB/2024/NAB_financial_statements_2024_consolidated/NAB_financial_statements_2024_consolidated_extracted.txt,256412,211123,256412,84,125,3183,210330
NAB,2024,NAB_financial_statements_2024_separate,separate,data/data/ViFinQA/financial_statements/NAB/2024/NAB_financial_statements_2024_separate/NAB_financial_statements_2024_separate_extracted.txt,245653,202864,245653,83,119,3178,202071
NAB,2025,NAB_financial_statements_2025_consolidated,consolidated,data/data/ViFinQA/financial_statements/NAB/2025/NAB_financial_statements_2025_consolidated/NAB_financial_statements_2025_consolidated_extracted.txt,257393,212463,257393,85,116,3052,211531
NAB,2025,NAB_financial_statements_2025_separate,separate,data/data/ViFinQA/financial_statements/NAB/2025/NAB_financial_statements_2025_separate/NAB_financial_statements_2025_separate_extracted.txt,253547,210350,253547,84,122,3051,209607
NKG,2016,NKG_financial_statements_2016_consolidated,consolidated,data/data/ViFinQA/financial_statements/NKG/2016/NKG_financial_statements_2016_consolidated/NKG_financial_statements_2016_consolidated_extracted.txt,188576,159909,188576,54,62,1082,156825
NKG,2016,NKG_financial_statements_2016_separate,separate,data/data/ViFinQA/financial_statements/NKG/2016/NKG_financial_statements_2016_separate/NKG_financial_statements_2016_separate_extracted.txt,165060,137614,165060,54,65,1056,134117
NKG,2017,NKG_financial_statements_2017_consolidated,consolidated,data/data/ViFinQA/financial_statements/NKG/2017/NKG_financial_statements_2017_consolidated/NKG_financial_statements_2017_consolidated_extracted.txt,117284,98371,117284,44,61,1030,97880
NKG,2017,NKG_financial_statements_2017_separate,separate,data/data/ViFinQA/financial_statements/NKG/2017/NKG_financial_statements_2017_separate/NKG_financial_statements_2017_separate_extracted.txt,107427,91122,107427,43,62,1000,90635
NKG,2018,NKG_financial_statements_2018_consolidated,consolidated,data/data/ViFinQA/financial_statements/NKG/2018/NKG_financial_statements_2018_consolidated/NKG_financial_statements_2018_consolidated_extracted.txt,112278,94534,112278,44,62,1029,93984
NKG,2018,NKG_financial_statements_2018_separate,separate,data/data/ViFinQA/financial_statements/NKG/2018/NKG_financial_statements_2018_separate/NKG_financial_statements_2018_separate_extracted.txt,102655,87195,102655,43,56,999,86654
NKG,2019,NKG_financial_statements_2019_consolidated,consolidated,data/data/ViFinQA/financial_statements/NKG/2019/NKG_financial_statements_2019_consolidated/NKG_financial_statements_2019_consolidated_extracted.txt,108529,91148,108529,42,49,950,90674
NKG,2019,NKG_financial_statements_2019_separate,separate,data/data/ViFinQA/financial_statements/NKG/2019/NKG_financial_statements_2019_separate/NKG_financial_statements_2019_separate_extracted.txt,104740,88317,104740,42,51,915,87683
NKG,2020,NKG_financial_statements_2020_consolidated,consolidated,data/data/ViFinQA/financial_statements/NKG/2020/NKG_financial_statements_2020_consolidated/NKG_financial_statements_2020_consolidated_extracted.txt,115760,97812,115760,44,63,949,97334
NKG,2020,NKG_financial_statements_2020_separate,separate,data/data/ViFinQA/financial_statements/NKG/2020/NKG_financial_statements_2020_separate/NKG_financial_statements_2020_separate_extracted.txt,112957,95676,112957,43,59,915,95032
NKG,2021,NKG_financial_statements_2021_consolidated,consolidated,data/data/ViFinQA/financial_statements/NKG/2021/NKG_financial_statements_2021_consolidated/NKG_financial_statements_2021_consolidated_extracted.txt,128803,110139,128803,48,57,443,109604
NKG,2021,NKG_financial_statements_2021_separate,separate,data/data/ViFinQA/financial_statements/NKG/2021/NKG_financial_statements_2021_separate/NKG_financial_statements_2021_separate_extracted.txt,114809,97104,114809,48,60,1090,96299
NKG,2022,NKG_financial_statements_2022_consolidated,consolidated,data/data/ViFinQA/financial_statements/NKG/2022/NKG_financial_statements_2022_consolidated/NKG_financial_statements_2022_consolidated_extracted.txt,132305,112640,132305,48,61,929,112012
NKG,2022,NKG_financial_statements_2022_separate,separate,data/data/ViFinQA/financial_statements/NKG/2022/NKG_financial_statements_2022_separate/NKG_financial_statements_2022_separate_extracted.txt,121598,103468,121598,46,67,1108,103016
NKG,2023,NKG_financial_statements_2023_consolidated,consolidated,data/data/ViFinQA/financial_statements/NKG/2023/NKG_financial_statements_2023_consolidated/NKG_financial_statements_2023_consolidated_extracted.txt,126574,105110,126574,48,60,1174,104433
NKG,2023,NKG_financial_statements_2023_separate,separate,data/data/ViFinQA/financial_statements/NKG/2023/NKG_financial_statements_2023_separate/NKG_financial_statements_2023_separate_extracted.txt,121713,101727,121713,48,64,1079,101059
NKG,2024,NKG_financial_statements_2024_consolidated,consolidated,data/data/ViFinQA/financial_statements/NKG/2024/NKG_financial_statements_2024_consolidated/NKG_financial_statements_2024_consolidated_extracted.txt,133042,111461,133042,50,61,885,110180
NKG,2024,NKG_financial_statements_2024_separate,separate,data/data/ViFinQA/financial_statements/NKG/2024/NKG_financial_statements_2024_separate/NKG_financial_statements_2024_separate_extracted.txt,133545,112919,133545,49,66,1125,111777
NKG,2025,NKG_financial_statements_2025_consolidated,consolidated,data/data/ViFinQA/financial_statements/NKG/2025/NKG_financial_statements_2025_consolidated/NKG_financial_statements_2025_consolidated_extracted.txt,139636,117156,139636,51,62,1245,116790
NKG,2025,NKG_financial_statements_2025_separate,separate,data/data/ViFinQA/financial_statements/NKG/2025/NKG_financial_statements_2025_separate/NKG_financial_statements_2025_separate_extracted.txt,137623,117110,137623,51,63,1204,116758
NLG,2015,NLG_financial_statements_2015_consolidated,consolidated,data/data/ViFinQA/financial_statements/NLG/2015/NLG_financial_statements_2015_consolidated/NLG_financial_statements_2015_consolidated_extracted.txt,164351,137832,164351,54,67,174,137466
NLG,2015,NLG_financial_statements_2015_separate,separate,data/data/ViFinQA/financial_statements/NLG/2015/NLG_financial_statements_2015_separate/NLG_financial_statements_2015_separate_extracted.txt,151947,128331,151947,49,68,171,127326
NLG,2016,NLG_financial_statements_2016_consolidated,consolidated,data/data/ViFinQA/financial_statements/NLG/2016/NLG_financial_statements_2016_consolidated/NLG_financial_statements_2016_consolidated_extracted.txt,153728,129519,153728,48,63,168,127754
NLG,2016,NLG_financial_statements_2016_separate,separate,data/data/ViFinQA/financial_statements/NLG/2016/NLG_financial_statements_2016_separate/NLG_financial_statements_2016_separate_extracted.txt,137363,116295,137363,45,63,165,114642
NLG,2017,NLG_financial_statements_2017_consolidated,consolidated,data/data/ViFinQA/financial_statements/NLG/2017/NLG_financial_statements_2017_consolidated/NLG_financial_statements_2017_consolidated_extracted.txt,148140,124660,148140,49,59,1241,122582
NLG,2017,NLG_financial_statements_2017_separate,separate,data/data/ViFinQA/financial_statements/NLG/2017/NLG_financial_statements_2017_separate/NLG_financial_statements_2017_separate_extracted.txt,132357,112431,132357,43,59,165,110549
NLG,2018,NLG_financial_statements_2018_consolidated,consolidated,data/data/ViFinQA/financial_statements/NLG/2018/NLG_financial_statements_2018_consolidated/NLG_financial_statements_2018_consolidated_extracted.txt,157481,132363,157481,51,58,1289,130111
NLG,2018,NLG_financial_statements_2018_separate,separate,data/data/ViFinQA/financial_statements/NLG/2018/NLG_financial_statements_2018_separate/NLG_financial_statements_2018_separate_extracted.txt,139735,117173,139735,43,60,192,115771
NLG,2019,NLG_financial_statements_2019_consolidated,consolidated,data/data/ViFinQA/financial_statements/NLG/2019/NLG_financial_statements_2019_consolidated/NLG_financial_statements_2019_consolidated_extracted.txt,164968,139234,164968,52,76,1316,137572
NLG,2019,NLG_financial_statements_2019_separate,separate,data/data/ViFinQA/financial_statements/NLG/2019/NLG_financial_statements_2019_separate/NLG_financial_statements_2019_separate_extracted.txt,138237,117660,138237,44,59,1235,115635
NLG,2020,NLG_financial_statements_2020_consolidated,consolidated,data/data/ViFinQA/financial_statements/NLG/2020/NLG_financial_statements_2020_consolidated/NLG_financial_statements_2020_consolidated_extracted.txt,166405,140533,166405,53,68,195,138666
NLG,2020,NLG_financial_statements_2020_separate,separate,data/data/ViFinQA/financial_statements/NLG/2020/NLG_financial_statements_2020_separate/NLG_financial_statements_2020_separate_extracted.txt,144350,122782,144350,49,58,192,121323
NLG,2021,NLG_financial_statements_2021_consolidated,consolidated,data/data/ViFinQA/financial_statements/NLG/2021/NLG_financial_statements_2021_consolidated/NLG_financial_statements_2021_consolidated_extracted.txt,185446,156417,185446,59,78,195,154753
NLG,2021,NLG_financial_statements_2021_separate,separate,data/data/ViFinQA/financial_statements/NLG/2021/NLG_financial_statements_2021_separate/NLG_financial_statements_2021_separate_extracted.txt,156581,133707,156581,52,64,192,132066
NLG,2022,NLG_financial_statements_2022_consolidated,consolidated,data/data/ViFinQA/financial_statements/NLG/2022/NLG_financial_statements_2022_consolidated/NLG_financial_statements_2022_consolidated_extracted.txt,171247,144877,171247,60,72,195,144344
NLG,2022,NLG_financial_statements_2022_separate,separate,data/data/ViFinQA/financial_statements/NLG/2022/NLG_financial_statements_2022_separate/NLG_financial_statements_2022_separate_extracted.txt,155597,133071,155597,52,65,192,132067
NLG,2023,NLG_financial_statements_2023_consolidated,consolidated,data/data/ViFinQA/financial_statements/NLG/2023/NLG_financial_statements_2023_consolidated/NLG_financial_statements_2023_consolidated_extracted.txt,178926,151173,178926,62,74,362,150364
NLG,2023,NLG_financial_statements_2023_separate,separate,data/data/ViFinQA/financial_statements/NLG/2023/NLG_financial_statements_2023_separate/NLG_financial_statements_2023_separate_extracted.txt,169246,145501,169246,56,66,360,144965
NLG,2024,NLG_financial_statements_2024_consolidated,consolidated,data/data/ViFinQA/financial_statements/NLG/2024/NLG_financial_statements_2024_consolidated/NLG_financial_statements_2024_consolidated_extracted.txt,180883,153046,180883,65,76,229,152249
NLG,2024,NLG_financial_statements_2024_separate,separate,data/data/ViFinQA/financial_statements/NLG/2024/NLG_financial_statements_2024_separate/NLG_financial_statements_2024_separate_extracted.txt,318427,293701,318427,124,140,230,292897
NLG,2025,NLG_financial_statements_2025_consolidated,consolidated,data/data/ViFinQA/financial_statements/NLG/2025/NLG_financial_statements_2025_consolidated/NLG_financial_statements_2025_consolidated_extracted.txt,327898,300672,327898,128,150,2470,299831
NLG,2025,NLG_financial_statements_2025_separate,separate,data/data/ViFinQA/financial_statements/NLG/2025/NLG_financial_statements_2025_separate/NLG_financial_statements_2025_separate_extracted.txt,332977,307069,332977,124,145,2534,306170
NVB,2015,NVB_financial_statements_2015_consolidated,consolidated,data/data/ViFinQA/financial_statements/NVB/2015/NVB_financial_statements_2015_consolidated/NVB_financial_statements_2015_consolidated_extracted.txt,181589,153383,181589,51,60,4113,148649
NVB,2015,NVB_financial_statements_2015_separate,separate,data/data/ViFinQA/financial_statements/NVB/2015/NVB_financial_statements_2015_separate/NVB_financial_statements_2015_separate_extracted.txt,180962,152974,180962,50,64,4025,148320
NVB,2016,NVB_financial_statements_2016_consolidated,consolidated,data/data/ViFinQA/financial_statements/NVB/2016/NVB_financial_statements_2016_consolidated/NVB_financial_statements_2016_consolidated_extracted.txt,184445,154697,184445,53,63,4099,149950
NVB,2016,NVB_financial_statements_2016_separate,separate,data/data/ViFinQA/financial_statements/NVB/2016/NVB_financial_statements_2016_separate/NVB_financial_statements_2016_separate_extracted.txt,185532,156927,185532,50,66,3966,152311
NVB,2017,NVB_financial_statements_2017_consolidated,consolidated,data/data/ViFinQA/financial_statements/NVB/2017/NVB_financial_statements_2017_consolidated/NVB_financial_statements_2017_consolidated_extracted.txt,181752,152481,181752,53,61,4061,147752
NVB,2017,NVB_financial_statements_2017_separate,separate,data/data/ViFinQA/financial_statements/NVB/2017/NVB_financial_statements_2017_separate/NVB_financial_statements_2017_separate_extracted.txt,178733,149988,178733,51,64,3929,145595
NVB,2018,NVB_financial_statements_2018_consolidated,consolidated,data/data/ViFinQA/financial_statements/NVB/2018/NVB_financial_statements_2018_consolidated/NVB_financial_statements_2018_consolidated_extracted.txt,38879,32730,38879,15,11,4073,31202
NVB,2018,NVB_financial_statements_2018_separate,separate,data/data/ViFinQA/financial_statements/NVB/2018/NVB_financial_statements_2018_separate/NVB_financial_statements_2018_separate_extracted.txt,38166,32241,38166,14,10,3975,30680
NVB,2019,NVB_financial_statements_2019_consolidated,consolidated,data/data/ViFinQA/financial_statements/NVB/2019/NVB_financial_statements_2019_consolidated/NVB_financial_statements_2019_consolidated_extracted.txt,184335,154049,184335,53,58,4116,149559
NVB,2019,NVB_financial_statements_2019_separate,separate,data/data/ViFinQA/financial_statements/NVB/2019/NVB_financial_statements_2019_separate/NVB_financial_statements_2019_separate_extracted.txt,181446,151939,181446,51,64,4021,147709
NVB,2020,NVB_financial_statements_2020_consolidated_1,unknown,data/data/ViFinQA/financial_statements/NVB/2020/NVB_financial_statements_2020_consolidated_1/NVB_financial_statements_2020_consolidated_1_extracted.txt,179756,150477,179756,53,60,4227,145835
NVB,2020,NVB_financial_statements_2020_consolidated_2,unknown,data/data/ViFinQA/financial_statements/NVB/2020/NVB_financial_statements_2020_consolidated_2/NVB_financial_statements_2020_consolidated_2_extracted.txt,179732,150431,179732,53,60,4232,145789
NVB,2020,NVB_financial_statements_2020_separate,separate,data/data/ViFinQA/financial_statements/NVB/2020/NVB_financial_statements_2020_separate/NVB_financial_statements_2020_separate_extracted.txt,178929,150636,178929,51,58,4093,146416
NVB,2021,NVB_financial_statements_2021_consolidated,consolidated,data/data/ViFinQA/financial_statements/NVB/2021/NVB_financial_statements_2021_consolidated/NVB_financial_statements_2021_consolidated_extracted.txt,177514,147861,177514,53,57,4096,143353
NVB,2021,NVB_financial_statements_2021_separate,separate,data/data/ViFinQA/financial_statements/NVB/2021/NVB_financial_statements_2021_separate/NVB_financial_statements_2021_separate_extracted.txt,175186,146162,175186,51,59,3990,141967
NVB,2022,NVB_financial_statements_2022_consolidated,consolidated,data/data/ViFinQA/financial_statements/NVB/2022/NVB_financial_statements_2022_consolidated/NVB_financial_statements_2022_consolidated_extracted.txt,179697,149869,179697,52,64,4219,145549
NVB,2022,NVB_financial_statements_2022_separate,separate,data/data/ViFinQA/financial_statements/NVB/2022/NVB_financial_statements_2022_separate/NVB_financial_statements_2022_separate_extracted.txt,178699,149368,178699,52,57,4142,144888
NVB,2023,NVB_financial_statements_2023_consolidated,consolidated,data/data/ViFinQA/financial_statements/NVB/2023/NVB_financial_statements_2023_consolidated/NVB_financial_statements_2023_consolidated_extracted.txt,213576,174035,213576,52,58,6444,167188
NVB,2023,NVB_financial_statements_2023_separate,separate,data/data/ViFinQA/financial_statements/NVB/2023/NVB_financial_statements_2023_separate/NVB_financial_statements_2023_separate_extracted.txt,213377,174582,213377,52,59,5643,167306
NVB,2024,NVB_financial_statements_2024_consolidated,consolidated,data/data/ViFinQA/financial_statements/NVB/2024/NVB_financial_statements_2024_consolidated/NVB_financial_statements_2024_consolidated_extracted.txt,201175,165646,201175,56,63,4188,164024
NVB,2024,NVB_financial_statements_2024_separate,separate,data/data/ViFinQA/financial_statements/NVB/2024/NVB_financial_statements_2024_separate/NVB_financial_statements_2024_separate_extracted.txt,198701,163644,198701,56,62,4228,162084
NVB,2025,NVB_financial_statements_2025_consolidated,consolidated,data/data/ViFinQA/financial_statements/NVB/2025/NVB_financial_statements_2025_consolidated/NVB_financial_statements_2025_consolidated_extracted.txt,214973,175550,214973,58,67,5514,173670
NVB,2025,NVB_financial_statements_2025_separate,separate,data/data/ViFinQA/financial_statements/NVB/2025/NVB_financial_statements_2025_separate/NVB_financial_statements_2025_separate_extracted.txt,210469,173056,210469,57,70,682,171307
NVL,2016,NVL_financial_statements_2016_consolidated,consolidated,data/data/ViFinQA/financial_statements/NVL/2016/NVL_financial_statements_2016_consolidated/NVL_financial_statements_2016_consolidated_extracted.txt,227160,191729,227160,82,91,782,189935
NVL,2016,NVL_financial_statements_2016_separate,separate,data/data/ViFinQA/financial_statements/NVL/2016/NVL_financial_statements_2016_separate/NVL_financial_statements_2016_separate_extracted.txt,202946,173701,202946,75,100,761,173116
NVL,2017,NVL_financial_statements_2017_consolidated,consolidated,data/data/ViFinQA/financial_statements/NVL/2017/NVL_financial_statements_2017_consolidated/NVL_financial_statements_2017_consolidated_extracted.txt,233862,196386,233862,82,106,740,191495
NVL,2017,NVL_financial_statements_2017_separate,separate,data/data/ViFinQA/financial_statements/NVL/2017/NVL_financial_statements_2017_separate/NVL_financial_statements_2017_separate_extracted.txt,203669,173711,203669,75,93,960,170405
NVL,2018,NVL_financial_statements_2018_consolidated,consolidated,data/data/ViFinQA/financial_statements/NVL/2018/NVL_financial_statements_2018_consolidated/NVL_financial_statements_2018_consolidated_extracted.txt,233084,195272,233084,80,112,1038,193595
NVL,2018,NVL_financial_statements_2018_separate,separate,data/data/ViFinQA/financial_statements/NVL/2018/NVL_financial_statements_2018_separate/NVL_financial_statements_2018_separate_extracted.txt,193535,165063,193535,67,86,1012,164227
NVL,2019,NVL_financial_statements_2019_consolidated,consolidated,data/data/ViFinQA/financial_statements/NVL/2019/NVL_financial_statements_2019_consolidated/NVL_financial_statements_2019_consolidated_extracted.txt,316278,270783,316278,93,95,763,266848
NVL,2019,NVL_financial_statements_2019_separate,separate,data/data/ViFinQA/financial_statements/NVL/2019/NVL_financial_statements_2019_separate/NVL_financial_statements_2019_separate_extracted.txt,206217,174102,206217,75,102,1011,173254
NVL,2020,NVL_financial_statements_2020_consolidated,consolidated,data/data/ViFinQA/financial_statements/NVL/2020/NVL_financial_statements_2020_consolidated/NVL_financial_statements_2020_consolidated_extracted.txt,319013,270638,319013,94,105,1010,268903
NVL,2020,NVL_financial_statements_2020_separate,separate,data/data/ViFinQA/financial_statements/NVL/2020/NVL_financial_statements_2020_separate/NVL_financial_statements_2020_separate_extracted.txt,204136,172129,204136,69,89,1021,171051
NVL,2021,NVL_financial_statements_2021_consolidated,consolidated,data/data/ViFinQA/financial_statements/NVL/2021/NVL_financial_statements_2021_consolidated/NVL_financial_statements_2021_consolidated_extracted.txt,291279,241986,291279,92,89,738,241326
NVL,2021,NVL_financial_statements_2021_separate,separate,data/data/ViFinQA/financial_statements/NVL/2021/NVL_financial_statements_2021_separate/NVL_financial_statements_2021_separate_extracted.txt,212730,179349,212730,71,79,8490,178647
NVL,2022,NVL_financial_statements_2022_consolidated,consolidated,data/data/ViFinQA/financial_statements/NVL/2022/NVL_financial_statements_2022_consolidated/NVL_financial_statements_2022_consolidated_extracted.txt,335799,278727,335799,102,99,326,278039
NVL,2022,NVL_financial_statements_2022_separate,separate,data/data/ViFinQA/financial_statements/NVL/2022/NVL_financial_statements_2022_separate/NVL_financial_statements_2022_separate_extracted.txt,255809,213325,255809,82,89,326,212626
NVL,2023,NVL_financial_statements_2023_consolidated,consolidated,data/data/ViFinQA/financial_statements/NVL/2023/NVL_financial_statements_2023_consolidated/NVL_financial_statements_2023_consolidated_extracted.txt,325197,269764,325197,101,88,397,263096
NVL,2023,NVL_financial_statements_2023_separate,separate,data/data/ViFinQA/financial_statements/NVL/2023/NVL_financial_statements_2023_separate/NVL_financial_statements_2023_separate_extracted.txt,246891,205832,246891,83,95,397,201106
NVL,2024,NVL_financial_statements_2024_consolidated,consolidated,data/data/ViFinQA/financial_statements/NVL/2024/NVL_financial_statements_2024_consolidated/NVL_financial_statements_2024_consolidated_extracted.txt,378392,309955,378392,86,85,658,307014
NVL,2024,NVL_financial_statements_2024_separate,separate,data/data/ViFinQA/financial_statements/NVL/2024/NVL_financial_statements_2024_separate/NVL_financial_statements_2024_separate_extracted.txt,320992,267285,320992,79,86,658,264390
NVL,2025,NVL_financial_statements_2025_consolidated,consolidated,data/data/ViFinQA/financial_statements/NVL/2025/NVL_financial_statements_2025_consolidated/NVL_financial_statements_2025_consolidated_extracted.txt,406236,330698,406236,91,85,4586,328951
NVL,2025,NVL_financial_statements_2025_separate,separate,data/data/ViFinQA/financial_statements/NVL/2025/NVL_financial_statements_2025_separate/NVL_financial_statements_2025_separate_extracted.txt,325762,270551,325762,81,88,4585,268863
OCB,2017,OCB_financial_statements_2017_consolidated,consolidated,data/data/ViFinQA/financial_statements/OCB/2017/OCB_financial_statements_2017_consolidated/OCB_financial_statements_2017_consolidated_extracted.txt,281427,237320,281427,91,102,222,236778
OCB,2017,OCB_financial_statements_2017_separate,separate,data/data/ViFinQA/financial_statements/OCB/2017/OCB_financial_statements_2017_separate/OCB_financial_statements_2017_separate_extracted.txt,276716,234058,276716,89,104,219,233519
OCB,2018,OCB_financial_statements_2018_consolidated,consolidated,data/data/ViFinQA/financial_statements/OCB/2018/OCB_financial_statements_2018_consolidated/OCB_financial_statements_2018_consolidated_extracted.txt,284116,238485,284116,91,95,222,238011
OCB,2018,OCB_financial_statements_2018_separate,separate,data/data/ViFinQA/financial_statements/OCB/2018/OCB_financial_statements_2018_separate/OCB_financial_statements_2018_separate_extracted.txt,282863,238849,282863,91,105,219,238375
OCB,2019,OCB_financial_statements_2019_consolidated,consolidated,data/data/ViFinQA/financial_statements/OCB/2019/OCB_financial_statements_2019_consolidated/OCB_financial_statements_2019_consolidated_extracted.txt,283612,238607,283612,91,97,222,237675
OCB,2019,OCB_financial_statements_2019_separate,separate,data/data/ViFinQA/financial_statements/OCB/2019/OCB_financial_statements_2019_separate/OCB_financial_statements_2019_separate_extracted.txt,280119,235543,280119,90,106,219,234614
OCB,2020,OCB_financial_statements_2020_consolidated,consolidated,data/data/ViFinQA/financial_statements/OCB/2020/OCB_financial_statements_2020_consolidated/OCB_financial_statements_2020_consolidated_extracted.txt,226082,189573,226082,70,100,1420,188336
OCB,2020,OCB_financial_statements_2020_separate,separate,data/data/ViFinQA/financial_statements/OCB/2020/OCB_financial_statements_2020_separate/OCB_financial_statements_2020_separate_extracted.txt,220775,184995,220775,70,98,1417,183741
OCB,2021,OCB_financial_statements_2021_consolidated,consolidated,data/data/ViFinQA/financial_statements/OCB/2021/OCB_financial_statements_2021_consolidated/OCB_financial_statements_2021_consolidated_extracted.txt,259509,216778,259509,78,101,1540,212980
OCB,2021,OCB_financial_statements_2021_separate,separate,data/data/ViFinQA/financial_statements/OCB/2021/OCB_financial_statements_2021_separate/OCB_financial_statements_2021_separate_extracted.txt,254058,212272,254058,77,102,1550,208434
OCB,2022,OCB_financial_statements_2022_consolidated_1,unknown,data/data/ViFinQA/financial_statements/OCB/2022/OCB_financial_statements_2022_consolidated_1/OCB_financial_statements_2022_consolidated_1_extracted.txt,249823,207974,249823,78,104,1628,206756
OCB,2022,OCB_financial_statements_2022_consolidated_2,unknown,data/data/ViFinQA/financial_statements/OCB/2022/OCB_financial_statements_2022_consolidated_2/OCB_financial_statements_2022_consolidated_2_extracted.txt,249469,207601,249469,78,104,1628,206383
OCB,2022,OCB_financial_statements_2022_separate_1,unknown,data/data/ViFinQA/financial_statements/OCB/2022/OCB_financial_statements_2022_separate_1/OCB_financial_statements_2022_separate_1_extracted.txt,249872,208673,249872,78,113,1625,207451
OCB,2022,OCB_financial_statements_2022_separate_2,unknown,data/data/ViFinQA/financial_statements/OCB/2022/OCB_financial_statements_2022_separate_2/OCB_financial_statements_2022_separate_2_extracted.txt,248968,207771,248968,78,113,1625,206549
OCB,2023,OCB_financial_statements_2023_consolidated,consolidated,data/data/ViFinQA/financial_statements/OCB/2023/OCB_financial_statements_2023_consolidated/OCB_financial_statements_2023_consolidated_extracted.txt,247670,206349,247670,78,105,5127,205122
OCB,2023,OCB_financial_statements_2023_separate,separate,data/data/ViFinQA/financial_statements/OCB/2023/OCB_financial_statements_2023_separate/OCB_financial_statements_2023_separate_extracted.txt,247580,206613,247580,79,110,1649,205391
OCB,2024,OCB_financial_statements_2024_consolidated,consolidated,data/data/ViFinQA/financial_statements/OCB/2024/OCB_financial_statements_2024_consolidated/OCB_financial_statements_2024_consolidated_extracted.txt,461751,418653,461751,155,215,2820,417481
OCB,2024,OCB_financial_statements_2024_separate,separate,data/data/ViFinQA/financial_statements/OCB/2024/OCB_financial_statements_2024_separate/OCB_financial_statements_2024_separate_extracted.txt,457463,414436,457463,153,219,2817,413276
OCB,2025,OCB_financial_statements_2025_consolidated,consolidated,data/data/ViFinQA/financial_statements/OCB/2025/OCB_financial_statements_2025_consolidated/OCB_financial_statements_2025_consolidated_extracted.txt,603393,551687,603393,206,248,2937,551367
OCB,2025,OCB_financial_statements_2025_separate,separate,data/data/ViFinQA/financial_statements/OCB/2025/OCB_financial_statements_2025_separate/OCB_financial_statements_2025_separate_extracted.txt,599103,548373,599103,202,240,2935,547575
OGC,2015,OGC_financial_statements_2015_consolidated,consolidated,data/data/ViFinQA/financial_statements/OGC/2015/OGC_financial_statements_2015_consolidated/OGC_financial_statements_2015_consolidated_extracted.txt,325194,267700,325194,78,83,2571,267312
OGC,2015,OGC_financial_statements_2015_separate,separate,data/data/ViFinQA/financial_statements/OGC/2015/OGC_financial_statements_2015_separate/OGC_financial_statements_2015_separate_extracted.txt,212224,175400,212224,55,55,1998,173193
OGC,2016,OGC_financial_statements_2016_consolidated,consolidated,data/data/ViFinQA/financial_statements/OGC/2016/OGC_financial_statements_2016_consolidated/OGC_financial_statements_2016_consolidated_extracted.txt,248973,206122,248973,65,64,2985,196775
OGC,2016,OGC_financial_statements_2016_separate,separate,data/data/ViFinQA/financial_statements/OGC/2016/OGC_financial_statements_2016_separate/OGC_financial_statements_2016_separate_extracted.txt,178578,146988,178578,45,53,1685,145540
OGC,2017,OGC_financial_statements_2017_consolidated,consolidated,data/data/ViFinQA/financial_statements/OGC/2017/OGC_financial_statements_2017_consolidated/OGC_financial_statements_2017_consolidated_extracted.txt,271033,223577,271033,71,71,18283,222501
OGC,2017,OGC_financial_statements_2017_separate,separate,data/data/ViFinQA/financial_statements/OGC/2017/OGC_financial_statements_2017_separate/OGC_financial_statements_2017_separate_extracted.txt,203900,166968,203900,57,57,16982,166164
OGC,2018,OGC_financial_statements_2018_consolidated,consolidated,data/data/ViFinQA/financial_statements/OGC/2018/OGC_financial_statements_2018_consolidated/OGC_financial_statements_2018_consolidated_extracted.txt,297437,246007,297437,73,70,2014,245502
OGC,2018,OGC_financial_statements_2018_separate,separate,data/data/ViFinQA/financial_statements/OGC/2018/OGC_financial_statements_2018_separate/OGC_financial_statements_2018_separate_extracted.txt,199003,164594,199003,54,55,1623,162815
OGC,2019,OGC_financial_statements_2019_consolidated,consolidated,data/data/ViFinQA/financial_statements/OGC/2019/OGC_financial_statements_2019_consolidated/OGC_financial_statements_2019_consolidated_extracted.txt,353098,287751,353098,88,74,17291,285363
OGC,2019,OGC_financial_statements_2019_separate,separate,data/data/ViFinQA/financial_statements/OGC/2019/OGC_financial_statements_2019_separate/OGC_financial_statements_2019_separate_extracted.txt,214571,175113,214571,61,54,18692,174353
OGC,2020,OGC_financial_statements_2020_consolidated,consolidated,data/data/ViFinQA/financial_statements/OGC/2020/OGC_financial_statements_2020_consolidated/OGC_financial_statements_2020_consolidated_extracted.txt,270411,222978,270411,72,72,1672,222073
OGC,2020,OGC_financial_statements_2020_separate,separate,data/data/ViFinQA/financial_statements/OGC/2020/OGC_financial_statements_2020_separate/OGC_financial_statements_2020_separate_extracted.txt,192045,158215,192045,54,56,1669,156741
OGC,2021,OGC_financial_statements_2021_consolidated,consolidated,data/data/ViFinQA/financial_statements/OGC/2021/OGC_financial_statements_2021_consolidated/OGC_financial_statements_2021_consolidated_extracted.txt,227162,188385,227162,60,60,1645,176448
OGC,2022,OGC_financial_statements_2022_consolidated,consolidated,data/data/ViFinQA/financial_statements/OGC/2022/OGC_financial_statements_2022_consolidated/OGC_financial_statements_2022_consolidated_extracted.txt,204850,171147,204850,57,63,1711,159187
OGC,2022,OGC_financial_statements_2022_separate,separate,data/data/ViFinQA/financial_statements/OGC/2022/OGC_financial_statements_2022_separate/OGC_financial_statements_2022_separate_extracted.txt,154171,128302,154171,45,54,1708,121004
OGC,2023,OGC_financial_statements_2023_consolidated,consolidated,data/data/ViFinQA/financial_statements/OGC/2023/OGC_financial_statements_2023_consolidated/OGC_financial_statements_2023_consolidated_extracted.txt,200817,169346,200817,62,65,2098,168912
OGC,2023,OGC_financial_statements_2023_separate,separate,data/data/ViFinQA/financial_statements/OGC/2023/OGC_financial_statements_2023_separate/OGC_financial_statements_2023_separate_extracted.txt,150567,126895,150567,46,57,2096,124011
OGC,2024,OGC_financial_statements_2024_consolidated,consolidated,data/data/ViFinQA/financial_statements/OGC/2024/OGC_financial_statements_2024_consolidated/OGC_financial_statements_2024_consolidated_extracted.txt,233632,194218,233632,57,64,3192,188643
OGC,2024,OGC_financial_statements_2024_separate,separate,data/data/ViFinQA/financial_statements/OGC/2024/OGC_financial_statements_2024_separate/OGC_financial_statements_2024_separate_extracted.txt,157453,129420,157453,40,41,5182,126365
OGC,2025,OGC_financial_statements_2025_consolidated,consolidated,data/data/ViFinQA/financial_statements/OGC/2025/OGC_financial_statements_2025_consolidated/OGC_financial_statements_2025_consolidated_extracted.txt,219060,186183,219060,53,61,4768,181155
OGC,2025,OGC_financial_statements_2025_separate,separate,data/data/ViFinQA/financial_statements/OGC/2025/OGC_financial_statements_2025_separate/OGC_financial_statements_2025_separate_extracted.txt,154187,129698,154187,41,44,4537,126658
PC1,2015,PC1_financial_statements_2015_consolidated,consolidated,data/data/ViFinQA/financial_statements/PC1/2015/PC1_financial_statements_2015_consolidated/PC1_financial_statements_2015_consolidated_extracted.txt,143559,122104,143559,41,57,276,120582
PC1,2015,PC1_financial_statements_2015_separate,separate,data/data/ViFinQA/financial_statements/PC1/2015/PC1_financial_statements_2015_separate/PC1_financial_statements_2015_separate_extracted.txt,162530,132703,162530,42,51,257,127646
PC1,2016,PC1_financial_statements_2016_consolidated,consolidated,data/data/ViFinQA/financial_statements/PC1/2016/PC1_financial_statements_2016_consolidated/PC1_financial_statements_2016_consolidated_extracted.txt,146138,124430,146138,45,63,273,123023
PC1,2016,PC1_financial_statements_2016_separate,separate,data/data/ViFinQA/financial_statements/PC1/2016/PC1_financial_statements_2016_separate/PC1_financial_statements_2016_separate_extracted.txt,149464,127557,149464,44,61,270,126810
PC1,2017,PC1_financial_statements_2017_consolidated,consolidated,data/data/ViFinQA/financial_statements/PC1/2017/PC1_financial_statements_2017_consolidated/PC1_financial_statements_2017_consolidated_extracted.txt,159855,135602,159855,45,58,273,133865
PC1,2017,PC1_financial_statements_2017_separate,separate,data/data/ViFinQA/financial_statements/PC1/2017/PC1_financial_statements_2017_separate/PC1_financial_statements_2017_separate_extracted.txt,147327,125129,147327,43,54,1567,122698
PC1,2018,PC1_financial_statements_2018_consolidated,consolidated,data/data/ViFinQA/financial_statements/PC1/2018/PC1_financial_statements_2018_consolidated/PC1_financial_statements_2018_consolidated_extracted.txt,194963,164451,194963,56,66,1573,162734
PC1,2018,PC1_financial_statements_2018_separate,separate,data/data/ViFinQA/financial_statements/PC1/2018/PC1_financial_statements_2018_separate/PC1_financial_statements_2018_separate_extracted.txt,159295,134950,159295,47,60,8964,132175
PC1,2019,PC1_financial_statements_2019_consolidated,consolidated,data/data/ViFinQA/financial_statements/PC1/2019/PC1_financial_statements_2019_consolidated/PC1_financial_statements_2019_consolidated_extracted.txt,190037,160471,190037,56,67,263,159838
PC1,2019,PC1_financial_statements_2019_separate,separate,data/data/ViFinQA/financial_statements/PC1/2019/PC1_financial_statements_2019_separate/PC1_financial_statements_2019_separate_extracted.txt,151735,128663,151735,45,59,1517,125857
PC1,2020,PC1_financial_statements_2020_consolidated,consolidated,data/data/ViFinQA/financial_statements/PC1/2020/PC1_financial_statements_2020_consolidated/PC1_financial_statements_2020_consolidated_extracted.txt,208719,175707,208719,58,67,1514,173957
PC1,2020,PC1_financial_statements_2020_separate,separate,data/data/ViFinQA/financial_statements/PC1/2020/PC1_financial_statements_2020_separate/PC1_financial_statements_2020_separate_extracted.txt,161573,136936,161573,45,62,1517,134133
PC1,2021,PC1_financial_statements_2021_consolidated,consolidated,data/data/ViFinQA/financial_statements/PC1/2021/PC1_financial_statements_2021_consolidated/PC1_financial_statements_2021_consolidated_extracted.txt,196001,167565,196001,68,75,3570,166422
PC1,2021,PC1_financial_statements_2021_separate,separate,data/data/ViFinQA/financial_statements/PC1/2021/PC1_financial_statements_2021_separate/PC1_financial_statements_2021_separate_extracted.txt,151199,129196,151199,56,62,3599,127909
PC1,2022,PC1_financial_statements_2022_consolidated,consolidated,data/data/ViFinQA/financial_statements/PC1/2022/PC1_financial_statements_2022_consolidated/PC1_financial_statements_2022_consolidated_extracted.txt,195452,166993,195452,73,73,9792,165329
PC1,2022,PC1_financial_statements_2022_separate,separate,data/data/ViFinQA/financial_statements/PC1/2022/PC1_financial_statements_2022_separate/PC1_financial_statements_2022_separate_extracted.txt,150484,129494,150484,59,67,3772,128167
PC1,2023,PC1_financial_statements_2023_consolidated,consolidated,data/data/ViFinQA/financial_statements/PC1/2023/PC1_financial_statements_2023_consolidated/PC1_financial_statements_2023_consolidated_extracted.txt,196686,169309,196686,73,77,2313,168472
PC1,2023,PC1_financial_statements_2023_separate,separate,data/data/ViFinQA/financial_statements/PC1/2023/PC1_financial_statements_2023_separate/PC1_financial_statements_2023_separate_extracted.txt,153968,132796,153968,61,67,2596,131400
PC1,2024,PC1_financial_statements_2024_consolidated,consolidated,data/data/ViFinQA/financial_statements/PC1/2024/PC1_financial_statements_2024_consolidated/PC1_financial_statements_2024_consolidated_extracted.txt,230743,196363,230743,83,84,2467,194903
PC1,2024,PC1_financial_statements_2024_separate,separate,data/data/ViFinQA/financial_statements/PC1/2024/PC1_financial_statements_2024_separate/PC1_financial_statements_2024_separate_extracted.txt,163497,141317,163497,61,70,2442,139729
PC1,2025,PC1_financial_statements_2025_consolidated,consolidated,data/data/ViFinQA/financial_statements/PC1/2025/PC1_financial_statements_2025_consolidated/PC1_financial_statements_2025_consolidated_extracted.txt,200771,169330,200771,63,68,11373,167500
PC1,2025,PC1_financial_statements_2025_separate,separate,data/data/ViFinQA/financial_statements/PC1/2025/PC1_financial_statements_2025_separate/PC1_financial_statements_2025_separate_extracted.txt,177465,151190,177465,57,66,11257,149946
PDR,2015,PDR_financial_statements_2015_separate,separate,data/data/ViFinQA/financial_statements/PDR/2015/PDR_financial_statements_2015_separate/PDR_financial_statements_2015_separate_extracted.txt,118427,99495,118427,40,48,236,96428
PDR,2016,PDR_financial_statements_2016_separate,separate,data/data/ViFinQA/financial_statements/PDR/2016/PDR_financial_statements_2016_separate/PDR_financial_statements_2016_separate_extracted.txt,112115,94267,112115,38,54,199,92799
PDR,2017,PDR_financial_statements_2017_separate,separate,data/data/ViFinQA/financial_statements/PDR/2017/PDR_financial_statements_2017_separate/PDR_financial_statements_2017_separate_extracted.txt,118347,99503,118347,39,47,470,96999
PDR,2018,PDR_financial_statements_2018_separate,separate,data/data/ViFinQA/financial_statements/PDR/2018/PDR_financial_statements_2018_separate/PDR_financial_statements_2018_separate_extracted.txt,121419,101775,121419,41,49,411,100203
PDR,2019,PDR_financial_statements_2019_separate,separate,data/data/ViFinQA/financial_statements/PDR/2019/PDR_financial_statements_2019_separate/PDR_financial_statements_2019_separate_extracted.txt,122185,102920,122185,41,63,411,101773
PDR,2020,PDR_financial_statements_2020_separate,separate,data/data/ViFinQA/financial_statements/PDR/2020/PDR_financial_statements_2020_separate/PDR_financial_statements_2020_separate_extracted.txt,133446,111877,133446,46,55,407,110789
PDR,2021,PDR_financial_statements_2021_separate,separate,data/data/ViFinQA/financial_statements/PDR/2021/PDR_financial_statements_2021_separate/PDR_financial_statements_2021_separate_extracted.txt,140144,117403,140144,45,54,259,116257
PDR,2022,PDR_financial_statements_2022_separate,separate,data/data/ViFinQA/financial_statements/PDR/2022/PDR_financial_statements_2022_separate/PDR_financial_statements_2022_separate_extracted.txt,155582,130568,155582,53,63,263,128294
PDR,2023,PDR_financial_statements_2023_separate,separate,data/data/ViFinQA/financial_statements/PDR/2023/PDR_financial_statements_2023_separate/PDR_financial_statements_2023_separate_extracted.txt,163178,137018,163178,54,79,263,134462
PDR,2024,PDR_financial_statements_2024_separate,separate,data/data/ViFinQA/financial_statements/PDR/2024/PDR_financial_statements_2024_separate/PDR_financial_statements_2024_separate_extracted.txt,185832,156262,185832,61,76,260,155188
PDR,2025,PDR_financial_statements_2025_consolidated,consolidated,data/data/ViFinQA/financial_statements/PDR/2025/PDR_financial_statements_2025_consolidated/PDR_financial_statements_2025_consolidated_extracted.txt,238553,197684,238553,67,67,1258,193575
PDR,2025,PDR_financial_statements_2025_separate,separate,data/data/ViFinQA/financial_statements/PDR/2025/PDR_financial_statements_2025_separate/PDR_financial_statements_2025_separate_extracted.txt,242529,202620,242529,68,79,316,201237
PLX,2015,PLX_financial_statements_2015_consolidated,consolidated,data/data/ViFinQA/financial_statements/PLX/2015/PLX_financial_statements_2015_consolidated/PLX_financial_statements_2015_consolidated_extracted.txt,216595,185142,216595,68,59,772,184466
PLX,2015,PLX_financial_statements_2015_separate,separate,data/data/ViFinQA/financial_statements/PLX/2015/PLX_financial_statements_2015_separate/PLX_financial_statements_2015_separate_extracted.txt,153187,130801,153187,50,49,839,129698
PLX,2016,PLX_financial_statements_2016_consolidated,consolidated,data/data/ViFinQA/financial_statements/PLX/2016/PLX_financial_statements_2016_consolidated/PLX_financial_statements_2016_consolidated_extracted.txt,223661,191412,223661,68,62,773,188429
PLX,2016,PLX_financial_statements_2016_separate,separate,data/data/ViFinQA/financial_statements/PLX/2016/PLX_financial_statements_2016_separate/PLX_financial_statements_2016_separate_extracted.txt,170895,145700,170895,54,53,819,143231
PLX,2017,PLX_financial_statements_2017_consolidated,consolidated,data/data/ViFinQA/financial_statements/PLX/2017/PLX_financial_statements_2017_consolidated/PLX_financial_statements_2017_consolidated_extracted.txt,203315,175500,203315,62,56,7066,172879
PLX,2018,PLX_financial_statements_2018_consolidated,consolidated,data/data/ViFinQA/financial_statements/PLX/2018/PLX_financial_statements_2018_consolidated/PLX_financial_statements_2018_consolidated_extracted.txt,190892,164961,190892,63,60,774,162996
PLX,2018,PLX_financial_statements_2018_separate,separate,data/data/ViFinQA/financial_statements/PLX/2018/PLX_financial_statements_2018_separate/PLX_financial_statements_2018_separate_extracted.txt,144564,125238,144564,52,54,7095,123374
PLX,2019,PLX_financial_statements_2019_consolidated,consolidated,data/data/ViFinQA/financial_statements/PLX/2019/PLX_financial_statements_2019_consolidated/PLX_financial_statements_2019_consolidated_extracted.txt,205149,176955,205149,69,67,2467,174882
PLX,2019,PLX_financial_statements_2019_separate,separate,data/data/ViFinQA/financial_statements/PLX/2019/PLX_financial_statements_2019_separate/PLX_financial_statements_2019_separate_extracted.txt,154416,132885,154416,55,59,2556,131852
PLX,2020,PLX_financial_statements_2020_consolidated,consolidated,data/data/ViFinQA/financial_statements/PLX/2020/PLX_financial_statements_2020_consolidated/PLX_financial_statements_2020_consolidated_extracted.txt,203603,175172,203603,69,68,193,172885
PLX,2020,PLX_financial_statements_2020_separate,separate,data/data/ViFinQA/financial_statements/PLX/2020/PLX_financial_statements_2020_separate/PLX_financial_statements_2020_separate_extracted.txt,149924,129026,149924,54,53,262,127007
PLX,2021,PLX_financial_statements_2021_consolidated,consolidated,data/data/ViFinQA/financial_statements/PLX/2021/PLX_financial_statements_2021_consolidated/PLX_financial_statements_2021_consolidated_extracted.txt,197606,170065,197606,67,68,193,167701
PLX,2021,PLX_financial_statements_2021_separate,separate,data/data/ViFinQA/financial_statements/PLX/2021/PLX_financial_statements_2021_separate/PLX_financial_statements_2021_separate_extracted.txt,147237,127135,147237,54,57,842,125009
PLX,2022,PLX_financial_statements_2022_consolidated,consolidated,data/data/ViFinQA/financial_statements/PLX/2022/PLX_financial_statements_2022_consolidated/PLX_financial_statements_2022_consolidated_extracted.txt,190260,163846,190260,64,65,193,161107
PLX,2022,PLX_financial_statements_2022_separate,separate,data/data/ViFinQA/financial_statements/PLX/2022/PLX_financial_statements_2022_separate/PLX_financial_statements_2022_separate_extracted.txt,143668,124509,143668,53,56,803,121319
PLX,2023,PLX_financial_statements_2023_consolidated,consolidated,data/data/ViFinQA/financial_statements/PLX/2023/PLX_financial_statements_2023_consolidated/PLX_financial_statements_2023_consolidated_extracted.txt,199158,171933,199158,67,66,7214,170436
PLX,2023,PLX_financial_statements_2023_separate,separate,data/data/ViFinQA/financial_statements/PLX/2023/PLX_financial_statements_2023_separate/PLX_financial_statements_2023_separate_extracted.txt,142693,123527,142693,52,53,7246,122420
PLX,2024,PLX_financial_statements_2024_consolidated,consolidated,data/data/ViFinQA/financial_statements/PLX/2024/PLX_financial_statements_2024_consolidated/PLX_financial_statements_2024_consolidated_extracted.txt,208678,180231,208678,72,74,777,179676
PLX,2024,PLX_financial_statements_2024_separate,separate,data/data/ViFinQA/financial_statements/PLX/2024/PLX_financial_statements_2024_separate/PLX_financial_statements_2024_separate_extracted.txt,143698,124293,143698,52,54,7500,122963
PLX,2025,PLX_financial_statements_2025_consolidated,consolidated,data/data/ViFinQA/financial_statements/PLX/2025/PLX_financial_statements_2025_consolidated/PLX_financial_statements_2025_consolidated_extracted.txt,259388,224752,259388,85,85,800,222768
PLX,2025,PLX_financial_statements_2025_separate,separate,data/data/ViFinQA/financial_statements/PLX/2025/PLX_financial_statements_2025_separate/PLX_financial_statements_2025_separate_extracted.txt,164569,141787,164569,58,62,243,137909
PNJ,2015,PNJ_financial_statements_2015_consolidated,consolidated,data/data/ViFinQA/financial_statements/PNJ/2015/PNJ_financial_statements_2015_consolidated/PNJ_financial_statements_2015_consolidated_extracted.txt,147759,125666,147759,37,56,375,124483
PNJ,2015,PNJ_financial_statements_2015_separate,separate,data/data/ViFinQA/financial_statements/PNJ/2015/PNJ_financial_statements_2015_separate/PNJ_financial_statements_2015_separate_extracted.txt,141256,120611,141256,37,57,1473,119344
PNJ,2016,PNJ_financial_statements_2016_consolidated,consolidated,data/data/ViFinQA/financial_statements/PNJ/2016/PNJ_financial_statements_2016_consolidated/PNJ_financial_statements_2016_consolidated_extracted.txt,111656,94348,111656,30,58,367,93132
PNJ,2016,PNJ_financial_statements_2016_separate,separate,data/data/ViFinQA/financial_statements/PNJ/2016/PNJ_financial_statements_2016_separate/PNJ_financial_statements_2016_separate_extracted.txt,110790,94543,110790,32,54,373,92844
PNJ,2017,PNJ_financial_statements_2017_consolidated,consolidated,data/data/ViFinQA/financial_statements/PNJ/2017/PNJ_financial_statements_2017_consolidated/PNJ_financial_statements_2017_consolidated_extracted.txt,110182,90952,110182,27,48,1622,89922
PNJ,2017,PNJ_financial_statements_2017_separate,separate,data/data/ViFinQA/financial_statements/PNJ/2017/PNJ_financial_statements_2017_separate/PNJ_financial_statements_2017_separate_extracted.txt,104261,89123,104261,27,50,1184,87087
PNJ,2018,PNJ_financial_statements_2018_consolidated,consolidated,data/data/ViFinQA/financial_statements/PNJ/2018/PNJ_financial_statements_2018_consolidated/PNJ_financial_statements_2018_consolidated_extracted.txt,131417,114691,131417,43,55,730,113470
PNJ,2018,PNJ_financial_statements_2018_separate,separate,data/data/ViFinQA/financial_statements/PNJ/2018/PNJ_financial_statements_2018_separate/PNJ_financial_statements_2018_separate_extracted.txt,105769,90281,105769,45,73,740,88997
PNJ,2019,PNJ_financial_statements_2019_consolidated,consolidated,data/data/ViFinQA/financial_statements/PNJ/2019/PNJ_financial_statements_2019_consolidated/PNJ_financial_statements_2019_consolidated_extracted.txt,108009,90893,108009,42,52,746,89996
PNJ,2019,PNJ_financial_statements_2019_separate,separate,data/data/ViFinQA/financial_statements/PNJ/2019/PNJ_financial_statements_2019_separate/PNJ_financial_statements_2019_separate_extracted.txt,111112,94171,111112,45,55,714,93862
PNJ,2020,PNJ_financial_statements_2020_consolidated,consolidated,data/data/ViFinQA/financial_statements/PNJ/2020/PNJ_financial_statements_2020_consolidated/PNJ_financial_statements_2020_consolidated_extracted.txt,117912,100135,117912,43,47,732,98199
PNJ,2020,PNJ_financial_statements_2020_separate,separate,data/data/ViFinQA/financial_statements/PNJ/2020/PNJ_financial_statements_2020_separate/PNJ_financial_statements_2020_separate_extracted.txt,123488,106236,123488,45,53,702,104909
PNJ,2021,PNJ_financial_statements_2021_consolidated,consolidated,data/data/ViFinQA/financial_statements/PNJ/2021/PNJ_financial_statements_2021_consolidated/PNJ_financial_statements_2021_consolidated_extracted.txt,108733,91473,108733,41,51,764,90287
PNJ,2021,PNJ_financial_statements_2021_separate,separate,data/data/ViFinQA/financial_statements/PNJ/2021/PNJ_financial_statements_2021_separate/PNJ_financial_statements_2021_separate_extracted.txt,116682,99049,116682,45,56,716,98253
PNJ,2022,PNJ_financial_statements_2022_consolidated,consolidated,data/data/ViFinQA/financial_statements/PNJ/2022/PNJ_financial_statements_2022_consolidated/PNJ_financial_statements_2022_consolidated_extracted.txt,168395,141454,168395,48,61,735,139457
PNJ,2022,PNJ_financial_statements_2022_separate,separate,data/data/ViFinQA/financial_statements/PNJ/2022/PNJ_financial_statements_2022_separate/PNJ_financial_statements_2022_separate_extracted.txt,144069,119820,144069,48,66,747,118548
PNJ,2023,PNJ_financial_statements_2023_consolidated,consolidated,data/data/ViFinQA/financial_statements/PNJ/2023/PNJ_financial_statements_2023_consolidated/PNJ_financial_statements_2023_consolidated_extracted.txt,122453,104207,122453,50,73,604,103117
PNJ,2023,PNJ_financial_statements_2023_separate,separate,data/data/ViFinQA/financial_statements/PNJ/2023/PNJ_financial_statements_2023_separate/PNJ_financial_statements_2023_separate_extracted.txt,114600,98225,114600,47,57,1618,97064
PNJ,2024,PNJ_financial_statements_2024_consolidated,consolidated,data/data/ViFinQA/financial_statements/PNJ/2024/PNJ_financial_statements_2024_consolidated/PNJ_financial_statements_2024_consolidated_extracted.txt,142817,121392,142817,49,63,733,119650
PNJ,2024,PNJ_financial_statements_2024_separate,separate,data/data/ViFinQA/financial_statements/PNJ/2024/PNJ_financial_statements_2024_separate/PNJ_financial_statements_2024_separate_extracted.txt,133320,112881,133320,50,63,702,111205
PNJ,2025,PNJ_financial_statements_2025_consolidated,consolidated,data/data/ViFinQA/financial_statements/PNJ/2025/PNJ_financial_statements_2025_consolidated/PNJ_financial_statements_2025_consolidated_extracted.txt,263615,240160,263615,104,127,732,234569
PNJ,2025,PNJ_financial_statements_2025_separate,separate,data/data/ViFinQA/financial_statements/PNJ/2025/PNJ_financial_statements_2025_separate/PNJ_financial_statements_2025_separate_extracted.txt,234927,214383,234927,96,111,806,210641
POW,2017,POW_financial_statements_2017_consolidated,consolidated,data/data/ViFinQA/financial_statements/POW/2017/POW_financial_statements_2017_consolidated/POW_financial_statements_2017_consolidated_extracted.txt,183903,162872,183903,42,60,446,157846
POW,2017,POW_financial_statements_2017_separate,separate,data/data/ViFinQA/financial_statements/POW/2017/POW_financial_statements_2017_separate/POW_financial_statements_2017_separate_extracted.txt,151646,132000,151646,39,62,448,123800
POW,2018,POW_financial_statements_2018_consolidated,consolidated,data/data/ViFinQA/financial_statements/POW/2018/POW_financial_statements_2018_consolidated/POW_financial_statements_2018_consolidated_extracted.txt,171472,145061,171472,44,63,470,142571
POW,2018,POW_financial_statements_2018_separate,separate,data/data/ViFinQA/financial_statements/POW/2018/POW_financial_statements_2018_separate/POW_financial_statements_2018_separate_extracted.txt,158704,133882,158704,41,59,467,131490
POW,2019,POW_financial_statements_2019_consolidated,consolidated,data/data/ViFinQA/financial_statements/POW/2019/POW_financial_statements_2019_consolidated/POW_financial_statements_2019_consolidated_extracted.txt,161428,136330,161428,42,60,1958,135155
POW,2019,POW_financial_statements_2019_separate,separate,data/data/ViFinQA/financial_statements/POW/2019/POW_financial_statements_2019_separate/POW_financial_statements_2019_separate_extracted.txt,137709,115992,137709,39,54,2841,114585
POW,2020,POW_financial_statements_2020_consolidated,consolidated,data/data/ViFinQA/financial_statements/POW/2020/POW_financial_statements_2020_consolidated/POW_financial_statements_2020_consolidated_extracted.txt,190703,162158,190703,54,65,3002,160134
POW,2020,POW_financial_statements_2020_separate,separate,data/data/ViFinQA/financial_statements/POW/2020/POW_financial_statements_2020_separate/POW_financial_statements_2020_separate_extracted.txt,177940,154639,177940,47,62,2010,151045
POW,2021,POW_financial_statements_2021_consolidated,consolidated,data/data/ViFinQA/financial_statements/POW/2021/POW_financial_statements_2021_consolidated/POW_financial_statements_2021_consolidated_extracted.txt,191994,161091,191994,56,64,2666,159711
POW,2021,POW_financial_statements_2021_separate,separate,data/data/ViFinQA/financial_statements/POW/2021/POW_financial_statements_2021_separate/POW_financial_statements_2021_separate_extracted.txt,173270,150367,173270,47,58,2630,147668
POW,2022,POW_financial_statements_2022_consolidated,consolidated,data/data/ViFinQA/financial_statements/POW/2022/POW_financial_statements_2022_consolidated/POW_financial_statements_2022_consolidated_extracted.txt,191738,161226,191738,56,63,1790,160267
POW,2022,POW_financial_statements_2022_separate,separate,data/data/ViFinQA/financial_statements/POW/2022/POW_financial_statements_2022_separate/POW_financial_statements_2022_separate_extracted.txt,152931,128750,152931,49,58,2598,126441
POW,2023,POW_financial_statements_2023_consolidated,consolidated,data/data/ViFinQA/financial_statements/POW/2023/POW_financial_statements_2023_consolidated/POW_financial_statements_2023_consolidated_extracted.txt,183577,155895,183577,55,58,3085,154752
POW,2023,POW_financial_statements_2023_separate,separate,data/data/ViFinQA/financial_statements/POW/2023/POW_financial_statements_2023_separate/POW_financial_statements_2023_separate_extracted.txt,154635,130283,154635,50,60,3041,127627
POW,2024,POW_financial_statements_2024_consolidated,consolidated,data/data/ViFinQA/financial_statements/POW/2024/POW_financial_statements_2024_consolidated/POW_financial_statements_2024_consolidated_extracted.txt,177092,148639,177092,52,63,4037,147101
POW,2024,POW_financial_statements_2024_separate,separate,data/data/ViFinQA/financial_statements/POW/2024/POW_financial_statements_2024_separate/POW_financial_statements_2024_separate_extracted.txt,159096,134409,159096,47,61,3258,130147
POW,2025,POW_financial_statements_2025_consolidated_1,unknown,data/data/ViFinQA/financial_statements/POW/2025/POW_financial_statements_2025_consolidated_1/POW_financial_statements_2025_consolidated_1_extracted.txt,119578,102419,119578,36,57,7227,99973
POW,2025,POW_financial_statements_2025_consolidated_2,unknown,data/data/ViFinQA/financial_statements/POW/2025/POW_financial_statements_2025_consolidated_2/POW_financial_statements_2025_consolidated_2_extracted.txt,70364,57681,70364,21,10,3140,51362
POW,2025,POW_financial_statements_2025_separate,separate,data/data/ViFinQA/financial_statements/POW/2025/POW_financial_statements_2025_separate/POW_financial_statements_2025_separate_extracted.txt,165616,139924,165616,50,61,3929,136851
PRT,2017,PRT_financial_statements_2017_consolidated,consolidated,data/data/ViFinQA/financial_statements/PRT/2017/PRT_financial_statements_2017_consolidated/PRT_financial_statements_2017_consolidated_extracted.txt,193516,163123,193516,49,62,2292,161527
PRT,2017,PRT_financial_statements_2017_separate,separate,data/data/ViFinQA/financial_statements/PRT/2017/PRT_financial_statements_2017_separate/PRT_financial_statements_2017_separate_extracted.txt,165520,140706,165520,47,66,306,140250
PRT,2018,PRT_financial_statements_2018_consolidated,consolidated,data/data/ViFinQA/financial_statements/PRT/2018/PRT_financial_statements_2018_consolidated/PRT_financial_statements_2018_consolidated_extracted.txt,187176,157283,187176,53,68,4167,156691
PRT,2018,PRT_financial_statements_2018_separate,separate,data/data/ViFinQA/financial_statements/PRT/2018/PRT_financial_statements_2018_separate/PRT_financial_statements_2018_separate_extracted.txt,144646,122809,144646,43,51,313,119719
PRT,2019,PRT_financial_statements_2019_consolidated,consolidated,data/data/ViFinQA/financial_statements/PRT/2019/PRT_financial_statements_2019_consolidated/PRT_financial_statements_2019_consolidated_extracted.txt,230535,192776,230535,61,76,352,190420
PRT,2019,PRT_financial_statements_2019_separate,separate,data/data/ViFinQA/financial_statements/PRT/2019/PRT_financial_statements_2019_separate/PRT_financial_statements_2019_separate_extracted.txt,202108,167537,202108,54,61,333,166701
PRT,2020,PRT_2020_financial_statement_explanations,unknown,data/data/ViFinQA/financial_statements/PRT/2020/PRT_2020_financial_statement_explanations/PRT_2020_financial_statement_explanations_extracted.txt,17442,13323,17442,6,0,,
PRT,2020,PRT_financial_statements_2020_consolidated,consolidated,data/data/ViFinQA/financial_statements/PRT/2020/PRT_financial_statements_2020_consolidated/PRT_financial_statements_2020_consolidated_extracted.txt,247054,205917,247054,66,74,362,204182
PRT,2020,PRT_financial_statements_2020_separate,separate,data/data/ViFinQA/financial_statements/PRT/2020/PRT_financial_statements_2020_separate/PRT_financial_statements_2020_separate_extracted.txt,193463,161356,193463,51,59,363,159298
PRT,2021,PRT_2021_explanatory_letters_1,unknown,data/data/ViFinQA/financial_statements/PRT/2021/PRT_2021_explanatory_letters_1/PRT_2021_explanatory_letters_1_extracted.txt,15925,12276,15925,5,0,,
PRT,2021,PRT_2021_explanatory_letters_2,unknown,data/data/ViFinQA/financial_statements/PRT/2021/PRT_2021_explanatory_letters_2/PRT_2021_explanatory_letters_2_extracted.txt,19492,15034,19492,6,0,,
PRT,2021,PRT_financial_statements_2021_consolidated,consolidated,data/data/ViFinQA/financial_statements/PRT/2021/PRT_financial_statements_2021_consolidated/PRT_financial_statements_2021_consolidated_extracted.txt,234372,195316,234372,61,73,356,193538
PRT,2021,PRT_financial_statements_2021_separate,separate,data/data/ViFinQA/financial_statements/PRT/2021/PRT_financial_statements_2021_separate/PRT_financial_statements_2021_separate_extracted.txt,178343,148246,178343,45,53,352,146521
PRT,2022,PRT_2022_explanatory_letters_1,unknown,data/data/ViFinQA/financial_statements/PRT/2022/PRT_2022_explanatory_letters_1/PRT_2022_explanatory_letters_1_extracted.txt,18885,14486,18885,6,0,,
PRT,2022,PRT_2022_explanatory_letters_2,unknown,data/data/ViFinQA/financial_statements/PRT/2022/PRT_2022_explanatory_letters_2/PRT_2022_explanatory_letters_2_extracted.txt,19615,14999,19615,6,0,,
PRT,2022,PRT_financial_statements_2022_consolidated,consolidated,data/data/ViFinQA/financial_statements/PRT/2022/PRT_financial_statements_2022_consolidated/PRT_financial_statements_2022_consolidated_extracted.txt,227570,190590,227570,59,85,2634,188950
PRT,2022,PRT_financial_statements_2022_separate,separate,data/data/ViFinQA/financial_statements/PRT/2022/PRT_financial_statements_2022_separate/PRT_financial_statements_2022_separate_extracted.txt,176423,146687,176423,48,54,2641,144664
PRT,2023,PRT_2023_explanatory_letters_1,unknown,data/data/ViFinQA/financial_statements/PRT/2023/PRT_2023_explanatory_letters_1/PRT_2023_explanatory_letters_1_extracted.txt,22859,17446,22859,6,0,,
PRT,2023,PRT_2023_explanatory_letters_2,unknown,data/data/ViFinQA/financial_statements/PRT/2023/PRT_2023_explanatory_letters_2/PRT_2023_explanatory_letters_2_extracted.txt,22837,17507,22837,6,0,,
PRT,2023,PRT_financial_statements_2023_consolidated,consolidated,data/data/ViFinQA/financial_statements/PRT/2023/PRT_financial_statements_2023_consolidated/PRT_financial_statements_2023_consolidated_extracted.txt,232883,194063,232883,60,74,363,192297
PRT,2023,PRT_financial_statements_2023_separate,separate,data/data/ViFinQA/financial_statements/PRT/2023/PRT_financial_statements_2023_separate/PRT_financial_statements_2023_separate_extracted.txt,201369,168456,201369,52,61,2699,166725
PRT,2024,PRT_2024_financial_statement_explanations_1,unknown,data/data/ViFinQA/financial_statements/PRT/2024/PRT_2024_financial_statement_explanations_1/PRT_2024_financial_statement_explanations_1_extracted.txt,20365,15602,20365,6,1,1175,1175
PRT,2024,PRT_2024_financial_statement_explanations_2,unknown,data/data/ViFinQA/financial_statements/PRT/2024/PRT_2024_financial_statement_explanations_2/PRT_2024_financial_statement_explanations_2_extracted.txt,34818,28116,34818,6,1,1190,1190
PRT,2024,PRT_financial_statements_2024_consolidated,consolidated,data/data/ViFinQA/financial_statements/PRT/2024/PRT_financial_statements_2024_consolidated/PRT_financial_statements_2024_consolidated_extracted.txt,230919,193529,230919,58,81,2684,191461
PRT,2024,PRT_financial_statements_2024_separate,separate,data/data/ViFinQA/financial_statements/PRT/2024/PRT_financial_statements_2024_separate/PRT_financial_statements_2024_separate_extracted.txt,194898,162796,194898,50,53,353,160905
PRT,2025,PRT_2025_financial_statement_explanations_1,unknown,data/data/ViFinQA/financial_statements/PRT/2025/PRT_2025_financial_statement_explanations_1/PRT_2025_financial_statement_explanations_1_extracted.txt,37997,33133,37997,12,0,,
PRT,2025,PRT_2025_financial_statement_explanations_2,unknown,data/data/ViFinQA/financial_statements/PRT/2025/PRT_2025_financial_statement_explanations_2/PRT_2025_financial_statement_explanations_2_extracted.txt,40028,35011,40028,12,2,2540,2905
PRT,2025,PRT_financial_statements_2025_consolidated,consolidated,data/data/ViFinQA/financial_statements/PRT/2025/PRT_financial_statements_2025_consolidated/PRT_financial_statements_2025_consolidated_extracted.txt,223659,186693,223659,56,66,342,184608
PRT,2025,PRT_financial_statements_2025_separate,separate,data/data/ViFinQA/financial_statements/PRT/2025/PRT_financial_statements_2025_separate/PRT_financial_statements_2025_separate_extracted.txt,203995,170722,203995,50,60,338,168703
PVT,2015,PVT_financial_statements_2015_consolidated,consolidated,data/data/ViFinQA/financial_statements/PVT/2015/PVT_financial_statements_2015_consolidated/PVT_financial_statements_2015_consolidated_extracted.txt,215748,177632,215748,46,70,799,177089
PVT,2015,PVT_financial_statements_2015_separate,separate,data/data/ViFinQA/financial_statements/PVT/2015/PVT_financial_statements_2015_separate/PVT_financial_statements_2015_separate_extracted.txt,188177,157933,188177,36,67,642,157080
PVT,2016,PVT_financial_statements_2016_consolidated,consolidated,data/data/ViFinQA/financial_statements/PVT/2016/PVT_financial_statements_2016_consolidated/PVT_financial_statements_2016_consolidated_extracted.txt,175029,142914,175029,41,62,788,142431
PVT,2016,PVT_financial_statements_2016_separate,separate,data/data/ViFinQA/financial_statements/PVT/2016/PVT_financial_statements_2016_separate/PVT_financial_statements_2016_separate_extracted.txt,154215,125883,154215,34,60,1757,123832
PVT,2017,PVT_financial_statements_2017_consolidated,consolidated,data/data/ViFinQA/financial_statements/PVT/2017/PVT_financial_statements_2017_consolidated/PVT_financial_statements_2017_consolidated_extracted.txt,159966,134964,159966,41,73,1330,132229
PVT,2017,PVT_financial_statements_2017_separate,separate,data/data/ViFinQA/financial_statements/PVT/2017/PVT_financial_statements_2017_separate/PVT_financial_statements_2017_separate_extracted.txt,140446,118503,140446,33,63,380,116731
PVT,2018,PVT_financial_statements_2018_consolidated,consolidated,data/data/ViFinQA/financial_statements/PVT/2018/PVT_financial_statements_2018_consolidated/PVT_financial_statements_2018_consolidated_extracted.txt,174897,144371,174897,47,71,1801,142145
PVT,2018,PVT_financial_statements_2018_separate,separate,data/data/ViFinQA/financial_statements/PVT/2018/PVT_financial_statements_2018_separate/PVT_financial_statements_2018_separate_extracted.txt,161819,134676,161819,42,57,1512,130230
PVT,2019,PVT_financial_statements_2019_consolidated,consolidated,data/data/ViFinQA/financial_statements/PVT/2019/PVT_financial_statements_2019_consolidated/PVT_financial_statements_2019_consolidated_extracted.txt,191246,158337,191246,47,73,683,156072
PVT,2019,PVT_financial_statements_2019_separate,separate,data/data/ViFinQA/financial_statements/PVT/2019/PVT_financial_statements_2019_separate/PVT_financial_statements_2019_separate_extracted.txt,151685,125750,151685,41,64,602,123964
PVT,2020,PVT_financial_statements_2020_consolidated,consolidated,data/data/ViFinQA/financial_statements/PVT/2020/PVT_financial_statements_2020_consolidated/PVT_financial_statements_2020_consolidated_extracted.txt,178093,146945,178093,53,72,536,145649
PVT,2020,PVT_financial_statements_2020_separate,separate,data/data/ViFinQA/financial_statements/PVT/2020/PVT_financial_statements_2020_separate/PVT_financial_statements_2020_separate_extracted.txt,153590,126534,153590,44,56,9519,124438
PVT,2021,PVT_financial_statements_2021_consolidated,consolidated,data/data/ViFinQA/financial_statements/PVT/2021/PVT_financial_statements_2021_consolidated/PVT_financial_statements_2021_consolidated_extracted.txt,180690,150876,180690,57,72,1494,147513
PVT,2021,PVT_financial_statements_2021_separate,separate,data/data/ViFinQA/financial_statements/PVT/2021/PVT_financial_statements_2021_separate/PVT_financial_statements_2021_separate_extracted.txt,148123,125365,148123,47,61,1299,124491
PVT,2022,PVT_financial_statements_2022_consolidated,consolidated,data/data/ViFinQA/financial_statements/PVT/2022/PVT_financial_statements_2022_consolidated/PVT_financial_statements_2022_consolidated_extracted.txt,179912,148921,179912,51,76,436,148221
PVT,2022,PVT_financial_statements_2022_separate,separate,data/data/ViFinQA/financial_statements/PVT/2022/PVT_financial_statements_2022_separate/PVT_financial_statements_2022_separate_extracted.txt,186443,153455,186443,47,60,1511,150525
PVT,2023,PVT_financial_statements_2023_consolidated,consolidated,data/data/ViFinQA/financial_statements/PVT/2023/PVT_financial_statements_2023_consolidated/PVT_financial_statements_2023_consolidated_extracted.txt,177357,150060,177357,56,72,1392,145327
PVT,2023,PVT_financial_statements_2023_separate,separate,data/data/ViFinQA/financial_statements/PVT/2023/PVT_financial_statements_2023_separate/PVT_financial_statements_2023_separate_extracted.txt,159476,133303,159476,47,62,1491,131276
PVT,2024,PVT_financial_statements_2024_consolidated,consolidated,data/data/ViFinQA/financial_statements/PVT/2024/PVT_financial_statements_2024_consolidated/PVT_financial_statements_2024_consolidated_extracted.txt,180350,152417,180350,55,74,4035,147169
PVT,2024,PVT_financial_statements_2024_separate,separate,data/data/ViFinQA/financial_statements/PVT/2024/PVT_financial_statements_2024_separate/PVT_financial_statements_2024_separate_extracted.txt,164130,139372,164130,49,65,4015,136980
PVT,2025,PVT_financial_statements_2025_consolidated,consolidated,data/data/ViFinQA/financial_statements/PVT/2025/PVT_financial_statements_2025_consolidated/PVT_financial_statements_2025_consolidated_extracted.txt,199815,163582,199815,52,74,4155,158176
PVT,2025,PVT_financial_statements_2025_separate,separate,data/data/ViFinQA/financial_statements/PVT/2025/PVT_financial_statements_2025_separate/PVT_financial_statements_2025_separate_extracted.txt,180116,147144,180116,48,62,4390,142406
QNS,2015,QNS_financial_statements_2015_consolidated,consolidated,data/data/ViFinQA/financial_statements/QNS/2015/QNS_financial_statements_2015_consolidated/QNS_financial_statements_2015_consolidated_extracted.txt,152446,130169,152446,55,68,618,129455
QNS,2015,QNS_financial_statements_2015_separate,separate,data/data/ViFinQA/financial_statements/QNS/2015/QNS_financial_statements_2015_separate/QNS_financial_statements_2015_separate_extracted.txt,143556,122725,143556,54,65,615,122011
QNS,2016,QNS_financial_statements_2016_consolidated,consolidated,data/data/ViFinQA/financial_statements/QNS/2016/QNS_financial_statements_2016_consolidated/QNS_financial_statements_2016_consolidated_extracted.txt,174539,146662,174539,52,70,2625,145574
QNS,2016,QNS_financial_statements_2016_separate,separate,data/data/ViFinQA/financial_statements/QNS/2016/QNS_financial_statements_2016_separate/QNS_financial_statements_2016_separate_extracted.txt,163277,137702,163277,52,72,2544,136713
QNS,2017,QNS_financial_statements_2017_consolidated,consolidated,data/data/ViFinQA/financial_statements/QNS/2017/QNS_financial_statements_2017_consolidated/QNS_financial_statements_2017_consolidated_extracted.txt,167814,140767,167814,48,65,2531,139724
QNS,2017,QNS_financial_statements_2017_separate,separate,data/data/ViFinQA/financial_statements/QNS/2017/QNS_financial_statements_2017_separate/QNS_financial_statements_2017_separate_extracted.txt,155720,131357,155720,48,67,2450,130268
QNS,2018,QNS_financial_statements_2018_consolidated,consolidated,data/data/ViFinQA/financial_statements/QNS/2018/QNS_financial_statements_2018_consolidated/QNS_financial_statements_2018_consolidated_extracted.txt,161788,136261,161788,48,65,4128,135189
QNS,2018,QNS_financial_statements_2018_separate,separate,data/data/ViFinQA/financial_statements/QNS/2018/QNS_financial_statements_2018_separate/QNS_financial_statements_2018_separate_extracted.txt,154453,130359,154453,48,65,4030,129650
QNS,2019,QNS_financial_statements_2019_consolidated,consolidated,data/data/ViFinQA/financial_statements/QNS/2019/QNS_financial_statements_2019_consolidated/QNS_financial_statements_2019_consolidated_extracted.txt,151390,127386,151390,45,60,2741,126050
QNS,2019,QNS_financial_statements_2019_separate,separate,data/data/ViFinQA/financial_statements/QNS/2019/QNS_financial_statements_2019_separate/QNS_financial_statements_2019_separate_extracted.txt,141464,118995,141464,45,57,2661,117653
QNS,2020,QNS_financial_statements_2020_consolidated,consolidated,data/data/ViFinQA/financial_statements/QNS/2020/QNS_financial_statements_2020_consolidated/QNS_financial_statements_2020_consolidated_extracted.txt,152189,127813,152189,45,59,4445,126419
QNS,2020,QNS_financial_statements_2020_separate,separate,data/data/ViFinQA/financial_statements/QNS/2020/QNS_financial_statements_2020_separate/QNS_financial_statements_2020_separate_extracted.txt,145180,122061,145180,47,61,4353,120583
QNS,2021,QNS_financial_statements_2021_consolidated,consolidated,data/data/ViFinQA/financial_statements/QNS/2021/QNS_financial_statements_2021_consolidated/QNS_financial_statements_2021_consolidated_extracted.txt,154345,129074,154345,45,58,4546,127171
QNS,2021,QNS_financial_statements_2021_separate,separate,data/data/ViFinQA/financial_statements/QNS/2021/QNS_financial_statements_2021_separate/QNS_financial_statements_2021_separate_extracted.txt,148314,124246,148314,46,61,4447,122442
QNS,2022,QNS_financial_statements_2022_consolidated,consolidated,data/data/ViFinQA/financial_statements/QNS/2022/QNS_financial_statements_2022_consolidated/QNS_financial_statements_2022_consolidated_extracted.txt,168313,140668,168313,45,64,5292,139237
QNS,2022,QNS_financial_statements_2022_separate,separate,data/data/ViFinQA/financial_statements/QNS/2022/QNS_financial_statements_2022_separate/QNS_financial_statements_2022_separate_extracted.txt,155593,131864,155593,45,63,3454,130511
QNS,2023,QNS_financial_statements_2023_consolidated,consolidated,data/data/ViFinQA/financial_statements/QNS/2023/QNS_financial_statements_2023_consolidated/QNS_financial_statements_2023_consolidated_extracted.txt,159176,133587,159176,46,64,5873,132290
QNS,2023,QNS_financial_statements_2023_separate,separate,data/data/ViFinQA/financial_statements/QNS/2023/QNS_financial_statements_2023_separate/QNS_financial_statements_2023_separate_extracted.txt,149713,126051,149713,45,62,5088,124573
QNS,2024,QNS_financial_statements_2024_consolidated,consolidated,data/data/ViFinQA/financial_statements/QNS/2024/QNS_financial_statements_2024_consolidated/QNS_financial_statements_2024_consolidated_extracted.txt,140785,119059,140785,41,65,3155,117879
QNS,2024,QNS_financial_statements_2024_separate,separate,data/data/ViFinQA/financial_statements/QNS/2024/QNS_financial_statements_2024_separate/QNS_financial_statements_2024_separate_extracted.txt,132684,112123,132684,41,60,2834,110926
QNS,2025,QNS_financial_statements_2025_consolidated,consolidated,data/data/ViFinQA/financial_statements/QNS/2025/QNS_financial_statements_2025_consolidated/QNS_financial_statements_2025_consolidated_extracted.txt,139074,117207,139074,42,62,2925,115076
QNS,2025,QNS_financial_statements_2025_separate,separate,data/data/ViFinQA/financial_statements/QNS/2025/QNS_financial_statements_2025_separate/QNS_financial_statements_2025_separate_extracted.txt,132596,112081,132596,42,60,2865,109948
SAB,2016,SAB_financial_statements_2016_consolidated,consolidated,data/data/ViFinQA/financial_statements/SAB/2016/SAB_financial_statements_2016_consolidated/SAB_financial_statements_2016_consolidated_extracted.txt,209620,175273,209620,68,85,434,174468
SAB,2016,SAB_financial_statements_2016_separate,separate,data/data/ViFinQA/financial_statements/SAB/2016/SAB_financial_statements_2016_separate/SAB_financial_statements_2016_separate_extracted.txt,183911,156276,183911,64,75,216,153267
SAB,2017,SAB_financial_statements_2017_consolidated,consolidated,data/data/ViFinQA/financial_statements/SAB/2017/SAB_financial_statements_2017_consolidated/SAB_financial_statements_2017_consolidated_extracted.txt,237059,204118,237059,75,105,2598,203351
SAB,2017,SAB_financial_statements_2017_separate,separate,data/data/ViFinQA/financial_statements/SAB/2017/SAB_financial_statements_2017_separate/SAB_financial_statements_2017_separate_extracted.txt,205470,176499,205470,70,89,4029,174942
SAB,2018,SAB_financial_statements_2018_consolidated,consolidated,data/data/ViFinQA/financial_statements/SAB/2018/SAB_financial_statements_2018_consolidated/SAB_financial_statements_2018_consolidated_extracted.txt,187109,160527,187109,67,88,676,160200
SAB,2018,SAB_financial_statements_2018_separate,separate,data/data/ViFinQA/financial_statements/SAB/2018/SAB_financial_statements_2018_separate/SAB_financial_statements_2018_separate_extracted.txt,163426,141026,163426,62,76,1615,139221
SAB,2019,SAB_financial_statements_2019_separate,separate,data/data/ViFinQA/financial_statements/SAB/2019/SAB_financial_statements_2019_separate/SAB_financial_statements_2019_separate_extracted.txt,165202,143129,165202,63,82,651,142851
SAB,2020,SAB_financial_statements_2020_consolidated,consolidated,data/data/ViFinQA/financial_statements/SAB/2020/SAB_financial_statements_2020_consolidated/SAB_financial_statements_2020_consolidated_extracted.txt,195051,167093,195051,72,85,276,165879
SAB,2020,SAB_financial_statements_2020_separate,separate,data/data/ViFinQA/financial_statements/SAB/2020/SAB_financial_statements_2020_separate/SAB_financial_statements_2020_separate_extracted.txt,164683,142851,164683,62,75,255,142099
SAB,2021,SAB_financial_statements_2021_consolidated,consolidated,data/data/ViFinQA/financial_statements/SAB/2021/SAB_financial_statements_2021_consolidated/SAB_financial_statements_2021_consolidated_extracted.txt,366546,338253,366546,146,167,2922,337419
SAB,2021,SAB_financial_statements_2021_separate,separate,data/data/ViFinQA/financial_statements/SAB/2021/SAB_financial_statements_2021_separate/SAB_financial_statements_2021_separate_extracted.txt,309954,287778,309954,126,144,2951,286587
SAB,2022,SAB_financial_statements_2022_consolidated,consolidated,data/data/ViFinQA/financial_statements/SAB/2022/SAB_financial_statements_2022_consolidated/SAB_financial_statements_2022_consolidated_extracted.txt,366538,338500,366538,148,170,2801,337164
SAB,2022,SAB_financial_statements_2022_separate,separate,data/data/ViFinQA/financial_statements/SAB/2022/SAB_financial_statements_2022_separate/SAB_financial_statements_2022_separate_extracted.txt,310453,288466,310453,128,144,9765,287322
SAB,2023,SAB_financial_statements_2023_consolidated,consolidated,data/data/ViFinQA/financial_statements/SAB/2023/SAB_financial_statements_2023_consolidated/SAB_financial_statements_2023_consolidated_extracted.txt,371185,342941,371185,148,170,2560,342109
SAB,2023,SAB_financial_statements_2023_separate,separate,data/data/ViFinQA/financial_statements/SAB/2023/SAB_financial_statements_2023_separate/SAB_financial_statements_2023_separate_extracted.txt,319226,296840,319226,132,149,9789,295898
SAB,2024,SAB_financial_statements_2024_consolidated,consolidated,data/data/ViFinQA/financial_statements/SAB/2024/SAB_financial_statements_2024_consolidated/SAB_financial_statements_2024_consolidated_extracted.txt,367482,339111,367482,146,166,2366,338117
SAB,2024,SAB_financial_statements_2024_separate,separate,data/data/ViFinQA/financial_statements/SAB/2024/SAB_financial_statements_2024_separate/SAB_financial_statements_2024_separate_extracted.txt,325611,302748,325611,128,176,2759,301656
SAB,2025,SAB_financial_statements_2025_consolidated,consolidated,data/data/ViFinQA/financial_statements/SAB/2025/SAB_financial_statements_2025_consolidated/SAB_financial_statements_2025_consolidated_extracted.txt,207317,178162,207317,76,85,2376,176797
SAB,2025,SAB_financial_statements_2025_separate,separate,data/data/ViFinQA/financial_statements/SAB/2025/SAB_financial_statements_2025_separate/SAB_financial_statements_2025_separate_extracted.txt,174770,151950,174770,68,76,2730,150186
SAM,2015,SAM_financial_statements_2015_consolidated,consolidated,data/data/ViFinQA/financial_statements/SAM/2015/SAM_financial_statements_2015_consolidated/SAM_financial_statements_2015_consolidated_extracted.txt,42996,37078,42996,14,13,393,36357
SAM,2015,SAM_financial_statements_2015_separate,separate,data/data/ViFinQA/financial_statements/SAM/2015/SAM_financial_statements_2015_separate/SAM_financial_statements_2015_separate_extracted.txt,124415,105075,124415,46,50,273,101566
SAM,2016,SAM_financial_statements_2016_consolidated,consolidated,data/data/ViFinQA/financial_statements/SAM/2016/SAM_financial_statements_2016_consolidated/SAM_financial_statements_2016_consolidated_extracted.txt,194263,164348,194263,49,55,1125,159055
SAM,2016,SAM_financial_statements_2016_separate,separate,data/data/ViFinQA/financial_statements/SAM/2016/SAM_financial_statements_2016_separate/SAM_financial_statements_2016_separate_extracted.txt,121059,102322,121059,33,47,1113,100633
SAM,2017,SAM_financial_statements_2017_consolidated,consolidated,data/data/ViFinQA/financial_statements/SAM/2017/SAM_financial_statements_2017_consolidated/SAM_financial_statements_2017_consolidated_extracted.txt,176091,149139,176091,57,83,280,145124
SAM,2017,SAM_financial_statements_2017_separate,separate,data/data/ViFinQA/financial_statements/SAM/2017/SAM_financial_statements_2017_separate/SAM_financial_statements_2017_separate_extracted.txt,115371,97949,115371,44,56,1970,94657
SAM,2018,SAM_financial_statements_2018_consolidated,consolidated,data/data/ViFinQA/financial_statements/SAM/2018/SAM_financial_statements_2018_consolidated/SAM_financial_statements_2018_consolidated_extracted.txt,165415,140309,165415,58,79,1773,139302
SAM,2018,SAM_financial_statements_2018_separate,separate,data/data/ViFinQA/financial_statements/SAM/2018/SAM_financial_statements_2018_separate/SAM_financial_statements_2018_separate_extracted.txt,123010,105035,123010,43,51,186,104234
SAM,2019,SAM_financial_statements_2019_consolidated,consolidated,data/data/ViFinQA/financial_statements/SAM/2019/SAM_financial_statements_2019_consolidated/SAM_financial_statements_2019_consolidated_extracted.txt,160148,135675,160148,59,72,245,133476
SAM,2019,SAM_financial_statements_2019_separate,separate,data/data/ViFinQA/financial_statements/SAM/2019/SAM_financial_statements_2019_separate/SAM_financial_statements_2019_separate_extracted.txt,93566,79968,93566,39,44,242,79320
SAM,2020,SAM_financial_statements_2020_consolidated,consolidated,data/data/ViFinQA/financial_statements/SAM/2020/SAM_financial_statements_2020_consolidated/SAM_financial_statements_2020_consolidated_extracted.txt,195347,165245,195347,54,73,278,163851
SAM,2020,SAM_financial_statements_2020_separate,separate,data/data/ViFinQA/financial_statements/SAM/2020/SAM_financial_statements_2020_separate/SAM_financial_statements_2020_separate_extracted.txt,146920,128622,146920,41,48,272,126836
SAM,2021,SAM_financial_statements_2021_consolidated,consolidated,data/data/ViFinQA/financial_statements/SAM/2021/SAM_financial_statements_2021_consolidated/SAM_financial_statements_2021_consolidated_extracted.txt,223244,188602,223244,63,80,278,186837
SAM,2021,SAM_financial_statements_2021_separate,separate,data/data/ViFinQA/financial_statements/SAM/2021/SAM_financial_statements_2021_separate/SAM_financial_statements_2021_separate_extracted.txt,138870,118142,138870,45,44,272,116466
SAM,2022,SAM_financial_statements_2022_consolidated,consolidated,data/data/ViFinQA/financial_statements/SAM/2022/SAM_financial_statements_2022_consolidated/SAM_financial_statements_2022_consolidated_extracted.txt,213807,182430,213807,63,86,1543,180970
SAM,2022,SAM_financial_statements_2022_separate,separate,data/data/ViFinQA/financial_statements/SAM/2022/SAM_financial_statements_2022_separate/SAM_financial_statements_2022_separate_extracted.txt,139778,119499,139778,47,43,1540,118555
SAM,2023,SAM_financial_statements_2023_consolidated,consolidated,data/data/ViFinQA/financial_statements/SAM/2023/SAM_financial_statements_2023_consolidated/SAM_financial_statements_2023_consolidated_extracted.txt,193939,165787,193939,57,71,271,164254
SAM,2023,SAM_financial_statements_2023_separate,separate,data/data/ViFinQA/financial_statements/SAM/2023/SAM_financial_statements_2023_separate/SAM_financial_statements_2023_separate_extracted.txt,132458,113887,132458,44,51,268,112423
SAM,2024,SAM_financial_statements_2024_consolidated,consolidated,data/data/ViFinQA/financial_statements/SAM/2024/SAM_financial_statements_2024_consolidated/SAM_financial_statements_2024_consolidated_extracted.txt,188873,161058,188873,56,72,2381,159417
SAM,2024,SAM_financial_statements_2024_separate,separate,data/data/ViFinQA/financial_statements/SAM/2024/SAM_financial_statements_2024_separate/SAM_financial_statements_2024_separate_extracted.txt,129391,111110,129391,42,51,2379,109505
SAM,2025,SAM_financial_statements_2025_consolidated,consolidated,data/data/ViFinQA/financial_statements/SAM/2025/SAM_financial_statements_2025_consolidated/SAM_financial_statements_2025_consolidated_extracted.txt,182935,155606,182935,54,75,2345,153929
SAM,2025,SAM_financial_statements_2025_separate,separate,data/data/ViFinQA/financial_statements/SAM/2025/SAM_financial_statements_2025_separate/SAM_financial_statements_2025_separate_extracted.txt,124548,106943,124548,39,45,2341,105159
SCR,2015,SCR_financial_statements_2015_consolidated,consolidated,data/data/ViFinQA/financial_statements/SCR/2015/SCR_financial_statements_2015_consolidated/SCR_financial_statements_2015_consolidated_extracted.txt,194867,164913,194867,73,81,260,160175
SCR,2015,SCR_financial_statements_2015_separate,separate,data/data/ViFinQA/financial_statements/SCR/2015/SCR_financial_statements_2015_separate/SCR_financial_statements_2015_separate_extracted.txt,151503,128763,151503,58,66,219,124044
SCR,2016,SCR_financial_statements_2016_consolidated,consolidated,data/data/ViFinQA/financial_statements/SCR/2016/SCR_financial_statements_2016_consolidated/SCR_financial_statements_2016_consolidated_extracted.txt,183912,156360,183912,73,79,643,156020
SCR,2016,SCR_financial_statements_2016_separate,separate,data/data/ViFinQA/financial_statements/SCR/2016/SCR_financial_statements_2016_separate/SCR_financial_statements_2016_separate_extracted.txt,141545,120632,141545,58,64,224,119985
SCR,2017,SCR_financial_statements_2017_consolidated,consolidated,data/data/ViFinQA/financial_statements/SCR/2017/SCR_financial_statements_2017_consolidated/SCR_financial_statements_2017_consolidated_extracted.txt,173993,148835,173993,65,71,277,148384
SCR,2017,SCR_financial_statements_2017_separate,separate,data/data/ViFinQA/financial_statements/SCR/2017/SCR_financial_statements_2017_separate/SCR_financial_statements_2017_separate_extracted.txt,144799,123750,144799,58,73,225,122363
SCR,2018,SCR_financial_statements_2018_consolidated,consolidated,data/data/ViFinQA/financial_statements/SCR/2018/SCR_financial_statements_2018_consolidated/SCR_financial_statements_2018_consolidated_extracted.txt,206021,175193,206021,79,84,686,173444
SCR,2018,SCR_financial_statements_2018_separate,separate,data/data/ViFinQA/financial_statements/SCR/2018/SCR_financial_statements_2018_separate/SCR_financial_statements_2018_separate_extracted.txt,171584,146755,171584,69,73,625,145813
SCR,2019,SCR_financial_statements_2019_consolidated,consolidated,data/data/ViFinQA/financial_statements/SCR/2019/SCR_financial_statements_2019_consolidated/SCR_financial_statements_2019_consolidated_extracted.txt,209672,176951,209672,73,91,612,175518
SCR,2019,SCR_financial_statements_2019_separate,separate,data/data/ViFinQA/financial_statements/SCR/2019/SCR_financial_statements_2019_separate/SCR_financial_statements_2019_separate_extracted.txt,179231,152234,179231,62,80,616,150617
SCR,2020,SCR_financial_statements_2020_consolidated,consolidated,data/data/ViFinQA/financial_statements/SCR/2020/SCR_financial_statements_2020_consolidated/SCR_financial_statements_2020_consolidated_extracted.txt,200401,168998,200401,69,99,615,167739
SCR,2020,SCR_financial_statements_2020_separate,separate,data/data/ViFinQA/financial_statements/SCR/2020/SCR_financial_statements_2020_separate/SCR_financial_statements_2020_separate_extracted.txt,172781,147236,172781,59,84,212,146123
SCR,2021,SCR_financial_statements_2021_consolidated,consolidated,data/data/ViFinQA/financial_statements/SCR/2021/SCR_financial_statements_2021_consolidated/SCR_financial_statements_2021_consolidated_extracted.txt,195710,165510,195710,72,102,215,164121
SCR,2021,SCR_financial_statements_2021_separate,separate,data/data/ViFinQA/financial_statements/SCR/2021/SCR_financial_statements_2021_separate/SCR_financial_statements_2021_separate_extracted.txt,168219,143039,168219,65,82,268,140730
SCR,2022,SCR_financial_statements_2022_consolidated,consolidated,data/data/ViFinQA/financial_statements/SCR/2022/SCR_financial_statements_2022_consolidated/SCR_financial_statements_2022_consolidated_extracted.txt,166238,139882,166238,60,84,252,138620
SCR,2022,SCR_financial_statements_2022_separate,separate,data/data/ViFinQA/financial_statements/SCR/2022/SCR_financial_statements_2022_separate/SCR_financial_statements_2022_separate_extracted.txt,156486,132434,156486,57,76,249,131196
SCR,2023,SCR_financial_statements_2023_consolidated,consolidated,data/data/ViFinQA/financial_statements/SCR/2023/SCR_financial_statements_2023_consolidated/SCR_financial_statements_2023_consolidated_extracted.txt,168985,141521,168985,58,73,2289,140241
SCR,2023,SCR_financial_statements_2023_separate,separate,data/data/ViFinQA/financial_statements/SCR/2023/SCR_financial_statements_2023_separate/SCR_financial_statements_2023_separate_extracted.txt,178079,151802,178079,57,67,212,150536
SCR,2024,SCR_financial_statements_2024_consolidated,consolidated,data/data/ViFinQA/financial_statements/SCR/2024/SCR_financial_statements_2024_consolidated/SCR_financial_statements_2024_consolidated_extracted.txt,225452,187200,225452,64,78,3033,185846
SCR,2024,SCR_financial_statements_2024_separate,separate,data/data/ViFinQA/financial_statements/SCR/2024/SCR_financial_statements_2024_separate/SCR_financial_statements_2024_separate_extracted.txt,214998,179692,214998,63,69,3081,177900
SCR,2025,SCR_financial_statements_2025_consolidated,consolidated,data/data/ViFinQA/financial_statements/SCR/2025/SCR_financial_statements_2025_consolidated/SCR_financial_statements_2025_consolidated_extracted.txt,231583,191900,231583,62,74,3180,190806
SCR,2025,SCR_financial_statements_2025_separate,separate,data/data/ViFinQA/financial_statements/SCR/2025/SCR_financial_statements_2025_separate/SCR_financial_statements_2025_separate_extracted.txt,213665,178425,213665,59,67,3379,176531
SGB,2015,SGB_financial_statements_2015_consolidated,consolidated,data/data/ViFinQA/financial_statements/SGB/2015/SGB_financial_statements_2015_consolidated/SGB_financial_statements_2015_consolidated_extracted.txt,21262,18581,21262,9,10,409,16996
SGB,2015,SGB_financial_statements_2015_separate,separate,data/data/ViFinQA/financial_statements/SGB/2015/SGB_financial_statements_2015_separate/SGB_financial_statements_2015_separate_extracted.txt,20990,18392,20990,9,10,332,16802
SGB,2016,SGB_financial_statements_2016_consolidated,consolidated,data/data/ViFinQA/financial_statements/SGB/2016/SGB_financial_statements_2016_consolidated/SGB_financial_statements_2016_consolidated_extracted.txt,173739,147702,173739,53,75,3573,143033
SGB,2016,SGB_financial_statements_2016_separate,separate,data/data/ViFinQA/financial_statements/SGB/2016/SGB_financial_statements_2016_separate/SGB_financial_statements_2016_separate_extracted.txt,188808,163826,188808,53,68,3520,159595
SGB,2017,SGB_financial_statements_2017_consolidated,consolidated,data/data/ViFinQA/financial_statements/SGB/2017/SGB_financial_statements_2017_consolidated/SGB_financial_statements_2017_consolidated_extracted.txt,183028,154027,183028,53,71,3360,149293
SGB,2017,SGB_financial_statements_2017_separate,separate,data/data/ViFinQA/financial_statements/SGB/2017/SGB_financial_statements_2017_separate/SGB_financial_statements_2017_separate_extracted.txt,180003,152026,180003,53,71,3140,147906
SGB,2018,SGB_financial_statements_2018_consolidated,consolidated,data/data/ViFinQA/financial_statements/SGB/2018/SGB_financial_statements_2018_consolidated/SGB_financial_statements_2018_consolidated_extracted.txt,34630,29206,34630,14,12,3329,27686
SGB,2018,SGB_financial_statements_2018_separate,separate,data/data/ViFinQA/financial_statements/SGB/2018/SGB_financial_statements_2018_separate/SGB_financial_statements_2018_separate_extracted.txt,168429,141103,168429,52,66,3160,137797
SGB,2019,SGB_financial_statements_2019_consolidated,consolidated,data/data/ViFinQA/financial_statements/SGB/2019/SGB_financial_statements_2019_consolidated/SGB_financial_statements_2019_consolidated_extracted.txt,180761,151063,180761,52,69,3295,146969
SGB,2019,SGB_financial_statements_2019_separate,separate,data/data/ViFinQA/financial_statements/SGB/2019/SGB_financial_statements_2019_separate/SGB_financial_statements_2019_separate_extracted.txt,174534,146996,174534,52,63,3141,143683
SGB,2020,SGB_financial_statements_2020_consolidated,consolidated,data/data/ViFinQA/financial_statements/SGB/2020/SGB_financial_statements_2020_consolidated/SGB_financial_statements_2020_consolidated_extracted.txt,190777,157941,190777,49,67,3181,156765
SGB,2020,SGB_financial_statements_2020_separate,separate,data/data/ViFinQA/financial_statements/SGB/2020/SGB_financial_statements_2020_separate/SGB_financial_statements_2020_separate_extracted.txt,184165,152701,184165,49,70,2739,151612
SGB,2021,SGB_financial_statements_2021_consolidated,consolidated,data/data/ViFinQA/financial_statements/SGB/2021/SGB_financial_statements_2021_consolidated/SGB_financial_statements_2021_consolidated_extracted.txt,184626,153925,184626,53,67,3317,149548
SGB,2021,SGB_financial_statements_2021_separate,separate,data/data/ViFinQA/financial_statements/SGB/2021/SGB_financial_statements_2021_separate/SGB_financial_statements_2021_separate_extracted.txt,185136,154660,185136,53,70,3439,150725
SGB,2022,SGB_financial_statements_2022_consolidated,consolidated,data/data/ViFinQA/financial_statements/SGB/2022/SGB_financial_statements_2022_consolidated/SGB_financial_statements_2022_consolidated_extracted.txt,194716,160820,194716,54,71,206,156131
SGB,2022,SGB_financial_statements_2022_separate,separate,data/data/ViFinQA/financial_statements/SGB/2022/SGB_financial_statements_2022_separate/SGB_financial_statements_2022_separate_extracted.txt,189283,156286,189283,54,73,3102,152213
SGB,2023,SGB_financial_statements_2023_consolidated,consolidated,data/data/ViFinQA/financial_statements/SGB/2023/SGB_financial_statements_2023_consolidated/SGB_financial_statements_2023_consolidated_extracted.txt,191971,160773,191971,54,72,3287,156287
SGB,2023,SGB_financial_statements_2023_separate,separate,data/data/ViFinQA/financial_statements/SGB/2023/SGB_financial_statements_2023_separate/SGB_financial_statements_2023_separate_extracted.txt,183119,152926,183119,54,67,3092,148914
SGB,2024,SGB_financial_statements_2024_consolidated,consolidated,data/data/ViFinQA/financial_statements/SGB/2024/SGB_financial_statements_2024_consolidated/SGB_financial_statements_2024_consolidated_extracted.txt,202126,168605,202126,57,74,3216,165191
SGB,2024,SGB_financial_statements_2024_separate,separate,data/data/ViFinQA/financial_statements/SGB/2024/SGB_financial_statements_2024_separate/SGB_financial_statements_2024_separate_extracted.txt,197412,163575,197412,57,74,3107,160169
SGB,2025,SGB_financial_statements_2025_consolidated,consolidated,data/data/ViFinQA/financial_statements/SGB/2025/SGB_financial_statements_2025_consolidated/SGB_financial_statements_2025_consolidated_extracted.txt,196674,164620,196674,55,67,3183,161320
SGB,2025,SGB_financial_statements_2025_separate,separate,data/data/ViFinQA/financial_statements/SGB/2025/SGB_financial_statements_2025_separate/SGB_financial_statements_2025_separate_extracted.txt,193425,161720,193425,55,70,3147,158263
SHB,2015,SHB_financial_statements_2015_consolidated,consolidated,data/data/ViFinQA/financial_statements/SHB/2015/SHB_financial_statements_2015_consolidated/SHB_financial_statements_2015_consolidated_extracted.txt,249867,206641,249867,80,106,1387,205826
SHB,2015,SHB_financial_statements_2015_separate,separate,data/data/ViFinQA/financial_statements/SHB/2015/SHB_financial_statements_2015_separate/SHB_financial_statements_2015_separate_extracted.txt,242052,200932,242052,75,97,1372,200261
SHB,2016,SHB_financial_statements_2016_consolidated,consolidated,data/data/ViFinQA/financial_statements/SHB/2016/SHB_financial_statements_2016_consolidated/SHB_financial_statements_2016_consolidated_extracted.txt,270218,224456,270218,81,123,451,223841
SHB,2016,SHB_financial_statements_2016_separate,separate,data/data/ViFinQA/financial_statements/SHB/2016/SHB_financial_statements_2016_separate/SHB_financial_statements_2016_separate_extracted.txt,235291,195072,235291,70,104,285,194497
SHB,2017,SHB_financial_statements_2017_consolidated,consolidated,data/data/ViFinQA/financial_statements/SHB/2017/SHB_financial_statements_2017_consolidated/SHB_financial_statements_2017_consolidated_extracted.txt,226362,187019,226362,69,85,196,186217
SHB,2017,SHB_financial_statements_2017_separate,separate,data/data/ViFinQA/financial_statements/SHB/2017/SHB_financial_statements_2017_separate/SHB_financial_statements_2017_separate_extracted.txt,203278,168309,203278,66,81,193,167569
SHB,2018,SHB_financial_statements_2018_consolidated,consolidated,data/data/ViFinQA/financial_statements/SHB/2018/SHB_financial_statements_2018_consolidated/SHB_financial_statements_2018_consolidated_extracted.txt,248118,205243,248118,83,111,471,204576
SHB,2018,SHB_financial_statements_2018_separate,separate,data/data/ViFinQA/financial_statements/SHB/2018/SHB_financial_statements_2018_separate/SHB_financial_statements_2018_separate_extracted.txt,230199,190593,230199,76,97,429,190008
SHB,2019,SHB_financial_statements_2019_consolidated,consolidated,data/data/ViFinQA/financial_statements/SHB/2019/SHB_financial_statements_2019_consolidated/SHB_financial_statements_2019_consolidated_extracted.txt,240556,202991,240556,79,104,232,202220
SHB,2019,SHB_financial_statements_2019_separate,separate,data/data/ViFinQA/financial_statements/SHB/2019/SHB_financial_statements_2019_separate/SHB_financial_statements_2019_separate_extracted.txt,222560,187236,222560,72,93,229,186364
SHB,2020,SHB_financial_statements_2020_consolidated,consolidated,data/data/ViFinQA/financial_statements/SHB/2020/SHB_financial_statements_2020_consolidated/SHB_financial_statements_2020_consolidated_extracted.txt,232256,194368,232256,79,112,232,192297
SHB,2020,SHB_financial_statements_2020_separate,separate,data/data/ViFinQA/financial_statements/SHB/2020/SHB_financial_statements_2020_separate/SHB_financial_statements_2020_separate_extracted.txt,214096,179554,214096,71,90,229,178189
SHB,2021,SHB_financial_statements_2021_consolidated,consolidated,data/data/ViFinQA/financial_statements/SHB/2021/SHB_financial_statements_2021_consolidated/SHB_financial_statements_2021_consolidated_extracted.txt,266882,222310,266882,84,114,232,219853
SHB,2021,SHB_financial_statements_2021_separate,separate,data/data/ViFinQA/financial_statements/SHB/2021/SHB_financial_statements_2021_separate/SHB_financial_statements_2021_separate_extracted.txt,246639,204780,246639,76,103,230,202414
SHB,2022,SHB_financial_statements_2022_consolidated,consolidated,data/data/ViFinQA/financial_statements/SHB/2022/SHB_financial_statements_2022_consolidated/SHB_financial_statements_2022_consolidated_extracted.txt,240009,201952,240009,77,111,8608,201110
SHB,2022,SHB_financial_statements_2022_separate,separate,data/data/ViFinQA/financial_statements/SHB/2022/SHB_financial_statements_2022_separate/SHB_financial_statements_2022_separate_extracted.txt,219125,183340,219125,71,104,237,182524
SHB,2023,SHB_financial_statements_2023_consolidated,consolidated,data/data/ViFinQA/financial_statements/SHB/2023/SHB_financial_statements_2023_consolidated/SHB_financial_statements_2023_consolidated_extracted.txt,216602,180625,216602,62,105,1500,180040
SHB,2023,SHB_financial_statements_2023_separate,separate,data/data/ViFinQA/financial_statements/SHB/2023/SHB_financial_statements_2023_separate/SHB_financial_statements_2023_separate_extracted.txt,192643,160831,192643,57,97,625,159913
SHB,2024,SHB_financial_statements_2024_consolidated,consolidated,data/data/ViFinQA/financial_statements/SHB/2024/SHB_financial_statements_2024_consolidated/SHB_financial_statements_2024_consolidated_extracted.txt,224293,186544,224293,69,105,1411,185083
SHB,2024,SHB_financial_statements_2024_separate,separate,data/data/ViFinQA/financial_statements/SHB/2024/SHB_financial_statements_2024_separate/SHB_financial_statements_2024_separate_extracted.txt,203652,169570,203652,60,96,577,168261
SHB,2025,SHB_financial_statements_2025_consolidated,consolidated,data/data/ViFinQA/financial_statements/SHB/2025/SHB_financial_statements_2025_consolidated/SHB_financial_statements_2025_consolidated_extracted.txt,219604,182659,219604,68,106,1366,179913
SHB,2025,SHB_financial_statements_2025_separate,separate,data/data/ViFinQA/financial_statements/SHB/2025/SHB_financial_statements_2025_separate/SHB_financial_statements_2025_separate_extracted.txt,199326,166035,199326,60,97,1341,163451
SJG,2018,SJG_financial_statements_2018_aggregated,unknown,data/data/ViFinQA/financial_statements/SJG/2018/SJG_financial_statements_2018_aggregated/SJG_financial_statements_2018_aggregated_extracted.txt,195090,164885,195090,55,75,1559,164203
SJG,2018,SJG_financial_statements_2018_consolidated,consolidated,data/data/ViFinQA/financial_statements/SJG/2018/SJG_financial_statements_2018_consolidated/SJG_financial_statements_2018_consolidated_extracted.txt,227223,189166,227223,58,72,1560,188573
SJG,2019,SJG_financial_statements_2019_consolidated,consolidated,data/data/ViFinQA/financial_statements/SJG/2019/SJG_financial_statements_2019_consolidated/SJG_financial_statements_2019_consolidated_extracted.txt,232870,193788,232870,59,79,4888,193180
SJG,2019,SJG_financial_statements_2019_separate,separate,data/data/ViFinQA/financial_statements/SJG/2019/SJG_financial_statements_2019_separate/SJG_financial_statements_2019_separate_extracted.txt,195733,165359,195733,55,75,4826,164335
SJG,2020,SJG_financial_statements_2020_consolidated,consolidated,data/data/ViFinQA/financial_statements/SJG/2020/SJG_financial_statements_2020_consolidated/SJG_financial_statements_2020_consolidated_extracted.txt,237696,198780,237696,62,78,5910,198040
SJG,2020,SJG_financial_statements_2020_separate,separate,data/data/ViFinQA/financial_statements/SJG/2020/SJG_financial_statements_2020_separate/SJG_financial_statements_2020_separate_extracted.txt,203085,172398,203085,54,75,6891,171688
SJG,2021,SJG_financial_statements_2021_consolidated,consolidated,data/data/ViFinQA/financial_statements/SJG/2021/SJG_financial_statements_2021_consolidated/SJG_financial_statements_2021_consolidated_extracted.txt,196947,162649,196947,51,64,4937,161517
SJG,2021,SJG_financial_statements_2021_separate,separate,data/data/ViFinQA/financial_statements/SJG/2021/SJG_financial_statements_2021_separate/SJG_financial_statements_2021_separate_extracted.txt,173939,146724,173939,46,71,4887,145953
SJG,2022,SJG_financial_statements_2022_consolidated,consolidated,data/data/ViFinQA/financial_statements/SJG/2022/SJG_financial_statements_2022_consolidated/SJG_financial_statements_2022_consolidated_extracted.txt,193900,161306,193900,53,53,6094,159817
SJG,2022,SJG_financial_statements_2022_separate,separate,data/data/ViFinQA/financial_statements/SJG/2022/SJG_financial_statements_2022_separate/SJG_financial_statements_2022_separate_extracted.txt,176540,149101,176540,52,59,5213,146843
SJG,2023,SJG_financial_statements_2023_consolidated,consolidated,data/data/ViFinQA/financial_statements/SJG/2023/SJG_financial_statements_2023_consolidated/SJG_financial_statements_2023_consolidated_extracted.txt,206174,169761,206174,55,58,5659,167892
SJG,2023,SJG_financial_statements_2023_separate,separate,data/data/ViFinQA/financial_statements/SJG/2023/SJG_financial_statements_2023_separate/SJG_financial_statements_2023_separate_extracted.txt,176638,149065,176638,55,64,4731,146360
SJG,2024,SJG_financial_statements_2024_aggregated,unknown,data/data/ViFinQA/financial_statements/SJG/2024/SJG_financial_statements_2024_aggregated/SJG_financial_statements_2024_aggregated_extracted.txt,177319,149634,177319,54,64,2768,147148
SJG,2024,SJG_financial_statements_2024_consolidated,consolidated,data/data/ViFinQA/financial_statements/SJG/2024/SJG_financial_statements_2024_consolidated/SJG_financial_statements_2024_consolidated_extracted.txt,197988,164882,197988,55,55,3596,163147
SJG,2025,SJG_financial_statements_2025_aggregated,unknown,data/data/ViFinQA/financial_statements/SJG/2025/SJG_financial_statements_2025_aggregated/SJG_financial_statements_2025_aggregated_extracted.txt,173084,145021,173084,52,62,3675,142689
SJG,2025,SJG_financial_statements_2025_consolidated,consolidated,data/data/ViFinQA/financial_statements/SJG/2025/SJG_financial_statements_2025_consolidated/SJG_financial_statements_2025_consolidated_extracted.txt,199397,164039,199397,55,56,2965,162041
SNZ,2017,SNZ_financial_statements_2017_consolidated,consolidated,data/data/ViFinQA/financial_statements/SNZ/2017/SNZ_financial_statements_2017_consolidated/SNZ_financial_statements_2017_consolidated_extracted.txt,214529,181636,214529,66,71,2465,177654
SNZ,2017,SNZ_financial_statements_2017_separate,separate,data/data/ViFinQA/financial_statements/SNZ/2017/SNZ_financial_statements_2017_separate/SNZ_financial_statements_2017_separate_extracted.txt,151962,129571,151962,50,57,1302,127745
SNZ,2018,SNZ_financial_statements_2018_consolidated,consolidated,data/data/ViFinQA/financial_statements/SNZ/2018/SNZ_financial_statements_2018_consolidated/SNZ_financial_statements_2018_consolidated_extracted.txt,202411,171325,202411,67,67,1872,169627
SNZ,2018,SNZ_financial_statements_2018_separate,separate,data/data/ViFinQA/financial_statements/SNZ/2018/SNZ_financial_statements_2018_separate/SNZ_financial_statements_2018_separate_extracted.txt,125173,105684,125173,45,49,1849,104242
SNZ,2019,SNZ_financial_statements_2019_consolidated,consolidated,data/data/ViFinQA/financial_statements/SNZ/2019/SNZ_financial_statements_2019_consolidated/SNZ_financial_statements_2019_consolidated_extracted.txt,202084,171485,202084,65,89,2437,170341
SNZ,2019,SNZ_financial_statements_2019_separate,separate,data/data/ViFinQA/financial_statements/SNZ/2019/SNZ_financial_statements_2019_separate/SNZ_financial_statements_2019_separate_extracted.txt,126087,106015,126087,46,51,2457,105566
SNZ,2020,SNZ_financial_statements_2020_consolidated,consolidated,data/data/ViFinQA/financial_statements/SNZ/2020/SNZ_financial_statements_2020_consolidated/SNZ_financial_statements_2020_consolidated_extracted.txt,208031,176080,208031,65,78,2513,173001
SNZ,2020,SNZ_financial_statements_2020_separate,separate,data/data/ViFinQA/financial_statements/SNZ/2020/SNZ_financial_statements_2020_separate/SNZ_financial_statements_2020_separate_extracted.txt,133278,113985,133278,45,52,2473,112118
SNZ,2021,SNZ_financial_statements_2021_consolidated,consolidated,data/data/ViFinQA/financial_statements/SNZ/2021/SNZ_financial_statements_2021_consolidated/SNZ_financial_statements_2021_consolidated_extracted.txt,206144,173318,206144,64,74,2467,172021
SNZ,2021,SNZ_financial_statements_2021_separate,separate,data/data/ViFinQA/financial_statements/SNZ/2021/SNZ_financial_statements_2021_separate/SNZ_financial_statements_2021_separate_extracted.txt,119422,101284,119422,44,50,1738,100093
SNZ,2022,SNZ_financial_statements_2022_consolidated,consolidated,data/data/ViFinQA/financial_statements/SNZ/2022/SNZ_financial_statements_2022_consolidated/SNZ_financial_statements_2022_consolidated_extracted.txt,213511,180948,213511,69,78,3643,178288
SNZ,2022,SNZ_financial_statements_2022_separate,separate,data/data/ViFinQA/financial_statements/SNZ/2022/SNZ_financial_statements_2022_separate/SNZ_financial_statements_2022_separate_extracted.txt,129264,110078,129264,47,52,3123,108980
SNZ,2023,SNZ_financial_statements_2023_consolidated,consolidated,data/data/ViFinQA/financial_statements/SNZ/2023/SNZ_financial_statements_2023_consolidated/SNZ_financial_statements_2023_consolidated_extracted.txt,203956,170582,203956,69,72,3229,169484
SNZ,2023,SNZ_financial_statements_2023_separate,separate,data/data/ViFinQA/financial_statements/SNZ/2023/SNZ_financial_statements_2023_separate/SNZ_financial_statements_2023_separate_extracted.txt,126721,106842,126721,49,55,3529,106120
SNZ,2024,SNZ_financial_statements_2024_consolidated,consolidated,data/data/ViFinQA/financial_statements/SNZ/2024/SNZ_financial_statements_2024_consolidated/SNZ_financial_statements_2024_consolidated_extracted.txt,209404,175996,209404,72,74,3327,173004
SNZ,2024,SNZ_financial_statements_2024_separate,separate,data/data/ViFinQA/financial_statements/SNZ/2024/SNZ_financial_statements_2024_separate/SNZ_financial_statements_2024_separate_extracted.txt,131140,110544,131140,50,57,3304,108718
SNZ,2025,SNZ_financial_statements_2025_consolidated,consolidated,data/data/ViFinQA/financial_statements/SNZ/2025/SNZ_financial_statements_2025_consolidated/SNZ_financial_statements_2025_consolidated_extracted.txt,202339,170242,202339,69,84,3302,168991
SNZ,2025,SNZ_financial_statements_2025_separate,separate,data/data/ViFinQA/financial_statements/SNZ/2025/SNZ_financial_statements_2025_separate/SNZ_financial_statements_2025_separate_extracted.txt,123257,104067,123257,49,51,3273,103274
SSB,2020,SSB_financial_statements_2020_consolidated,consolidated,data/data/ViFinQA/financial_statements/SSB/2020/SSB_financial_statements_2020_consolidated/SSB_financial_statements_2020_consolidated_extracted.txt,221240,186192,221240,73,96,214,183928
SSB,2020,SSB_financial_statements_2020_separate,separate,data/data/ViFinQA/financial_statements/SSB/2020/SSB_financial_statements_2020_separate/SSB_financial_statements_2020_separate_extracted.txt,201274,169631,201274,68,90,211,167513
SSB,2021,SSB_financial_statements_2021_consolidated,consolidated,data/data/ViFinQA/financial_statements/SSB/2021/SSB_financial_statements_2021_consolidated/SSB_financial_statements_2021_consolidated_extracted.txt,256162,215242,256162,80,103,760,209386
SSB,2021,SSB_financial_statements_2021_separate,separate,data/data/ViFinQA/financial_statements/SSB/2021/SSB_financial_statements_2021_separate/SSB_financial_statements_2021_separate_extracted.txt,230466,191747,230466,73,95,759,186295
SSB,2022,SSB_financial_statements_2022_consolidated,consolidated,data/data/ViFinQA/financial_statements/SSB/2022/SSB_financial_statements_2022_consolidated/SSB_financial_statements_2022_consolidated_extracted.txt,252482,211442,252482,76,113,792,206913
SSB,2022,SSB_financial_statements_2022_separate,separate,data/data/ViFinQA/financial_statements/SSB/2022/SSB_financial_statements_2022_separate/SSB_financial_statements_2022_separate_extracted.txt,216792,183580,216792,70,98,792,179180
SSB,2023,SSB_financial_statements_2023_consolidated,consolidated,data/data/ViFinQA/financial_statements/SSB/2023/SSB_financial_statements_2023_consolidated/SSB_financial_statements_2023_consolidated_extracted.txt,227462,192145,227462,76,111,368,187480
SSB,2023,SSB_financial_statements_2023_separate,separate,data/data/ViFinQA/financial_statements/SSB/2023/SSB_financial_statements_2023_separate/SSB_financial_statements_2023_separate_extracted.txt,200389,169235,200389,69,107,6399,164783
SSB,2024,SSB_financial_statements_2024_consolidated,consolidated,data/data/ViFinQA/financial_statements/SSB/2024/SSB_financial_statements_2024_consolidated/SSB_financial_statements_2024_consolidated_extracted.txt,242935,204335,242935,75,111,793,197780
SSB,2024,SSB_financial_statements_2024_separate,separate,data/data/ViFinQA/financial_statements/SSB/2024/SSB_financial_statements_2024_separate/SSB_financial_statements_2024_separate_extracted.txt,222474,186867,222474,71,102,793,180551
SSB,2025,SSB_financial_statements_2025_consolidated,consolidated,data/data/ViFinQA/financial_statements/SSB/2025/SSB_financial_statements_2025_consolidated/SSB_financial_statements_2025_consolidated_extracted.txt,248885,208839,248885,77,106,2268,205220
SSB,2025,SSB_financial_statements_2025_separate,separate,data/data/ViFinQA/financial_statements/SSB/2025/SSB_financial_statements_2025_separate/SSB_financial_statements_2025_separate_extracted.txt,228509,191514,228509,73,103,1835,187150
SSH,2020,SSH_financial_statements_2020_consolidated,consolidated,data/data/ViFinQA/financial_statements/SSH/2020/SSH_financial_statements_2020_consolidated/SSH_financial_statements_2020_consolidated_extracted.txt,164211,138243,164211,54,57,466,135788
SSH,2020,SSH_financial_statements_2020_separate,separate,data/data/ViFinQA/financial_statements/SSH/2020/SSH_financial_statements_2020_separate/SSH_financial_statements_2020_separate_extracted.txt,118365,99750,118365,42,51,462,97444
SSH,2021,SSH_financial_statements_2021_consolidated,consolidated,data/data/ViFinQA/financial_statements/SSH/2021/SSH_financial_statements_2021_consolidated/SSH_financial_statements_2021_consolidated_extracted.txt,159500,134743,159500,51,58,1353,132446
SSH,2021,SSH_financial_statements_2021_separate,separate,data/data/ViFinQA/financial_statements/SSH/2021/SSH_financial_statements_2021_separate/SSH_financial_statements_2021_separate_extracted.txt,123583,104424,123583,41,54,1251,102250
SSH,2022,SSH_financial_statements_2022_consolidated,consolidated,data/data/ViFinQA/financial_statements/SSH/2022/SSH_financial_statements_2022_consolidated/SSH_financial_statements_2022_consolidated_extracted.txt,225681,191310,225681,67,72,1380,188488
SSH,2022,SSH_financial_statements_2022_separate,separate,data/data/ViFinQA/financial_statements/SSH/2022/SSH_financial_statements_2022_separate/SSH_financial_statements_2022_separate_extracted.txt,118615,100371,118615,39,47,1329,98681
SSH,2023,SSH_financial_statements_2023_consolidated,consolidated,data/data/ViFinQA/financial_statements/SSH/2023/SSH_financial_statements_2023_consolidated/SSH_financial_statements_2023_consolidated_extracted.txt,199443,167663,199443,63,66,1360,164368
SSH,2023,SSH_financial_statements_2023_separate,separate,data/data/ViFinQA/financial_statements/SSH/2023/SSH_financial_statements_2023_separate/SSH_financial_statements_2023_separate_extracted.txt,109313,92116,109313,35,44,1279,89577
SSH,2024,SSH_2024_financial_statement_explanations_1,unknown,data/data/ViFinQA/financial_statements/SSH/2024/SSH_2024_financial_statement_explanations_1/SSH_2024_financial_statement_explanations_1_extracted.txt,13226,11477,13226,7,1,4807,4807
SSH,2024,SSH_2024_financial_statement_explanations_2,unknown,data/data/ViFinQA/financial_statements/SSH/2024/SSH_2024_financial_statement_explanations_2/SSH_2024_financial_statement_explanations_2_extracted.txt,13226,11477,13226,7,1,4807,4807
SSH,2024,SSH_financial_statements_2024_consolidated,consolidated,data/data/ViFinQA/financial_statements/SSH/2024/SSH_financial_statements_2024_consolidated/SSH_financial_statements_2024_consolidated_extracted.txt,193181,162082,193181,57,66,913,159139
SSH,2024,SSH_financial_statements_2024_separate,separate,data/data/ViFinQA/financial_statements/SSH/2024/SSH_financial_statements_2024_separate/SSH_financial_statements_2024_separate_extracted.txt,100926,85151,100926,33,45,453,83078
SSH,2025,SSH_2025_financial_statement_explanations_1,unknown,data/data/ViFinQA/financial_statements/SSH/2025/SSH_2025_financial_statement_explanations_1/SSH_2025_financial_statement_explanations_1_extracted.txt,17810,15594,17810,10,2,5154,12432
SSH,2025,SSH_2025_financial_statement_explanations_2,unknown,data/data/ViFinQA/financial_statements/SSH/2025/SSH_2025_financial_statement_explanations_2/SSH_2025_financial_statement_explanations_2_extracted.txt,17810,15594,17810,10,2,5154,12432
SSH,2025,SSH_financial_statements_2025_consolidated,consolidated,data/data/ViFinQA/financial_statements/SSH/2025/SSH_financial_statements_2025_consolidated/SSH_financial_statements_2025_consolidated_extracted.txt,187952,157961,187952,58,63,1268,153991
SSH,2025,SSH_financial_statements_2025_separate,separate,data/data/ViFinQA/financial_statements/SSH/2025/SSH_financial_statements_2025_separate/SSH_financial_statements_2025_separate_extracted.txt,111346,91965,111346,34,45,1455,89410
SSI,2015,SSI_financial_statements_2015_consolidated,consolidated,data/data/ViFinQA/financial_statements/SSI/2015/SSI_financial_statements_2015_consolidated/SSI_financial_statements_2015_consolidated_extracted.txt,216761,182459,216761,68,67,1911,180873
SSI,2015,SSI_financial_statements_2015_separate,separate,data/data/ViFinQA/financial_statements/SSI/2015/SSI_financial_statements_2015_separate/SSI_financial_statements_2015_separate_extracted.txt,194370,164304,194370,61,63,173,161495
SSI,2016,SSI_financial_statements_2016_consolidated,consolidated,data/data/ViFinQA/financial_statements/SSI/2016/SSI_financial_statements_2016_consolidated/SSI_financial_statements_2016_consolidated_extracted.txt,305504,259523,305504,97,112,2207,257935
SSI,2016,SSI_financial_statements_2016_separate,separate,data/data/ViFinQA/financial_statements/SSI/2016/SSI_financial_statements_2016_separate/SSI_financial_statements_2016_separate_extracted.txt,283553,241975,283553,90,107,173,239745
SSI,2017,SSI_financial_statements_2017_consolidated,consolidated,data/data/ViFinQA/financial_statements/SSI/2017/SSI_financial_statements_2017_consolidated/SSI_financial_statements_2017_consolidated_extracted.txt,306754,261718,306754,88,111,403,259098
SSI,2017,SSI_financial_statements_2017_separate,separate,data/data/ViFinQA/financial_statements/SSI/2017/SSI_financial_statements_2017_separate/SSI_financial_statements_2017_separate_extracted.txt,280167,239367,280167,83,99,403,236144
SSI,2018,SSI_financial_statements_2018_consolidated,consolidated,data/data/ViFinQA/financial_statements/SSI/2018/SSI_financial_statements_2018_consolidated/SSI_financial_statements_2018_consolidated_extracted.txt,302965,257347,302965,90,108,1592,255613
SSI,2018,SSI_financial_statements_2018_separate,separate,data/data/ViFinQA/financial_statements/SSI/2018/SSI_financial_statements_2018_separate/SSI_financial_statements_2018_separate_extracted.txt,270637,230432,270637,81,95,4120,223798
SSI,2019,SSI_financial_statements_2019_consolidated,consolidated,data/data/ViFinQA/financial_statements/SSI/2019/SSI_financial_statements_2019_consolidated/SSI_financial_statements_2019_consolidated_extracted.txt,304522,258936,304522,93,111,385,257208
SSI,2019,SSI_financial_statements_2019_separate,separate,data/data/ViFinQA/financial_statements/SSI/2019/SSI_financial_statements_2019_separate/SSI_financial_statements_2019_separate_extracted.txt,268248,228479,268248,86,101,385,222684
SSI,2020,SSI_financial_statements_2020_consolidated,consolidated,data/data/ViFinQA/financial_statements/SSI/2020/SSI_financial_statements_2020_consolidated/SSI_financial_statements_2020_consolidated_extracted.txt,298039,252879,298039,91,111,1496,251435
SSI,2020,SSI_financial_statements_2020_separate,separate,data/data/ViFinQA/financial_statements/SSI/2020/SSI_financial_statements_2020_separate/SSI_financial_statements_2020_separate_extracted.txt,270147,230013,270147,86,104,1470,225246
SSI,2021,SSI_financial_statements_2021_consolidated,consolidated,data/data/ViFinQA/financial_statements/SSI/2021/SSI_financial_statements_2021_consolidated/SSI_financial_statements_2021_consolidated_extracted.txt,307746,260465,307746,98,113,1885,259045
SSI,2021,SSI_financial_statements_2021_separate,separate,data/data/ViFinQA/financial_statements/SSI/2021/SSI_financial_statements_2021_separate/SSI_financial_statements_2021_separate_extracted.txt,271562,230641,271562,87,105,1882,226094
SSI,2022,SSI_financial_statements_2022_consolidated,consolidated,data/data/ViFinQA/financial_statements/SSI/2022/SSI_financial_statements_2022_consolidated/SSI_financial_statements_2022_consolidated_extracted.txt,306236,259005,306236,100,114,451,257466
SSI,2022,SSI_financial_statements_2022_separate,separate,data/data/ViFinQA/financial_statements/SSI/2022/SSI_financial_statements_2022_separate/SSI_financial_statements_2022_separate_extracted.txt,273111,232057,273111,91,105,451,227590
SSI,2023,SSI_financial_statements_2023_consolidated,consolidated,data/data/ViFinQA/financial_statements/SSI/2023/SSI_financial_statements_2023_consolidated/SSI_financial_statements_2023_consolidated_extracted.txt,291269,245917,291269,97,115,1524,244361
SSI,2023,SSI_financial_statements_2023_separate,separate,data/data/ViFinQA/financial_statements/SSI/2023/SSI_financial_statements_2023_separate/SSI_financial_statements_2023_separate_extracted.txt,260455,220977,260455,90,103,1521,216431
SSI,2024,SSI_financial_statements_2024_consolidated,consolidated,data/data/ViFinQA/financial_statements/SSI/2024/SSI_financial_statements_2024_consolidated/SSI_financial_statements_2024_consolidated_extracted.txt,541740,495434,541740,195,224,3546,493995
SSI,2024,SSI_financial_statements_2024_separate,separate,data/data/ViFinQA/financial_statements/SSI/2024/SSI_financial_statements_2024_separate/SSI_financial_statements_2024_separate_extracted.txt,477825,437188,477825,177,198,3547,432754
SSI,2025,SSI_financial_statements_2025_consolidated,consolidated,data/data/ViFinQA/financial_statements/SSI/2025/SSI_financial_statements_2025_consolidated/SSI_financial_statements_2025_consolidated_extracted.txt,304054,257078,304054,102,115,3718,255502
SSI,2025,SSI_financial_statements_2025_separate,separate,data/data/ViFinQA/financial_statements/SSI/2025/SSI_financial_statements_2025_separate/SSI_financial_statements_2025_separate_extracted.txt,268618,228183,268618,91,101,3715,223722
STB,2015,STB_financial_statements_2015_consolidated,consolidated,data/data/ViFinQA/financial_statements/STB/2015/STB_financial_statements_2015_consolidated/STB_financial_statements_2015_consolidated_extracted.txt,337601,277193,337601,89,108,2421,276214
STB,2015,STB_financial_statements_2015_separate,separate,data/data/ViFinQA/financial_statements/STB/2015/STB_financial_statements_2015_separate/STB_financial_statements_2015_separate_extracted.txt,323527,263161,323527,85,110,197,262283
STB,2016,STB_financial_statements_2016_consolidated,consolidated,data/data/ViFinQA/financial_statements/STB/2016/STB_financial_statements_2016_consolidated/STB_financial_statements_2016_consolidated_extracted.txt,323686,264407,323686,88,116,2400,263466
STB,2016,STB_financial_statements_2016_separate,separate,data/data/ViFinQA/financial_statements/STB/2016/STB_financial_statements_2016_separate/STB_financial_statements_2016_separate_extracted.txt,293711,240838,293711,86,116,197,239866
STB,2017,STB_financial_statements_2017_consolidated,consolidated,data/data/ViFinQA/financial_statements/STB/2017/STB_financial_statements_2017_consolidated/STB_financial_statements_2017_consolidated_extracted.txt,458029,399022,458029,92,116,200,362738
STB,2017,STB_financial_statements_2017_separate,separate,data/data/ViFinQA/financial_statements/STB/2017/STB_financial_statements_2017_separate/STB_financial_statements_2017_separate_extracted.txt,324121,265926,324121,89,121,197,264945
STB,2018,STB_financial_statements_2018_consolidated,consolidated,data/data/ViFinQA/financial_statements/STB/2018/STB_financial_statements_2018_consolidated/STB_financial_statements_2018_consolidated_extracted.txt,363238,302214,363238,112,117,236,301757
STB,2018,STB_financial_statements_2018_separate,separate,data/data/ViFinQA/financial_statements/STB/2018/STB_financial_statements_2018_separate/STB_financial_statements_2018_separate_extracted.txt,346315,288492,346315,109,111,233,288033
STB,2019,STB_financial_statements_2019_consolidated,consolidated,data/data/ViFinQA/financial_statements/STB/2019/STB_financial_statements_2019_consolidated/STB_financial_statements_2019_consolidated_extracted.txt,309766,252275,309766,86,116,227,251296
STB,2019,STB_financial_statements_2019_separate,separate,data/data/ViFinQA/financial_statements/STB/2019/STB_financial_statements_2019_separate/STB_financial_statements_2019_separate_extracted.txt,293837,239208,293837,84,116,224,234836
STB,2020,STB_financial_statements_2020_consolidated,consolidated,data/data/ViFinQA/financial_statements/STB/2020/STB_financial_statements_2020_consolidated/STB_financial_statements_2020_consolidated_extracted.txt,302812,248842,302812,87,115,227,247798
STB,2020,STB_financial_statements_2020_separate,separate,data/data/ViFinQA/financial_statements/STB/2020/STB_financial_statements_2020_separate/STB_financial_statements_2020_separate_extracted.txt,308083,256900,308083,85,114,224,255921
STB,2021,STB_financial_statements_2021_consolidated,consolidated,data/data/ViFinQA/financial_statements/STB/2021/STB_financial_statements_2021_consolidated/STB_financial_statements_2021_consolidated_extracted.txt,358682,301329,358682,92,118,227,262087
STB,2021,STB_financial_statements_2021_separate,separate,data/data/ViFinQA/financial_statements/STB/2021/STB_financial_statements_2021_separate/STB_financial_statements_2021_separate_extracted.txt,298877,244922,298877,89,118,224,243943
STB,2022,STB_financial_statements_2022_consolidated,consolidated,data/data/ViFinQA/financial_statements/STB/2022/STB_financial_statements_2022_consolidated/STB_financial_statements_2022_consolidated_extracted.txt,355178,297894,355178,94,118,227,260392
STB,2022,STB_financial_statements_2022_separate,separate,data/data/ViFinQA/financial_statements/STB/2022/STB_financial_statements_2022_separate/STB_financial_statements_2022_separate_extracted.txt,298370,244516,298370,90,116,2826,243535
STB,2023,STB_financial_statements_2023_consolidated,consolidated,data/data/ViFinQA/financial_statements/STB/2023/STB_financial_statements_2023_consolidated/STB_financial_statements_2023_consolidated_extracted.txt,319101,261728,319101,99,121,410,260749
STB,2023,STB_financial_statements_2023_separate,separate,data/data/ViFinQA/financial_statements/STB/2023/STB_financial_statements_2023_separate/STB_financial_statements_2023_separate_extracted.txt,294262,241494,294262,91,118,408,240515
STB,2024,STB_financial_statements_2024_consolidated,consolidated,data/data/ViFinQA/financial_statements/STB/2024/STB_financial_statements_2024_consolidated/STB_financial_statements_2024_consolidated_extracted.txt,352199,292593,352199,110,125,281,291991
STB,2024,STB_financial_statements_2024_separate,separate,data/data/ViFinQA/financial_statements/STB/2024/STB_financial_statements_2024_separate/STB_financial_statements_2024_separate_extracted.txt,336419,279807,336419,104,118,278,279208
STB,2025,STB_financial_statements_2025_consolidated,consolidated,data/data/ViFinQA/financial_statements/STB/2025/STB_financial_statements_2025_consolidated/STB_financial_statements_2025_consolidated_extracted.txt,346614,289710,346614,108,129,281,289109
STB,2025,STB_financial_statements_2025_separate,separate,data/data/ViFinQA/financial_statements/STB/2025/STB_financial_statements_2025_separate/STB_financial_statements_2025_separate_extracted.txt,320413,267652,320413,101,111,233,266948
TTF,2015,TTF_financial_statements_2015_consolidated,consolidated,data/data/ViFinQA/financial_statements/TTF/2015/TTF_financial_statements_2015_consolidated/TTF_financial_statements_2015_consolidated_extracted.txt,163317,137578,163317,42,53,1038,134119
TTF,2015,TTF_financial_statements_2015_separate,separate,data/data/ViFinQA/financial_statements/TTF/2015/TTF_financial_statements_2015_separate/TTF_financial_statements_2015_separate_extracted.txt,144464,122569,144464,39,54,945,118562
TTF,2016,TTF_financial_statements_2016_consolidated,consolidated,data/data/ViFinQA/financial_statements/TTF/2016/TTF_financial_statements_2016_consolidated/TTF_financial_statements_2016_consolidated_extracted.txt,231155,193035,231155,74,69,202,188769
TTF,2016,TTF_financial_statements_2016_separate,separate,data/data/ViFinQA/financial_statements/TTF/2016/TTF_financial_statements_2016_separate/TTF_financial_statements_2016_separate_extracted.txt,202009,171067,202009,64,67,199,166892
TTF,2017,TTF_financial_statements_2017_consolidated,consolidated,data/data/ViFinQA/financial_statements/TTF/2017/TTF_financial_statements_2017_consolidated/TTF_financial_statements_2017_consolidated_extracted.txt,193025,163131,193025,60,71,239,161583
TTF,2017,TTF_financial_statements_2017_separate,separate,data/data/ViFinQA/financial_statements/TTF/2017/TTF_financial_statements_2017_separate/TTF_financial_statements_2017_separate_extracted.txt,161467,136628,161467,55,74,236,135301
TTF,2018,TTF_financial_statements_2018_consolidated,consolidated,data/data/ViFinQA/financial_statements/TTF/2018/TTF_financial_statements_2018_consolidated/TTF_financial_statements_2018_consolidated_extracted.txt,173721,145174,173721,57,67,229,142827
TTF,2018,TTF_financial_statements_2018_separate,separate,data/data/ViFinQA/financial_statements/TTF/2018/TTF_financial_statements_2018_separate/TTF_financial_statements_2018_separate_extracted.txt,160453,135366,160453,55,68,226,134835
TTF,2019,TTF_financial_statements_2019_consolidated,consolidated,data/data/ViFinQA/financial_statements/TTF/2019/TTF_financial_statements_2019_consolidated/TTF_financial_statements_2019_consolidated_extracted.txt,179053,149705,179053,59,77,229,146318
TTF,2019,TTF_financial_statements_2019_separate,separate,data/data/ViFinQA/financial_statements/TTF/2019/TTF_financial_statements_2019_separate/TTF_financial_statements_2019_separate_extracted.txt,151774,127915,151774,53,68,226,126276
TTF,2020,TTF_financial_statements_2020_consolidated,consolidated,data/data/ViFinQA/financial_statements/TTF/2020/TTF_financial_statements_2020_consolidated/TTF_financial_statements_2020_consolidated_extracted.txt,170281,142311,170281,50,63,1743,138216
TTF,2020,TTF_financial_statements_2020_separate,separate,data/data/ViFinQA/financial_statements/TTF/2020/TTF_financial_statements_2020_separate/TTF_financial_statements_2020_separate_extracted.txt,127455,106651,127455,42,48,1653,105566
TTF,2021,TTF_financial_statements_2021_consolidated,consolidated,data/data/ViFinQA/financial_statements/TTF/2021/TTF_financial_statements_2021_consolidated/TTF_financial_statements_2021_consolidated_extracted.txt,171055,142604,171055,52,72,229,140331
TTF,2021,TTF_financial_statements_2021_separate,separate,data/data/ViFinQA/financial_statements/TTF/2021/TTF_financial_statements_2021_separate/TTF_financial_statements_2021_separate_extracted.txt,146550,123391,146550,49,55,226,122202
TTF,2022,TTF_financial_statements_2022_consolidated,consolidated,data/data/ViFinQA/financial_statements/TTF/2022/TTF_financial_statements_2022_consolidated/TTF_financial_statements_2022_consolidated_extracted.txt,160035,134280,160035,50,64,266,132140
TTF,2022,TTF_financial_statements_2022_separate,separate,data/data/ViFinQA/financial_statements/TTF/2022/TTF_financial_statements_2022_separate/TTF_financial_statements_2022_separate_extracted.txt,142712,120387,142712,47,54,259,119709
TTF,2023,TTF_financial_statements_2023_consolidated,consolidated,data/data/ViFinQA/financial_statements/TTF/2023/TTF_financial_statements_2023_consolidated/TTF_financial_statements_2023_consolidated_extracted.txt,164000,137260,164000,52,76,229,136280
TTF,2023,TTF_financial_statements_2023_separate,separate,data/data/ViFinQA/financial_statements/TTF/2023/TTF_financial_statements_2023_separate/TTF_financial_statements_2023_separate_extracted.txt,146007,122599,146007,48,61,226,121420
TTF,2024,TTF_financial_statements_2024_consolidated,consolidated,data/data/ViFinQA/financial_statements/TTF/2024/TTF_financial_statements_2024_consolidated/TTF_financial_statements_2024_consolidated_extracted.txt,161120,134517,161120,52,61,229,133402
TTF,2024,TTF_financial_statements_2024_separate,separate,data/data/ViFinQA/financial_statements/TTF/2024/TTF_financial_statements_2024_separate/TTF_financial_statements_2024_separate_extracted.txt,142230,119582,142230,48,61,226,118699
TTF,2025,TTF_financial_statements_2025_consolidated,consolidated,data/data/ViFinQA/financial_statements/TTF/2025/TTF_financial_statements_2025_consolidated/TTF_financial_statements_2025_consolidated_extracted.txt,175280,146573,175280,55,66,266,145525
TTF,2025,TTF_financial_statements_2025_separate,separate,data/data/ViFinQA/financial_statements/TTF/2025/TTF_financial_statements_2025_separate/TTF_financial_statements_2025_separate_extracted.txt,151587,127351,151587,50,61,226,126411
VAB,2020,VAB_financial_statements_2020_consolidated,consolidated,data/data/ViFinQA/financial_statements/VAB/2020/VAB_financial_statements_2020_consolidated/VAB_financial_statements_2020_consolidated_extracted.txt,41234,34827,41234,15,12,4528,33191
VAB,2021,VAB_financial_statements_2021_consolidated,consolidated,data/data/ViFinQA/financial_statements/VAB/2021/VAB_financial_statements_2021_consolidated/VAB_financial_statements_2021_consolidated_extracted.txt,181176,152323,181176,52,64,321,148851
VAB,2022,VAB_financial_statements_2022_consolidated,consolidated,data/data/ViFinQA/financial_statements/VAB/2022/VAB_financial_statements_2022_consolidated/VAB_financial_statements_2022_consolidated_extracted.txt,199089,166417,199089,59,74,2762,164844
VAB,2023,VAB_financial_statements_2023_consolidated,consolidated,data/data/ViFinQA/financial_statements/VAB/2023/VAB_financial_statements_2023_consolidated/VAB_financial_statements_2023_consolidated_extracted.txt,193808,161861,193808,55,70,321,161297
VAB,2024,VAB_financial_statements_2024_consolidated,consolidated,data/data/ViFinQA/financial_statements/VAB/2024/VAB_financial_statements_2024_consolidated/VAB_financial_statements_2024_consolidated_extracted.txt,191799,160234,191799,53,73,11081,157725
VAB,2025,VAB_financial_statements_2025_consolidated,consolidated,data/data/ViFinQA/financial_statements/VAB/2025/VAB_financial_statements_2025_consolidated/VAB_financial_statements_2025_consolidated_extracted.txt,197691,165803,197691,55,81,3676,163399
VCB,2015,VCB_financial_statements_2015_consolidated,consolidated,data/data/ViFinQA/financial_statements/VCB/2015/VCB_financial_statements_2015_consolidated/VCB_financial_statements_2015_consolidated_extracted.txt,243357,205177,243357,85,108,1342,204454
VCB,2015,VCB_financial_statements_2015_separate,separate,data/data/ViFinQA/financial_statements/VCB/2015/VCB_financial_statements_2015_separate/VCB_financial_statements_2015_separate_extracted.txt,226360,190620,226360,83,103,1317,189588
VCB,2016,VCB_financial_statements_2016_consolidated,consolidated,data/data/ViFinQA/financial_statements/VCB/2016/VCB_financial_statements_2016_consolidated/VCB_financial_statements_2016_consolidated_extracted.txt,228371,192278,228371,81,97,1415,191450
VCB,2016,VCB_financial_statements_2016_separate,separate,data/data/ViFinQA/financial_statements/VCB/2016/VCB_financial_statements_2016_separate/VCB_financial_statements_2016_separate_extracted.txt,204748,172173,204748,75,95,1399,170849
VCB,2017,VCB_financial_statements_2017_consolidated,consolidated,data/data/ViFinQA/financial_statements/VCB/2017/VCB_financial_statements_2017_consolidated/VCB_financial_statements_2017_consolidated_extracted.txt,244153,207076,244153,82,103,227,205418
VCB,2017,VCB_financial_statements_2017_separate,separate,data/data/ViFinQA/financial_statements/VCB/2017/VCB_financial_statements_2017_separate/VCB_financial_statements_2017_separate_extracted.txt,217708,183829,217708,77,99,224,182191
VCB,2018,VCB_financial_statements_2018_consolidated,consolidated,data/data/ViFinQA/financial_statements/VCB/2018/VCB_financial_statements_2018_consolidated/VCB_financial_statements_2018_consolidated_extracted.txt,225188,189238,225188,78,94,227,183912
VCB,2018,VCB_financial_statements_2018_separate,separate,data/data/ViFinQA/financial_statements/VCB/2018/VCB_financial_statements_2018_separate/VCB_financial_statements_2018_separate_extracted.txt,208883,175614,208883,74,94,224,170540
VCB,2019,VCB_financial_statements_2019_consolidated,consolidated,data/data/ViFinQA/financial_statements/VCB/2019/VCB_financial_statements_2019_consolidated/VCB_financial_statements_2019_consolidated_extracted.txt,228945,192771,228945,77,101,227,188213
VCB,2019,VCB_financial_statements_2019_separate,separate,data/data/ViFinQA/financial_statements/VCB/2019/VCB_financial_statements_2019_separate/VCB_financial_statements_2019_separate_extracted.txt,210888,177380,210888,74,93,224,172857
VCB,2020,VCB_financial_statements_2020_consolidated,consolidated,data/data/ViFinQA/financial_statements/VCB/2020/VCB_financial_statements_2020_consolidated/VCB_financial_statements_2020_consolidated_extracted.txt,238113,200573,238113,80,104,227,198452
VCB,2020,VCB_financial_statements_2020_separate,separate,data/data/ViFinQA/financial_statements/VCB/2020/VCB_financial_statements_2020_separate/VCB_financial_statements_2020_separate_extracted.txt,219008,184212,219008,78,96,224,182021
VCB,2021,VCB_financial_statements_2021_consolidated,consolidated,data/data/ViFinQA/financial_statements/VCB/2021/VCB_financial_statements_2021_consolidated/VCB_financial_statements_2021_consolidated_extracted.txt,248042,207555,248042,81,106,227,202115
VCB,2021,VCB_financial_statements_2021_separate,separate,data/data/ViFinQA/financial_statements/VCB/2021/VCB_financial_statements_2021_separate/VCB_financial_statements_2021_separate_extracted.txt,230312,192377,230312,80,100,224,187041
VCB,2022,VCB_financial_statements_2022_consolidated,consolidated,data/data/ViFinQA/financial_statements/VCB/2022/VCB_financial_statements_2022_consolidated/VCB_financial_statements_2022_consolidated_extracted.txt,260654,218907,260654,84,110,221,217617
VCB,2022,VCB_financial_statements_2022_separate,separate,data/data/ViFinQA/financial_statements/VCB/2022/VCB_financial_statements_2022_separate/VCB_financial_statements_2022_separate_extracted.txt,241156,202277,241156,81,109,1835,201001
VCB,2023,VCB_financial_statements_2023_consolidated,consolidated,data/data/ViFinQA/financial_statements/VCB/2023/VCB_financial_statements_2023_consolidated/VCB_financial_statements_2023_consolidated_extracted.txt,262273,220043,262273,86,117,400,216599
VCB,2023,VCB_financial_statements_2023_separate,separate,data/data/ViFinQA/financial_statements/VCB/2023/VCB_financial_statements_2023_separate/VCB_financial_statements_2023_separate_extracted.txt,246716,206957,246716,82,110,394,203581
VCB,2024,VCB_financial_statements_2024_consolidated,consolidated,data/data/ViFinQA/financial_statements/VCB/2024/VCB_financial_statements_2024_consolidated/VCB_financial_statements_2024_consolidated_extracted.txt,272336,228573,272336,90,113,397,223391
VCB,2024,VCB_financial_statements_2024_separate,separate,data/data/ViFinQA/financial_statements/VCB/2024/VCB_financial_statements_2024_separate/VCB_financial_statements_2024_separate_extracted.txt,256894,215626,256894,86,108,395,210511
VCB,2025,VCB_financial_statements_2025_consolidated,consolidated,data/data/ViFinQA/financial_statements/VCB/2025/VCB_financial_statements_2025_consolidated/VCB_financial_statements_2025_consolidated_extracted.txt,263753,222398,263753,84,108,222,220313
VCB,2025,VCB_financial_statements_2025_separate,separate,data/data/ViFinQA/financial_statements/VCB/2025/VCB_financial_statements_2025_separate/VCB_financial_statements_2025_separate_extracted.txt,249527,210715,249527,79,101,219,208726
VGC,2015,VGC_financial_statements_2015_consolidated,consolidated,data/data/ViFinQA/financial_statements/VGC/2015/VGC_financial_statements_2015_consolidated/VGC_financial_statements_2015_consolidated_extracted.txt,231921,198199,231921,65,70,277,197007
VGC,2015,VGC_financial_statements_2015_separate,separate,data/data/ViFinQA/financial_statements/VGC/2015/VGC_financial_statements_2015_separate/VGC_financial_statements_2015_separate_extracted.txt,204940,175865,204940,61,72,274,174684
VGC,2016,VGC_financial_statements_2016_consolidated,consolidated,data/data/ViFinQA/financial_statements/VGC/2016/VGC_financial_statements_2016_consolidated/VGC_financial_statements_2016_consolidated_extracted.txt,236879,204019,236879,66,74,277,203465
VGC,2016,VGC_financial_statements_2016_separate,separate,data/data/ViFinQA/financial_statements/VGC/2016/VGC_financial_statements_2016_separate/VGC_financial_statements_2016_separate_extracted.txt,204939,176842,204939,61,70,274,175948
VGC,2017,VGC_financial_statements_2017_consolidated,consolidated,data/data/ViFinQA/financial_statements/VGC/2017/VGC_financial_statements_2017_consolidated/VGC_financial_statements_2017_consolidated_extracted.txt,250203,214861,250203,68,79,277,213502
VGC,2017,VGC_financial_statements_2017_separate,separate,data/data/ViFinQA/financial_statements/VGC/2017/VGC_financial_statements_2017_separate/VGC_financial_statements_2017_separate_extracted.txt,215767,185443,215767,64,77,274,184719
VGC,2018,VGC_financial_statements_2018_consolidated,consolidated,data/data/ViFinQA/financial_statements/VGC/2018/VGC_financial_statements_2018_consolidated/VGC_financial_statements_2018_consolidated_extracted.txt,270999,231160,270999,73,81,277,229307
VGC,2018,VGC_financial_statements_2018_separate,separate,data/data/ViFinQA/financial_statements/VGC/2018/VGC_financial_statements_2018_separate/VGC_financial_statements_2018_separate_extracted.txt,228166,195840,228166,66,82,273,194480
VGC,2019,VGC_financial_statements_2019_consolidated,consolidated,data/data/ViFinQA/financial_statements/VGC/2019/VGC_financial_statements_2019_consolidated/VGC_financial_statements_2019_consolidated_extracted.txt,268874,228213,268874,72,82,1110,227608
VGC,2019,VGC_financial_statements_2019_separate,separate,data/data/ViFinQA/financial_statements/VGC/2019/VGC_financial_statements_2019_separate/VGC_financial_statements_2019_separate_extracted.txt,207398,176087,207398,63,68,1110,175504
VGC,2020,VGC_financial_statements_2020_consolidated,consolidated,data/data/ViFinQA/financial_statements/VGC/2020/VGC_financial_statements_2020_consolidated/VGC_financial_statements_2020_consolidated_extracted.txt,267984,227809,267984,74,76,2772,225053
VGC,2020,VGC_financial_statements_2020_separate,separate,data/data/ViFinQA/financial_statements/VGC/2020/VGC_financial_statements_2020_separate/VGC_financial_statements_2020_separate_extracted.txt,211491,179688,211491,64,73,2769,178384
VGC,2021,VGC_financial_statements_2021_consolidated,consolidated,data/data/ViFinQA/financial_statements/VGC/2021/VGC_financial_statements_2021_consolidated/VGC_financial_statements_2021_consolidated_extracted.txt,233481,198802,233481,74,77,1128,197601
VGC,2021,VGC_financial_statements_2021_separate,separate,data/data/ViFinQA/financial_statements/VGC/2021/VGC_financial_statements_2021_separate/VGC_financial_statements_2021_separate_extracted.txt,247504,215176,247504,68,75,1128,214111
VGC,2022,VGC_financial_statements_2022_consolidated,consolidated,data/data/ViFinQA/financial_statements/VGC/2022/VGC_financial_statements_2022_consolidated/VGC_financial_statements_2022_consolidated_extracted.txt,226362,192644,226362,68,79,1126,190553
VGC,2022,VGC_financial_statements_2022_separate,separate,data/data/ViFinQA/financial_statements/VGC/2022/VGC_financial_statements_2022_separate/VGC_financial_statements_2022_separate_extracted.txt,218842,188348,218842,68,79,1126,186323
VGC,2023,VGC_financial_statements_2023_consolidated,consolidated,data/data/ViFinQA/financial_statements/VGC/2023/VGC_financial_statements_2023_consolidated/VGC_financial_statements_2023_consolidated_extracted.txt,229864,195666,229864,70,79,1240,193585
VGC,2023,VGC_financial_statements_2023_separate,separate,data/data/ViFinQA/financial_statements/VGC/2023/VGC_financial_statements_2023_separate/VGC_financial_statements_2023_separate_extracted.txt,219459,187770,219459,71,78,1240,185600
VGC,2024,VGC_financial_statements_2024_consolidated,consolidated,data/data/ViFinQA/financial_statements/VGC/2024/VGC_financial_statements_2024_consolidated/VGC_financial_statements_2024_consolidated_extracted.txt,238275,202551,238275,67,76,2040,199955
VGC,2024,VGC_financial_statements_2024_separate,separate,data/data/ViFinQA/financial_statements/VGC/2024/VGC_financial_statements_2024_separate/VGC_financial_statements_2024_separate_extracted.txt,221418,189360,221418,65,80,2040,186721
VGC,2025,VGC_financial_statements_2025_consolidated,consolidated,data/data/ViFinQA/financial_statements/VGC/2025/VGC_financial_statements_2025_consolidated/VGC_financial_statements_2025_consolidated_extracted.txt,236759,201236,236759,66,85,2004,198219
VGC,2025,VGC_financial_statements_2025_separate,separate,data/data/ViFinQA/financial_statements/VGC/2025/VGC_financial_statements_2025_separate/VGC_financial_statements_2025_separate_extracted.txt,237382,204115,237382,65,71,2004,201146
VGT,2015,VGT_financial_statements_2015_consolidated,consolidated,data/data/ViFinQA/financial_statements/VGT/2015/VGT_financial_statements_2015_consolidated/VGT_financial_statements_2015_consolidated_extracted.txt,262284,225492,262284,91,95,588,224995
VGT,2015,VGT_financial_statements_2015_separate,separate,data/data/ViFinQA/financial_statements/VGT/2015/VGT_financial_statements_2015_separate/VGT_financial_statements_2015_separate_extracted.txt,178473,151857,178473,61,62,616,150151
VGT,2016,VGT_financial_statements_2016_consolidated,consolidated,data/data/ViFinQA/financial_statements/VGT/2016/VGT_financial_statements_2016_consolidated/VGT_financial_statements_2016_consolidated_extracted.txt,277104,236846,277104,97,98,588,232925
VGT,2016,VGT_financial_statements_2016_separate,separate,data/data/ViFinQA/financial_statements/VGT/2016/VGT_financial_statements_2016_separate/VGT_financial_statements_2016_separate_extracted.txt,186704,158625,186704,66,66,566,155799
VGT,2017,VGT_financial_statements_2017_consolidated,consolidated,data/data/ViFinQA/financial_statements/VGT/2017/VGT_financial_statements_2017_consolidated/VGT_financial_statements_2017_consolidated_extracted.txt,255478,218590,255478,94,96,588,215398
VGT,2017,VGT_financial_statements_2017_separate,separate,data/data/ViFinQA/financial_statements/VGT/2017/VGT_financial_statements_2017_separate/VGT_financial_statements_2017_separate_extracted.txt,191076,162321,191076,65,66,586,161425
VGT,2018,VGT_financial_statements_2018_consolidated,consolidated,data/data/ViFinQA/financial_statements/VGT/2018/VGT_financial_statements_2018_consolidated/VGT_financial_statements_2018_consolidated_extracted.txt,248061,212050,248061,90,95,589,207986
VGT,2018,VGT_financial_statements_2018_separate,separate,data/data/ViFinQA/financial_statements/VGT/2018/VGT_financial_statements_2018_separate/VGT_financial_statements_2018_separate_extracted.txt,181153,154400,181153,65,61,586,153001
VGT,2019,VGT_financial_statements_2019_consolidated,consolidated,data/data/ViFinQA/financial_statements/VGT/2019/VGT_financial_statements_2019_consolidated/VGT_financial_statements_2019_consolidated_extracted.txt,258981,220358,258981,90,87,12699,214410
VGT,2019,VGT_financial_statements_2019_separate,separate,data/data/ViFinQA/financial_statements/VGT/2019/VGT_financial_statements_2019_separate/VGT_financial_statements_2019_separate_extracted.txt,179175,152786,179175,67,76,626,150466
VGT,2020,VGT_financial_statements_2020_consolidated,consolidated,data/data/ViFinQA/financial_statements/VGT/2020/VGT_financial_statements_2020_consolidated/VGT_financial_statements_2020_consolidated_extracted.txt,252439,215101,252439,90,85,630,210813
VGT,2020,VGT_financial_statements_2020_separate,separate,data/data/ViFinQA/financial_statements/VGT/2020/VGT_financial_statements_2020_separate/VGT_financial_statements_2020_separate_extracted.txt,186363,158183,186363,69,61,626,155047
VGT,2021,VGT_financial_statements_2021_consolidated,consolidated,data/data/ViFinQA/financial_statements/VGT/2021/VGT_financial_statements_2021_consolidated/VGT_financial_statements_2021_consolidated_extracted.txt,221090,187634,221090,83,77,7281,184071
VGT,2021,VGT_financial_statements_2021_separate,separate,data/data/ViFinQA/financial_statements/VGT/2021/VGT_financial_statements_2021_separate/VGT_financial_statements_2021_separate_extracted.txt,173251,148033,173251,66,64,627,143799
VGT,2022,VGT_financial_statements_2022_consolidated,consolidated,data/data/ViFinQA/financial_statements/VGT/2022/VGT_financial_statements_2022_consolidated/VGT_financial_statements_2022_consolidated_extracted.txt,234864,200560,234864,90,88,647,196266
VGT,2022,VGT_financial_statements_2022_separate,separate,data/data/ViFinQA/financial_statements/VGT/2022/VGT_financial_statements_2022_separate/VGT_financial_statements_2022_separate_extracted.txt,176623,150567,176623,66,59,6927,144717
VGT,2023,VGT_financial_statements_2023_consolidated,consolidated,data/data/ViFinQA/financial_statements/VGT/2023/VGT_financial_statements_2023_consolidated/VGT_financial_statements_2023_consolidated_extracted.txt,255511,217265,255511,92,89,8309,211476
VGT,2023,VGT_financial_statements_2023_separate,separate,data/data/ViFinQA/financial_statements/VGT/2023/VGT_financial_statements_2023_separate/VGT_financial_statements_2023_separate_extracted.txt,178983,152666,178983,65,67,8080,148252
VGT,2024,VGT_financial_statements_2024_consolidated,consolidated,data/data/ViFinQA/financial_statements/VGT/2024/VGT_financial_statements_2024_consolidated/VGT_financial_statements_2024_consolidated_extracted.txt,244187,207398,244187,91,88,669,199661
VGT,2024,VGT_financial_statements_2024_separate,separate,data/data/ViFinQA/financial_statements/VGT/2024/VGT_financial_statements_2024_separate/VGT_financial_statements_2024_separate_extracted.txt,162060,139013,162060,61,65,663,133617
VGT,2025,VGT_financial_statements_2025_consolidated,consolidated,data/data/ViFinQA/financial_statements/VGT/2025/VGT_financial_statements_2025_consolidated/VGT_financial_statements_2025_consolidated_extracted.txt,249717,214615,249717,87,89,712,210147
VGT,2025,VGT_financial_statements_2025_separate,separate,data/data/ViFinQA/financial_statements/VGT/2025/VGT_financial_statements_2025_separate/VGT_financial_statements_2025_separate_extracted.txt,168032,144467,168032,63,67,691,141344
VIB,2015,VIB_financial_statements_2015_consolidated,consolidated,data/data/ViFinQA/financial_statements/VIB/2015/VIB_financial_statements_2015_consolidated/VIB_financial_statements_2015_consolidated_extracted.txt,200188,165899,200188,65,77,196,165237
VIB,2015,VIB_financial_statements_2015_separate,separate,data/data/ViFinQA/financial_statements/VIB/2015/VIB_financial_statements_2015_separate/VIB_financial_statements_2015_separate_extracted.txt,196080,163024,196080,64,80,193,162326
VIB,2016,VIB_financial_statements_2016_consolidated,consolidated,data/data/ViFinQA/financial_statements/VIB/2016/VIB_financial_statements_2016_consolidated/VIB_financial_statements_2016_consolidated_extracted.txt,207295,172407,207295,67,87,196,171671
VIB,2016,VIB_financial_statements_2016_separate,separate,data/data/ViFinQA/financial_statements/VIB/2016/VIB_financial_statements_2016_separate/VIB_financial_statements_2016_separate_extracted.txt,204638,170522,204638,66,92,193,169785
VIB,2017,VIB_financial_statements_2017_consolidated,consolidated,data/data/ViFinQA/financial_statements/VIB/2017/VIB_financial_statements_2017_consolidated/VIB_financial_statements_2017_consolidated_extracted.txt,208652,173236,208652,69,94,233,172537
VIB,2017,VIB_financial_statements_2017_separate,separate,data/data/ViFinQA/financial_statements/VIB/2017/VIB_financial_statements_2017_separate/VIB_financial_statements_2017_separate_extracted.txt,209389,174332,209389,68,96,230,173635
VIB,2018,VIB_financial_statements_2018_consolidated,consolidated,data/data/ViFinQA/financial_statements/VIB/2018/VIB_financial_statements_2018_consolidated/VIB_financial_statements_2018_consolidated_extracted.txt,192840,159380,192840,63,85,997,158698
VIB,2018,VIB_financial_statements_2018_separate,separate,data/data/ViFinQA/financial_statements/VIB/2018/VIB_financial_statements_2018_separate/VIB_financial_statements_2018_separate_extracted.txt,192133,159307,192133,64,90,226,158731
VIB,2019,VIB_financial_statements_2019_consolidated,consolidated,data/data/ViFinQA/financial_statements/VIB/2019/VIB_financial_statements_2019_consolidated/VIB_financial_statements_2019_consolidated_extracted.txt,181135,150336,181135,60,82,260,149557
VIB,2019,VIB_financial_statements_2019_separate,separate,data/data/ViFinQA/financial_statements/VIB/2019/VIB_financial_statements_2019_separate/VIB_financial_statements_2019_separate_extracted.txt,180945,150450,180945,60,85,257,149723
VIB,2020,VIB_financial_statements_2020_consolidated,consolidated,data/data/ViFinQA/financial_statements/VIB/2020/VIB_financial_statements_2020_consolidated/VIB_financial_statements_2020_consolidated_extracted.txt,244620,204429,244620,79,102,1043,203697
VIB,2020,VIB_financial_statements_2020_separate,separate,data/data/ViFinQA/financial_statements/VIB/2020/VIB_financial_statements_2020_separate/VIB_financial_statements_2020_separate_extracted.txt,239098,200482,239098,79,102,1600,199869
VIB,2021,VIB_financial_statements_2021_consolidated,consolidated,data/data/ViFinQA/financial_statements/VIB/2021/VIB_financial_statements_2021_consolidated/VIB_financial_statements_2021_consolidated_extracted.txt,263170,219627,263170,86,112,1538,219012
VIB,2021,VIB_financial_statements_2021_separate,separate,data/data/ViFinQA/financial_statements/VIB/2021/VIB_financial_statements_2021_separate/VIB_financial_statements_2021_separate_extracted.txt,260187,217282,260187,85,120,313,216619
VIB,2022,VIB_financial_statements_2022_consolidated,consolidated,data/data/ViFinQA/financial_statements/VIB/2022/VIB_financial_statements_2022_consolidated/VIB_financial_statements_2022_consolidated_extracted.txt,258839,217305,258839,84,114,881,216531
VIB,2022,VIB_financial_statements_2022_separate,separate,data/data/ViFinQA/financial_statements/VIB/2022/VIB_financial_statements_2022_separate/VIB_financial_statements_2022_separate_extracted.txt,253038,212623,253038,83,114,878,211847
VIB,2023,VIB_financial_statements_2023_consolidated,consolidated,data/data/ViFinQA/financial_statements/VIB/2023/VIB_financial_statements_2023_consolidated/VIB_financial_statements_2023_consolidated_extracted.txt,260981,218371,260981,85,111,952,217604
VIB,2023,VIB_financial_statements_2023_separate,separate,data/data/ViFinQA/financial_statements/VIB/2023/VIB_financial_statements_2023_separate/VIB_financial_statements_2023_separate_extracted.txt,258586,216725,258586,84,109,313,215991
VIB,2024,VIB_financial_statements_2024_consolidated,consolidated,data/data/ViFinQA/financial_statements/VIB/2024/VIB_financial_statements_2024_consolidated/VIB_financial_statements_2024_consolidated_extracted.txt,282516,236019,282516,89,119,952,235236
VIB,2024,VIB_financial_statements_2024_separate,separate,data/data/ViFinQA/financial_statements/VIB/2024/VIB_financial_statements_2024_separate/VIB_financial_statements_2024_separate_extracted.txt,281480,235831,281480,88,113,949,235048
VIB,2025,VIB_financial_statements_2025_consolidated,consolidated,data/data/ViFinQA/financial_statements/VIB/2025/VIB_financial_statements_2025_consolidated/VIB_financial_statements_2025_consolidated_extracted.txt,249643,207846,249643,78,98,2032,205508
VIB,2025,VIB_financial_statements_2025_separate,separate,data/data/ViFinQA/financial_statements/VIB/2025/VIB_financial_statements_2025_separate/VIB_financial_statements_2025_separate_extracted.txt,245279,204892,245279,80,100,244,202613
VIC,2015,VIC_financial_statements_2015_consolidated,consolidated,data/data/ViFinQA/financial_statements/VIC/2015/VIC_financial_statements_2015_consolidated/VIC_financial_statements_2015_consolidated_extracted.txt,383221,322551,383221,116,105,314,319475
VIC,2015,VIC_financial_statements_2015_separate,separate,data/data/ViFinQA/financial_statements/VIC/2015/VIC_financial_statements_2015_separate/VIC_financial_statements_2015_separate_extracted.txt,289068,250974,289068,102,101,320,247902
VIC,2016,VIC_financial_statements_2016_consolidated,consolidated,data/data/ViFinQA/financial_statements/VIC/2016/VIC_financial_statements_2016_consolidated/VIC_financial_statements_2016_consolidated_extracted.txt,394917,334754,394917,118,110,1382,330982
VIC,2016,VIC_financial_statements_2016_separate,separate,data/data/ViFinQA/financial_statements/VIC/2016/VIC_financial_statements_2016_separate/VIC_financial_statements_2016_separate_extracted.txt,270368,231692,270368,86,94,163,228688
VIC,2017,VIC_financial_statements_2017_consolidated,consolidated,data/data/ViFinQA/financial_statements/VIC/2017/VIC_financial_statements_2017_consolidated/VIC_financial_statements_2017_consolidated_extracted.txt,322736,272488,322736,103,100,203,270406
VIC,2017,VIC_financial_statements_2017_separate,separate,data/data/ViFinQA/financial_statements/VIC/2017/VIC_financial_statements_2017_separate/VIC_financial_statements_2017_separate_extracted.txt,231855,200392,231855,80,83,200,198313
VIC,2018,VIC_financial_statements_2018_consolidated,consolidated,data/data/ViFinQA/financial_statements/VIC/2018/VIC_financial_statements_2018_consolidated/VIC_financial_statements_2018_consolidated_extracted.txt,298116,249248,298116,90,96,193,247556
VIC,2018,VIC_financial_statements_2018_separate,separate,data/data/ViFinQA/financial_statements/VIC/2018/VIC_financial_statements_2018_separate/VIC_financial_statements_2018_separate_extracted.txt,229714,196079,229714,72,78,190,193175
VIC,2019,VIC_financial_statements_2019_consolidated,consolidated,data/data/ViFinQA/financial_statements/VIC/2019/VIC_financial_statements_2019_consolidated/VIC_financial_statements_2019_consolidated_extracted.txt,302983,252636,302983,97,92,230,249798
VIC,2019,VIC_financial_statements_2019_separate,separate,data/data/ViFinQA/financial_statements/VIC/2019/VIC_financial_statements_2019_separate/VIC_financial_statements_2019_separate_extracted.txt,202936,171185,202936,71,79,227,168644
VIC,2020,VIC_financial_statements_2020_consolidated,consolidated,data/data/ViFinQA/financial_statements/VIC/2020/VIC_financial_statements_2020_consolidated/VIC_financial_statements_2020_consolidated_extracted.txt,301632,252526,301632,94,85,2109,249381
VIC,2020,VIC_financial_statements_2020_separate,separate,data/data/ViFinQA/financial_statements/VIC/2020/VIC_financial_statements_2020_separate/VIC_financial_statements_2020_separate_extracted.txt,211714,179026,211714,77,87,2125,176442
VIC,2021,VIC_financial_statements_2021_consolidated,consolidated,data/data/ViFinQA/financial_statements/VIC/2021/VIC_financial_statements_2021_consolidated/VIC_financial_statements_2021_consolidated_extracted.txt,311482,258530,311482,99,85,2221,256276
VIC,2021,VIC_financial_statements_2021_separate,separate,data/data/ViFinQA/financial_statements/VIC/2021/VIC_financial_statements_2021_separate/VIC_financial_statements_2021_separate_extracted.txt,232237,196340,232237,75,92,227,194489
VIC,2022,VIC_financial_statements_2022_consolidated,consolidated,data/data/ViFinQA/financial_statements/VIC/2022/VIC_financial_statements_2022_consolidated/VIC_financial_statements_2022_consolidated_extracted.txt,333236,276555,333236,107,96,363,274612
VIC,2022,VIC_financial_statements_2022_separate,separate,data/data/ViFinQA/financial_statements/VIC/2022/VIC_financial_statements_2022_separate/VIC_financial_statements_2022_separate_extracted.txt,247551,208920,247551,74,93,2171,205921
VIC,2023,VIC_financial_statements_2023_consolidated,consolidated,data/data/ViFinQA/financial_statements/VIC/2023/VIC_financial_statements_2023_consolidated/VIC_financial_statements_2023_consolidated_extracted.txt,363608,302459,363608,114,100,363,298553
VIC,2023,VIC_financial_statements_2023_separate,separate,data/data/ViFinQA/financial_statements/VIC/2023/VIC_financial_statements_2023_separate/VIC_financial_statements_2023_separate_extracted.txt,267018,226063,267018,85,105,353,223707
VIC,2024,VIC_financial_statements_2024_consolidated,consolidated,data/data/ViFinQA/financial_statements/VIC/2024/VIC_financial_statements_2024_consolidated/VIC_financial_statements_2024_consolidated_extracted.txt,387142,322157,387142,125,121,359,319975
VIC,2024,VIC_financial_statements_2024_separate,separate,data/data/ViFinQA/financial_statements/VIC/2024/VIC_financial_statements_2024_separate/VIC_financial_statements_2024_separate_extracted.txt,281602,238460,281602,90,103,353,235492
VIC,2025,VIC_financial_statements_2025_consolidated,consolidated,data/data/ViFinQA/financial_statements/VIC/2025/VIC_financial_statements_2025_consolidated/VIC_financial_statements_2025_consolidated_extracted.txt,378484,314654,378484,126,104,364,310782
VIC,2025,VIC_financial_statements_2025_separate,separate,data/data/ViFinQA/financial_statements/VIC/2025/VIC_financial_statements_2025_separate/VIC_financial_statements_2025_separate_extracted.txt,273162,229939,273162,90,103,358,226621
VIF,2015,VIF_financial_statements_2015_consolidated,consolidated,data/data/ViFinQA/financial_statements/VIF/2015/VIF_financial_statements_2015_consolidated/VIF_financial_statements_2015_consolidated_extracted.txt,221250,189554,221250,66,69,269,187053
VIF,2015,VIF_financial_statements_2015_separate,separate,data/data/ViFinQA/financial_statements/VIF/2015/VIF_financial_statements_2015_separate/VIF_financial_statements_2015_separate_extracted.txt,190521,166777,190521,56,69,364,165419
VIF,2016,VIF_financial_statements_2016_consolidated,consolidated,data/data/ViFinQA/financial_statements/VIF/2016/VIF_financial_statements_2016_consolidated/VIF_financial_statements_2016_consolidated_extracted.txt,190130,161110,190130,63,63,361,157749
VIF,2016,VIF_financial_statements_2016_separate,separate,data/data/ViFinQA/financial_statements/VIF/2016/VIF_financial_statements_2016_separate/VIF_financial_statements_2016_separate_extracted.txt,174377,149261,174377,60,62,321,147641
VIF,2017,VIF_financial_statements_2017_consolidated,consolidated,data/data/ViFinQA/financial_statements/VIF/2017/VIF_financial_statements_2017_consolidated/VIF_financial_statements_2017_consolidated_extracted.txt,208819,177458,208819,68,73,214,174380
VIF,2017,VIF_financial_statements_2017_separate,separate,data/data/ViFinQA/financial_statements/VIF/2017/VIF_financial_statements_2017_separate/VIF_financial_statements_2017_separate_extracted.txt,191720,163372,191720,62,72,203,160824
VIF,2018,VIF_financial_statements_2018_consolidated,consolidated,data/data/ViFinQA/financial_statements/VIF/2018/VIF_financial_statements_2018_consolidated/VIF_financial_statements_2018_consolidated_extracted.txt,191979,163437,191979,59,74,419,161050
VIF,2018,VIF_financial_statements_2018_separate,separate,data/data/ViFinQA/financial_statements/VIF/2018/VIF_financial_statements_2018_separate/VIF_financial_statements_2018_separate_extracted.txt,156339,133524,156339,43,63,416,133147
VIF,2019,VIF_financial_statements_2019_consolidated,consolidated,data/data/ViFinQA/financial_statements/VIF/2019/VIF_financial_statements_2019_consolidated/VIF_financial_statements_2019_consolidated_extracted.txt,188251,159724,188251,63,72,289,156802
VIF,2019,VIF_financial_statements_2019_separate,separate,data/data/ViFinQA/financial_statements/VIF/2019/VIF_financial_statements_2019_separate/VIF_financial_statements_2019_separate_extracted.txt,170569,144812,170569,59,69,286,141688
VIF,2020,VIF_financial_statements_2020_consolidated,consolidated,data/data/ViFinQA/financial_statements/VIF/2020/VIF_financial_statements_2020_consolidated/VIF_financial_statements_2020_consolidated_extracted.txt,189762,160160,189762,65,72,423,156240
VIF,2020,VIF_financial_statements_2020_separate,separate,data/data/ViFinQA/financial_statements/VIF/2020/VIF_financial_statements_2020_separate/VIF_financial_statements_2020_separate_extracted.txt,176804,149790,176804,61,64,3417,146521
VIF,2021,VIF_financial_statements_2021_consolidated,consolidated,data/data/ViFinQA/financial_statements/VIF/2021/VIF_financial_statements_2021_consolidated/VIF_financial_statements_2021_consolidated_extracted.txt,188405,159529,188405,63,71,351,155717
VIF,2021,VIF_financial_statements_2021_separate,separate,data/data/ViFinQA/financial_statements/VIF/2021/VIF_financial_statements_2021_separate/VIF_financial_statements_2021_separate_extracted.txt,186812,160035,186812,62,69,230,156506
VIF,2022,VIF_financial_statements_2022_consolidated,consolidated,data/data/ViFinQA/financial_statements/VIF/2022/VIF_financial_statements_2022_consolidated/VIF_financial_statements_2022_consolidated_extracted.txt,219647,184149,219647,67,74,233,182531
VIF,2022,VIF_financial_statements_2022_separate,separate,data/data/ViFinQA/financial_statements/VIF/2022/VIF_financial_statements_2022_separate/VIF_financial_statements_2022_separate_extracted.txt,195946,166769,195946,66,70,230,165124
VIF,2023,VIF_financial_statements_2023_consolidated,consolidated,data/data/ViFinQA/financial_statements/VIF/2023/VIF_financial_statements_2023_consolidated/VIF_financial_statements_2023_consolidated_extracted.txt,225718,189542,225718,67,75,3341,185013
VIF,2023,VIF_financial_statements_2023_separate,separate,data/data/ViFinQA/financial_statements/VIF/2023/VIF_financial_statements_2023_separate/VIF_financial_statements_2023_separate_extracted.txt,222406,190495,222406,67,77,230,186051
VIF,2024,VIF_financial_statements_2024_consolidated,consolidated,data/data/ViFinQA/financial_statements/VIF/2024/VIF_financial_statements_2024_consolidated/VIF_financial_statements_2024_consolidated_extracted.txt,228181,191499,228181,68,75,233,187634
VIF,2024,VIF_financial_statements_2024_separate,separate,data/data/ViFinQA/financial_statements/VIF/2024/VIF_financial_statements_2024_separate/VIF_financial_statements_2024_separate_extracted.txt,205940,175118,205940,68,76,230,171211
VIF,2025,VIF_financial_statements_2025_consolidated,consolidated,data/data/ViFinQA/financial_statements/VIF/2025/VIF_financial_statements_2025_consolidated/VIF_financial_statements_2025_consolidated_extracted.txt,203328,172240,203328,69,75,462,166458
VIF,2025,VIF_financial_statements_2025_separate,separate,data/data/ViFinQA/financial_statements/VIF/2025/VIF_financial_statements_2025_separate/VIF_financial_statements_2025_separate_extracted.txt,197456,167941,197456,66,71,11532,162121
VJC,2015,VJC_financial_statements_2015_consolidated,consolidated,data/data/ViFinQA/financial_statements/VJC/2015/VJC_financial_statements_2015_consolidated/VJC_financial_statements_2015_consolidated_extracted.txt,176890,148557,176890,66,73,1583,148006
VJC,2015,VJC_financial_statements_2015_separate,separate,data/data/ViFinQA/financial_statements/VJC/2015/VJC_financial_statements_2015_separate/VJC_financial_statements_2015_separate_extracted.txt,142930,119439,142930,58,69,1556,118889
VJC,2016,VJC_financial_statements_2016_consolidated,consolidated,data/data/ViFinQA/financial_statements/VJC/2016/VJC_financial_statements_2016_consolidated/VJC_financial_statements_2016_consolidated_extracted.txt,133966,113367,133966,57,64,263,112938
VJC,2016,VJC_financial_statements_2016_separate,separate,data/data/ViFinQA/financial_statements/VJC/2016/VJC_financial_statements_2016_separate/VJC_financial_statements_2016_separate_extracted.txt,118968,100801,118968,51,58,9789,100048
VJC,2017,VJC_financial_statements_2017_consolidated,consolidated,data/data/ViFinQA/financial_statements/VJC/2017/VJC_financial_statements_2017_consolidated/VJC_financial_statements_2017_consolidated_extracted.txt,149099,124952,149099,55,59,227,122528
VJC,2017,VJC_financial_statements_2017_separate,separate,data/data/ViFinQA/financial_statements/VJC/2017/VJC_financial_statements_2017_separate/VJC_financial_statements_2017_separate_extracted.txt,140082,119425,140082,48,56,205,118263
VJC,2018,VJC_financial_statements_2018_consolidated,consolidated,data/data/ViFinQA/financial_statements/VJC/2018/VJC_financial_statements_2018_consolidated/VJC_financial_statements_2018_consolidated_extracted.txt,141032,120187,141032,54,67,227,119502
VJC,2018,VJC_financial_statements_2018_separate,separate,data/data/ViFinQA/financial_statements/VJC/2018/VJC_financial_statements_2018_separate/VJC_financial_statements_2018_separate_extracted.txt,121460,103854,121460,48,58,205,103246
VJC,2019,VJC_financial_statements_2019_consolidated,consolidated,data/data/ViFinQA/financial_statements/VJC/2019/VJC_financial_statements_2019_consolidated/VJC_financial_statements_2019_consolidated_extracted.txt,177475,151111,177475,52,63,227,148612
VJC,2019,VJC_financial_statements_2019_separate,separate,data/data/ViFinQA/financial_statements/VJC/2019/VJC_financial_statements_2019_separate/VJC_financial_statements_2019_separate_extracted.txt,177897,153857,177897,49,60,205,151394
VJC,2020,VJC_financial_statements_2020_consolidated,consolidated,data/data/ViFinQA/financial_statements/VJC/2020/VJC_financial_statements_2020_consolidated/VJC_financial_statements_2020_consolidated_extracted.txt,180542,151219,180542,70,69,786,148258
VJC,2020,VJC_financial_statements_2020_separate,separate,data/data/ViFinQA/financial_statements/VJC/2020/VJC_financial_statements_2020_separate/VJC_financial_statements_2020_separate_extracted.txt,165067,138995,165067,67,73,682,135851
VJC,2021,VJC_financial_statements_2021_consolidated,consolidated,data/data/ViFinQA/financial_statements/VJC/2021/VJC_financial_statements_2021_consolidated/VJC_financial_statements_2021_consolidated_extracted.txt,289409,249644,289409,80,74,784,247178
VJC,2021,VJC_financial_statements_2021_separate,separate,data/data/ViFinQA/financial_statements/VJC/2021/VJC_financial_statements_2021_separate/VJC_financial_statements_2021_separate_extracted.txt,224205,189378,224205,73,87,682,187024
VJC,2022,VJC_financial_statements_2022_consolidated,consolidated,data/data/ViFinQA/financial_statements/VJC/2022/VJC_financial_statements_2022_consolidated/VJC_financial_statements_2022_consolidated_extracted.txt,190404,159934,190404,79,82,2089,157788
VJC,2022,VJC_financial_statements_2022_separate,separate,data/data/ViFinQA/financial_statements/VJC/2022/VJC_financial_statements_2022_separate/VJC_financial_statements_2022_separate_extracted.txt,175637,148699,175637,76,87,1983,146546
VJC,2023,VJC_financial_statements_2023_consolidated,consolidated,data/data/ViFinQA/financial_statements/VJC/2023/VJC_financial_statements_2023_consolidated/VJC_financial_statements_2023_consolidated_extracted.txt,211063,177416,211063,87,83,2147,174173
VJC,2024,VJC_financial_statements_2024_consolidated,consolidated,data/data/ViFinQA/financial_statements/VJC/2024/VJC_financial_statements_2024_consolidated/VJC_financial_statements_2024_consolidated_extracted.txt,217684,182832,217684,75,73,2773,176195
VJC,2024,VJC_financial_statements_2024_separate,separate,data/data/ViFinQA/financial_statements/VJC/2024/VJC_financial_statements_2024_separate/VJC_financial_statements_2024_separate_extracted.txt,199070,168641,199070,73,74,2721,162107
VJC,2025,VJC_financial_statements_2025_consolidated,consolidated,data/data/ViFinQA/financial_statements/VJC/2025/VJC_financial_statements_2025_consolidated/VJC_financial_statements_2025_consolidated_extracted.txt,219561,185108,219561,74,71,2502,179217
VJC,2025,VJC_financial_statements_2025_separate,separate,data/data/ViFinQA/financial_statements/VJC/2025/VJC_financial_statements_2025_separate/VJC_financial_statements_2025_separate_extracted.txt,215364,185322,215364,73,71,3057,179451
VNM,2015,VNM_financial_statements_2015_consolidated,consolidated,data/data/ViFinQA/financial_statements/VNM/2015/VNM_financial_statements_2015_consolidated/VNM_financial_statements_2015_consolidated_extracted.txt,177564,150630,177564,66,80,234,149855
VNM,2015,VNM_financial_statements_2015_separate,separate,data/data/ViFinQA/financial_statements/VNM/2015/VNM_financial_statements_2015_separate/VNM_financial_statements_2015_separate_extracted.txt,152723,130074,152723,58,75,193,129401
VNM,2016,VNM_financial_statements_2016_consolidated,consolidated,data/data/ViFinQA/financial_statements/VNM/2016/VNM_financial_statements_2016_consolidated/VNM_financial_statements_2016_consolidated_extracted.txt,165769,140659,165769,59,74,648,139440
VNM,2016,VNM_financial_statements_2016_separate,separate,data/data/ViFinQA/financial_statements/VNM/2016/VNM_financial_statements_2016_separate/VNM_financial_statements_2016_separate_extracted.txt,146021,124277,146021,59,73,210,123191
VNM,2017,VNM_financial_statements_2017_consolidated,consolidated,data/data/ViFinQA/financial_statements/VNM/2017/VNM_financial_statements_2017_consolidated/VNM_financial_statements_2017_consolidated_extracted.txt,177999,150887,177999,65,72,993,149881
VNM,2017,VNM_financial_statements_2017_separate,separate,data/data/ViFinQA/financial_statements/VNM/2017/VNM_financial_statements_2017_separate/VNM_financial_statements_2017_separate_extracted.txt,148370,126278,148370,62,63,915,123423
VNM,2018,VNM_financial_statements_2018_consolidated,consolidated,data/data/ViFinQA/financial_statements/VNM/2018/VNM_financial_statements_2018_consolidated/VNM_financial_statements_2018_consolidated_extracted.txt,176860,149952,176860,66,76,615,149603
VNM,2018,VNM_financial_statements_2018_separate,separate,data/data/ViFinQA/financial_statements/VNM/2018/VNM_financial_statements_2018_separate/VNM_financial_statements_2018_separate_extracted.txt,142907,121577,142907,61,66,538,120556
VNM,2019,VNM_financial_statements_2019_consolidated,consolidated,data/data/ViFinQA/financial_statements/VNM/2019/VNM_financial_statements_2019_consolidated/VNM_financial_statements_2019_consolidated_extracted.txt,176371,149581,176371,65,75,625,148483
VNM,2019,VNM_financial_statements_2019_separate,separate,data/data/ViFinQA/financial_statements/VNM/2019/VNM_financial_statements_2019_separate/VNM_financial_statements_2019_separate_extracted.txt,140148,119220,140148,57,63,564,118106
VNM,2020,VNM_financial_statements_2020_consolidated,consolidated,data/data/ViFinQA/financial_statements/VNM/2020/VNM_financial_statements_2020_consolidated/VNM_financial_statements_2020_consolidated_extracted.txt,177856,150743,177856,66,76,628,149690
VNM,2020,VNM_financial_statements_2020_separate,separate,data/data/ViFinQA/financial_statements/VNM/2020/VNM_financial_statements_2020_separate/VNM_financial_statements_2020_separate_extracted.txt,164517,143085,164517,56,63,555,120110
VNM,2021,VNM_financial_statements_2021_consolidated,consolidated,data/data/ViFinQA/financial_statements/VNM/2021/VNM_financial_statements_2021_consolidated/VNM_financial_statements_2021_consolidated_extracted.txt,181311,153606,181311,65,72,643,152578
VNM,2021,VNM_financial_statements_2021_separate,separate,data/data/ViFinQA/financial_statements/VNM/2021/VNM_financial_statements_2021_separate/VNM_financial_statements_2021_separate_extracted.txt,145402,123850,145402,54,63,575,122806
VNM,2022,VNM_financial_statements_2022_consolidated,consolidated,data/data/ViFinQA/financial_statements/VNM/2022/VNM_financial_statements_2022_consolidated/VNM_financial_statements_2022_consolidated_extracted.txt,179544,152034,179544,64,75,685,151014
VNM,2022,VNM_financial_statements_2022_separate,separate,data/data/ViFinQA/financial_statements/VNM/2022/VNM_financial_statements_2022_separate/VNM_financial_statements_2022_separate_extracted.txt,145547,123872,145547,56,64,573,122817
VNM,2023,VNM_financial_statements_2023_consolidated,consolidated,data/data/ViFinQA/financial_statements/VNM/2023/VNM_financial_statements_2023_consolidated/VNM_financial_statements_2023_consolidated_extracted.txt,182724,155443,182724,64,75,618,154406
VNM,2023,VNM_financial_statements_2023_separate,separate,data/data/ViFinQA/financial_statements/VNM/2023/VNM_financial_statements_2023_separate/VNM_financial_statements_2023_separate_extracted.txt,145107,123553,145107,56,63,974,122593
VNM,2024,VNM_financial_statements_2024_consolidated,consolidated,data/data/ViFinQA/financial_statements/VNM/2024/VNM_financial_statements_2024_consolidated/VNM_financial_statements_2024_consolidated_extracted.txt,175453,148307,175453,63,75,645,147325
VNM,2024,VNM_financial_statements_2024_separate,separate,data/data/ViFinQA/financial_statements/VNM/2024/VNM_financial_statements_2024_separate/VNM_financial_statements_2024_separate_extracted.txt,140075,119094,140075,54,65,552,118045
VNM,2025,VNM_financial_statements_2025_consolidated,consolidated,data/data/ViFinQA/financial_statements/VNM/2025/VNM_financial_statements_2025_consolidated/VNM_financial_statements_2025_consolidated_extracted.txt,177214,149565,177214,63,76,655,148518
VNM,2025,VNM_financial_statements_2025_separate,separate,data/data/ViFinQA/financial_statements/VNM/2025/VNM_financial_statements_2025_separate/VNM_financial_statements_2025_separate_extracted.txt,143213,121585,143213,54,65,543,120584
VPB,2017,VPB_financial_statements_2017_consolidated,consolidated,data/data/ViFinQA/financial_statements/VPB/2017/VPB_financial_statements_2017_consolidated/VPB_financial_statements_2017_consolidated_extracted.txt,246188,204856,246188,78,103,324,203812
VPB,2017,VPB_financial_statements_2017_separate,separate,data/data/ViFinQA/financial_statements/VPB/2017/VPB_financial_statements_2017_separate/VPB_financial_statements_2017_separate_extracted.txt,227649,189228,227649,74,97,318,188183
VPB,2018,VPB_financial_statements_2018_consolidated,consolidated,data/data/ViFinQA/financial_statements/VPB/2018/VPB_financial_statements_2018_consolidated/VPB_financial_statements_2018_consolidated_extracted.txt,258365,213254,258365,80,100,237,212239
VPB,2018,VPB_financial_statements_2018_separate,separate,data/data/ViFinQA/financial_statements/VPB/2018/VPB_financial_statements_2018_separate/VPB_financial_statements_2018_separate_extracted.txt,248721,206125,248721,79,100,206,205146
VPB,2019,VPB_financial_statements_2019_consolidated,consolidated,data/data/ViFinQA/financial_statements/VPB/2019/VPB_financial_statements_2019_consolidated/VPB_financial_statements_2019_consolidated_extracted.txt,245572,202812,245572,81,100,420,201716
VPB,2019,VPB_financial_statements_2019_separate,separate,data/data/ViFinQA/financial_statements/VPB/2019/VPB_financial_statements_2019_separate/VPB_financial_statements_2019_separate_extracted.txt,239975,198692,239975,81,100,372,197677
VPB,2020,VPB_financial_statements_2020_consolidated,consolidated,data/data/ViFinQA/financial_statements/VPB/2020/VPB_financial_statements_2020_consolidated/VPB_financial_statements_2020_consolidated_extracted.txt,255779,214007,255779,84,113,240,213584
VPB,2020,VPB_financial_statements_2020_separate,separate,data/data/ViFinQA/financial_statements/VPB/2020/VPB_financial_statements_2020_separate/VPB_financial_statements_2020_separate_extracted.txt,254196,212548,254196,81,102,237,212024
VPB,2021,VPB_financial_statements_2021_consolidated,consolidated,data/data/ViFinQA/financial_statements/VPB/2021/VPB_financial_statements_2021_consolidated/VPB_financial_statements_2021_consolidated_extracted.txt,271546,227024,271546,88,113,240,226029
VPB,2021,VPB_financial_statements_2021_separate,separate,data/data/ViFinQA/financial_statements/VPB/2021/VPB_financial_statements_2021_separate/VPB_financial_statements_2021_separate_extracted.txt,265988,222211,265988,86,104,237,221335
VPB,2022,VPB_financial_statements_2022_consolidated,consolidated,data/data/ViFinQA/financial_statements/VPB/2022/VPB_financial_statements_2022_consolidated/VPB_financial_statements_2022_consolidated_extracted.txt,305298,251039,305298,96,125,420,248811
VPB,2022,VPB_financial_statements_2022_separate_1,unknown,data/data/ViFinQA/financial_statements/VPB/2022/VPB_financial_statements_2022_separate_1/VPB_financial_statements_2022_separate_1_extracted.txt,262776,216935,262776,85,106,414,214748
VPB,2022,VPB_financial_statements_2022_separate_2,unknown,data/data/ViFinQA/financial_statements/VPB/2022/VPB_financial_statements_2022_separate_2/VPB_financial_statements_2022_separate_2_extracted.txt,262785,216939,262785,85,106,414,214752
VPB,2023,VPB_financial_statements_2023,unknown,data/data/ViFinQA/financial_statements/VPB/2023/VPB_financial_statements_2023/VPB_financial_statements_2023_extracted.txt,284868,234070,284868,91,112,414,231729
VPB,2024,VPB_financial_statements_2024_consolidated,consolidated,data/data/ViFinQA/financial_statements/VPB/2024/VPB_financial_statements_2024_consolidated/VPB_financial_statements_2024_consolidated_extracted.txt,312216,256645,312216,98,121,420,254353
VPB,2024,VPB_financial_statements_2024_separate,separate,data/data/ViFinQA/financial_statements/VPB/2024/VPB_financial_statements_2024_separate/VPB_financial_statements_2024_separate_extracted.txt,273610,225987,273610,87,114,414,223674
VPB,2025,VPB_financial_statements_2025_consolidated,consolidated,data/data/ViFinQA/financial_statements/VPB/2025/VPB_financial_statements_2025_consolidated/VPB_financial_statements_2025_consolidated_extracted.txt,309087,255060,309087,100,124,441,252275
VPB,2025,VPB_financial_statements_2025_separate,separate,data/data/ViFinQA/financial_statements/VPB/2025/VPB_financial_statements_2025_separate/VPB_financial_statements_2025_separate_extracted.txt,274212,227584,274212,89,114,435,224753
VPI,2016,VPI_financial_statements_2016_consolidated,consolidated,data/data/ViFinQA/financial_statements/VPI/2016/VPI_financial_statements_2016_consolidated/VPI_financial_statements_2016_consolidated_extracted.txt,136006,114515,136006,40,56,294,112615
VPI,2016,VPI_financial_statements_2016_separate,separate,data/data/ViFinQA/financial_statements/VPI/2016/VPI_financial_statements_2016_separate/VPI_financial_statements_2016_separate_extracted.txt,137111,115665,137111,43,57,291,111495
VPI,2017,VPI_financial_statements_2017_consolidated,consolidated,data/data/ViFinQA/financial_statements/VPI/2017/VPI_financial_statements_2017_consolidated/VPI_financial_statements_2017_consolidated_extracted.txt,155602,130853,155602,47,63,264,129355
VPI,2017,VPI_financial_statements_2017_separate,separate,data/data/ViFinQA/financial_statements/VPI/2017/VPI_financial_statements_2017_separate/VPI_financial_statements_2017_separate_extracted.txt,150358,126648,150358,45,57,262,125152
VPI,2018,VPI_financial_statements_2018_consolidated,consolidated,data/data/ViFinQA/financial_statements/VPI/2018/VPI_financial_statements_2018_consolidated/VPI_financial_statements_2018_consolidated_extracted.txt,155557,130980,155557,47,55,264,128285
VPI,2018,VPI_financial_statements_2018_separate,separate,data/data/ViFinQA/financial_statements/VPI/2018/VPI_financial_statements_2018_separate/VPI_financial_statements_2018_separate_extracted.txt,150940,127884,150940,45,53,262,126368
VPI,2019,VPI_financial_statements_2019_consolidated,consolidated,data/data/ViFinQA/financial_statements/VPI/2019/VPI_financial_statements_2019_consolidated/VPI_financial_statements_2019_consolidated_extracted.txt,131720,110884,131720,36,44,1250,109139
VPI,2019,VPI_financial_statements_2019_separate,separate,data/data/ViFinQA/financial_statements/VPI/2019/VPI_financial_statements_2019_separate/VPI_financial_statements_2019_separate_extracted.txt,107666,91148,107666,32,44,365,89540
VPI,2020,VPI_financial_statements_2020_consolidated,consolidated,data/data/ViFinQA/financial_statements/VPI/2020/VPI_financial_statements_2020_consolidated/VPI_financial_statements_2020_consolidated_extracted.txt,169645,140941,169645,54,61,248,138462
VPI,2020,VPI_financial_statements_2020_separate,separate,data/data/ViFinQA/financial_statements/VPI/2020/VPI_financial_statements_2020_separate/VPI_financial_statements_2020_separate_extracted.txt,147458,123403,147458,52,58,245,121060
VPI,2021,VPI_financial_statements_2021_consolidated,consolidated,data/data/ViFinQA/financial_statements/VPI/2021/VPI_financial_statements_2021_consolidated/VPI_financial_statements_2021_consolidated_extracted.txt,171935,143108,171935,58,59,1292,142106
VPI,2021,VPI_financial_statements_2021_separate,separate,data/data/ViFinQA/financial_statements/VPI/2021/VPI_financial_statements_2021_separate/VPI_financial_statements_2021_separate_extracted.txt,148443,124435,148443,53,55,1276,123367
VPI,2022,VPI_financial_statements_2022_consolidated,consolidated,data/data/ViFinQA/financial_statements/VPI/2022/VPI_financial_statements_2022_consolidated/VPI_financial_statements_2022_consolidated_extracted.txt,187991,156794,187991,65,66,248,154352
VPI,2022,VPI_financial_statements_2022_separate,separate,data/data/ViFinQA/financial_statements/VPI/2022/VPI_financial_statements_2022_separate/VPI_financial_statements_2022_separate_extracted.txt,171834,144309,171834,63,64,245,141469
VPI,2023,VPI_financial_statements_2023_consolidated,consolidated,data/data/ViFinQA/financial_statements/VPI/2023/VPI_financial_statements_2023_consolidated/VPI_financial_statements_2023_consolidated_extracted.txt,196130,164562,196130,64,74,1901,161845
VPI,2023,VPI_financial_statements_2023_separate,separate,data/data/ViFinQA/financial_statements/VPI/2023/VPI_financial_statements_2023_separate/VPI_financial_statements_2023_separate_extracted.txt,179231,150984,179231,66,67,1895,148219
VPI,2024,VPI_financial_statements_2024_consolidated,consolidated,data/data/ViFinQA/financial_statements/VPI/2024/VPI_financial_statements_2024_consolidated/VPI_financial_statements_2024_consolidated_extracted.txt,206442,173121,206442,70,79,2600,170215
VPI,2024,VPI_financial_statements_2024_separate,separate,data/data/ViFinQA/financial_statements/VPI/2024/VPI_financial_statements_2024_separate/VPI_financial_statements_2024_separate_extracted.txt,185953,156464,185953,65,70,2594,153531
VPI,2025,VPI_financial_statements_2025_consolidated,consolidated,data/data/ViFinQA/financial_statements/VPI/2025/VPI_financial_statements_2025_consolidated/VPI_financial_statements_2025_consolidated_extracted.txt,232482,195688,232482,72,77,2494,194149
VPI,2025,VPI_financial_statements_2025_separate,separate,data/data/ViFinQA/financial_statements/VPI/2025/VPI_financial_statements_2025_separate/VPI_financial_statements_2025_separate_extracted.txt,206339,173575,206339,69,79,3737,172359
VRE,2015,VRE_financial_statements_2015_consolidated,consolidated,data/data/ViFinQA/financial_statements/VRE/2015/VRE_financial_statements_2015_consolidated/VRE_financial_statements_2015_consolidated_extracted.txt,219685,187717,219685,67,89,1654,184303
VRE,2015,VRE_financial_statements_2015_separate,separate,data/data/ViFinQA/financial_statements/VRE/2015/VRE_financial_statements_2015_separate/VRE_financial_statements_2015_separate_extracted.txt,169745,145265,169745,54,74,1461,143851
VRE,2016,VRE_financial_statements_2016_consolidated,consolidated,data/data/ViFinQA/financial_statements/VRE/2016/VRE_financial_statements_2016_consolidated/VRE_financial_statements_2016_consolidated_extracted.txt,196989,166543,196989,60,69,318,162891
VRE,2016,VRE_financial_statements_2016_separate,separate,data/data/ViFinQA/financial_statements/VRE/2016/VRE_financial_statements_2016_separate/VRE_financial_statements_2016_separate_extracted.txt,165237,140014,165237,52,69,283,138105
VRE,2017,VRE_financial_statements_2017_consolidated,consolidated,data/data/ViFinQA/financial_statements/VRE/2017/VRE_financial_statements_2017_consolidated/VRE_financial_statements_2017_consolidated_extracted.txt,216762,182867,216762,71,77,1413,180491
VRE,2017,VRE_financial_statements_2017_separate,separate,data/data/ViFinQA/financial_statements/VRE/2017/VRE_financial_statements_2017_separate/VRE_financial_statements_2017_separate_extracted.txt,171618,145285,171618,60,70,1443,142139
VRE,2018,VRE_financial_statements_2018_consolidated,consolidated,data/data/ViFinQA/financial_statements/VRE/2018/VRE_financial_statements_2018_consolidated/VRE_financial_statements_2018_consolidated_extracted.txt,171003,146089,171003,72,81,2689,143812
VRE,2019,VRE_financial_statements_2019_consolidated,consolidated,data/data/ViFinQA/financial_statements/VRE/2019/VRE_financial_statements_2019_consolidated/VRE_financial_statements_2019_consolidated_extracted.txt,160521,135352,160521,69,78,1336,134029
VRE,2019,VRE_financial_statements_2019_separate,separate,data/data/ViFinQA/financial_statements/VRE/2019/VRE_financial_statements_2019_separate/VRE_financial_statements_2019_separate_extracted.txt,119728,101085,119728,50,71,1336,100476
VRE,2020,VRE_financial_statements_2020_consolidated,consolidated,data/data/ViFinQA/financial_statements/VRE/2020/VRE_financial_statements_2020_consolidated/VRE_financial_statements_2020_consolidated_extracted.txt,150509,126554,150509,64,71,1433,123926
VRE,2020,VRE_financial_statements_2020_separate,separate,data/data/ViFinQA/financial_statements/VRE/2020/VRE_financial_statements_2020_separate/VRE_financial_statements_2020_separate_extracted.txt,115951,97836,115951,51,68,1431,96917
VRE,2021,VRE_financial_statements_2021_consolidated,consolidated,data/data/ViFinQA/financial_statements/VRE/2021/VRE_financial_statements_2021_consolidated/VRE_financial_statements_2021_consolidated_extracted.txt,150929,126495,150929,64,74,1376,124412
VRE,2021,VRE_financial_statements_2021_separate,separate,data/data/ViFinQA/financial_statements/VRE/2021/VRE_financial_statements_2021_separate/VRE_financial_statements_2021_separate_extracted.txt,113318,94959,113318,49,59,1376,94448
VRE,2022,VRE_financial_statements_2022_consolidated,consolidated,data/data/ViFinQA/financial_statements/VRE/2022/VRE_financial_statements_2022_consolidated/VRE_financial_statements_2022_consolidated_extracted.txt,152388,128269,152388,63,73,1418,126922
VRE,2022,VRE_financial_statements_2022_separate,separate,data/data/ViFinQA/financial_statements/VRE/2022/VRE_financial_statements_2022_separate/VRE_financial_statements_2022_separate_extracted.txt,113933,95569,113933,48,57,1418,94147
VRE,2023,VRE_financial_statements_2023_consolidated,consolidated,data/data/ViFinQA/financial_statements/VRE/2023/VRE_financial_statements_2023_consolidated/VRE_financial_statements_2023_consolidated_extracted.txt,155733,130949,155733,65,75,1911,129877
VRE,2023,VRE_financial_statements_2023_separate,separate,data/data/ViFinQA/financial_statements/VRE/2023/VRE_financial_statements_2023_separate/VRE_financial_statements_2023_separate_extracted.txt,116326,97430,116326,51,63,1911,96108
VRE,2024,VRE_financial_statements_2024_consolidated,consolidated,data/data/ViFinQA/financial_statements/VRE/2024/VRE_financial_statements_2024_consolidated/VRE_financial_statements_2024_consolidated_extracted.txt,147619,123773,147619,50,58,1334,122297
VRE,2024,VRE_financial_statements_2024_separate,separate,data/data/ViFinQA/financial_statements/VRE/2024/VRE_financial_statements_2024_separate/VRE_financial_statements_2024_separate_extracted.txt,128029,107476,128029,44,50,1297,105857
VRE,2025,VRE_financial_statements_2025_consolidated,consolidated,data/data/ViFinQA/financial_statements/VRE/2025/VRE_financial_statements_2025_consolidated/VRE_financial_statements_2025_consolidated_extracted.txt,150629,126614,150629,51,63,1516,125614
VRE,2025,VRE_financial_statements_2025_separate,separate,data/data/ViFinQA/financial_statements/VRE/2025/VRE_financial_statements_2025_separate/VRE_financial_statements_2025_separate_extracted.txt,130070,110202,130070,42,56,1513,109448
VSC,2015,VSC_financial_statements_2015_consolidated,consolidated,data/data/ViFinQA/financial_statements/VSC/2015/VSC_financial_statements_2015_consolidated/VSC_financial_statements_2015_consolidated_extracted.txt,102206,86165,102206,38,46,287,85490
VSC,2015,VSC_financial_statements_2015_separate,separate,data/data/ViFinQA/financial_statements/VSC/2015/VSC_financial_statements_2015_separate/VSC_financial_statements_2015_separate_extracted.txt,94997,80854,94997,37,45,6954,80310
VSC,2016,VSC_financial_statements_2016_consolidated,consolidated,data/data/ViFinQA/financial_statements/VSC/2016/VSC_financial_statements_2016_consolidated/VSC_financial_statements_2016_consolidated_extracted.txt,95381,80672,95381,37,50,286,80109
VSC,2016,VSC_financial_statements_2016_separate,separate,data/data/ViFinQA/financial_statements/VSC/2016/VSC_financial_statements_2016_separate/VSC_financial_statements_2016_separate_extracted.txt,86243,73838,86243,36,38,6349,73053
VSC,2017,VSC_financial_statements_2017_consolidated,consolidated,data/data/ViFinQA/financial_statements/VSC/2017/VSC_financial_statements_2017_consolidated/VSC_financial_statements_2017_consolidated_extracted.txt,96401,81701,96401,39,45,6470,80832
VSC,2017,VSC_financial_statements_2017_separate,separate,data/data/ViFinQA/financial_statements/VSC/2017/VSC_financial_statements_2017_separate/VSC_financial_statements_2017_separate_extracted.txt,87012,74733,87012,36,41,562,74247
VSC,2018,VSC_financial_statements_2018_consolidated,consolidated,data/data/ViFinQA/financial_statements/VSC/2018/VSC_financial_statements_2018_consolidated/VSC_financial_statements_2018_consolidated_extracted.txt,101228,86252,101228,43,55,565,85601
VSC,2018,VSC_financial_statements_2018_separate,separate,data/data/ViFinQA/financial_statements/VSC/2018/VSC_financial_statements_2018_separate/VSC_financial_statements_2018_separate_extracted.txt,83671,71661,83671,34,37,562,69738
VSC,2019,VSC_financial_statements_2019_consolidated,consolidated,data/data/ViFinQA/financial_statements/VSC/2019/VSC_financial_statements_2019_consolidated/VSC_financial_statements_2019_consolidated_extracted.txt,104036,88424,104036,45,54,632,85812
VSC,2019,VSC_financial_statements_2019_separate,separate,data/data/ViFinQA/financial_statements/VSC/2019/VSC_financial_statements_2019_separate/VSC_financial_statements_2019_separate_extracted.txt,84665,72630,84665,37,39,627,71821
VSC,2020,VSC_financial_statements_2020_consolidated,consolidated,data/data/ViFinQA/financial_statements/VSC/2020/VSC_financial_statements_2020_consolidated/VSC_financial_statements_2020_consolidated_extracted.txt,99690,84929,99690,43,49,544,83105
VSC,2020,VSC_financial_statements_2020_separate,separate,data/data/ViFinQA/financial_statements/VSC/2020/VSC_financial_statements_2020_separate/VSC_financial_statements_2020_separate_extracted.txt,89822,76799,89822,37,40,650,75801
VSC,2021,VSC_financial_statements_2021_consolidated,consolidated,data/data/ViFinQA/financial_statements/VSC/2021/VSC_financial_statements_2021_consolidated/VSC_financial_statements_2021_consolidated_extracted.txt,130641,110147,130641,47,47,655,109216
VSC,2021,VSC_financial_statements_2021_separate,separate,data/data/ViFinQA/financial_statements/VSC/2021/VSC_financial_statements_2021_separate/VSC_financial_statements_2021_separate_extracted.txt,131266,111829,131266,45,46,651,107813
VSC,2022,VSC_financial_statements_2022_consolidated,consolidated,data/data/ViFinQA/financial_statements/VSC/2022/VSC_financial_statements_2022_consolidated/VSC_financial_statements_2022_consolidated_extracted.txt,159263,132864,159263,55,51,8423,131536
VSC,2022,VSC_financial_statements_2022_separate,separate,data/data/ViFinQA/financial_statements/VSC/2022/VSC_financial_statements_2022_separate/VSC_financial_statements_2022_separate_extracted.txt,140341,118227,140341,47,48,853,115377
VSC,2023,VSC_financial_statements_2023_consolidated,consolidated,data/data/ViFinQA/financial_statements/VSC/2023/VSC_financial_statements_2023_consolidated/VSC_financial_statements_2023_consolidated_extracted.txt,190036,158111,190036,65,65,653,153350
VSC,2023,VSC_financial_statements_2023_separate,separate,data/data/ViFinQA/financial_statements/VSC/2023/VSC_financial_statements_2023_separate/VSC_financial_statements_2023_separate_extracted.txt,157273,132483,157273,57,55,650,123993
VSC,2024,VSC_financial_statements_2024_consolidated,consolidated,data/data/ViFinQA/financial_statements/VSC/2024/VSC_financial_statements_2024_consolidated/VSC_financial_statements_2024_consolidated_extracted.txt,201153,168944,201153,67,63,654,166283
VSC,2024,VSC_financial_statements_2024_separate,separate,data/data/ViFinQA/financial_statements/VSC/2024/VSC_financial_statements_2024_separate/VSC_financial_statements_2024_separate_extracted.txt,162325,137416,162325,61,60,651,132330
VSC,2025,VSC_financial_statements_2025_consolidated,consolidated,data/data/ViFinQA/financial_statements/VSC/2025/VSC_financial_statements_2025_consolidated/VSC_financial_statements_2025_consolidated_extracted.txt,200059,167475,200059,67,67,654,166208
VSC,2025,VSC_financial_statements_2025_separate,separate,data/data/ViFinQA/financial_statements/VSC/2025/VSC_financial_statements_2025_separate/VSC_financial_statements_2025_separate_extracted.txt,179100,152067,179100,63,62,651,147032
VSF,2017,VSF_financial_statements_2017_separate,separate,data/data/ViFinQA/financial_statements/VSF/2017/VSF_financial_statements_2017_separate/VSF_financial_statements_2017_separate_extracted.txt,248407,209165,248407,66,87,352,206782
VSF,2018,VSF_financial_statements_2018_consolidated,consolidated,data/data/ViFinQA/financial_statements/VSF/2018/VSF_financial_statements_2018_consolidated/VSF_financial_statements_2018_consolidated_extracted.txt,324981,260904,324981,76,77,1699,259980
VSF,2018,VSF_financial_statements_2018_separate,separate,data/data/ViFinQA/financial_statements/VSF/2018/VSF_financial_statements_2018_separate/VSF_financial_statements_2018_separate_extracted.txt,210629,177504,210629,62,71,340,176723
VSF,2019,VSF_financial_statements_2019_consolidated,consolidated,data/data/ViFinQA/financial_statements/VSF/2019/VSF_financial_statements_2019_consolidated/VSF_financial_statements_2019_consolidated_extracted.txt,204049,175078,204049,76,88,2203,173863
VSF,2019,VSF_financial_statements_2019_separate,separate,data/data/ViFinQA/financial_statements/VSF/2019/VSF_financial_statements_2019_separate/VSF_financial_statements_2019_separate_extracted.txt,159269,135818,159269,63,70,2291,135350
VSF,2020,VSF_financial_statements_2020_consolidated,consolidated,data/data/ViFinQA/financial_statements/VSF/2020/VSF_financial_statements_2020_consolidated/VSF_financial_statements_2020_consolidated_extracted.txt,171031,146269,171031,56,71,2438,145360
VSF,2020,VSF_financial_statements_2020_separate,separate,data/data/ViFinQA/financial_statements/VSF/2020/VSF_financial_statements_2020_separate/VSF_financial_statements_2020_separate_extracted.txt,170240,147387,170240,63,73,2188,144437
VSF,2021,VSF_financial_statements_2021_consolidated,consolidated,data/data/ViFinQA/financial_statements/VSF/2021/VSF_financial_statements_2021_consolidated/VSF_financial_statements_2021_consolidated_extracted.txt,196190,167924,196190,72,82,2193,167218
VSF,2021,VSF_financial_statements_2021_separate,separate,data/data/ViFinQA/financial_statements/VSF/2021/VSF_financial_statements_2021_separate/VSF_financial_statements_2021_separate_extracted.txt,162466,139577,162466,64,72,2245,137180
VSF,2022,VSF_financial_statements_2022_consolidated,consolidated,data/data/ViFinQA/financial_statements/VSF/2022/VSF_financial_statements_2022_consolidated/VSF_financial_statements_2022_consolidated_extracted.txt,237623,201683,237623,62,64,3585,200958
VSF,2022,VSF_financial_statements_2022_separate,separate,data/data/ViFinQA/financial_statements/VSF/2022/VSF_financial_statements_2022_separate/VSF_financial_statements_2022_separate_extracted.txt,199353,169842,199353,58,60,3581,166325
VSF,2023,VSF_financial_statements_2023_consolidated,consolidated,data/data/ViFinQA/financial_statements/VSF/2023/VSF_financial_statements_2023_consolidated/VSF_financial_statements_2023_consolidated_extracted.txt,234550,196417,234550,61,63,3416,193839
VSF,2023,VSF_financial_statements_2023_separate,separate,data/data/ViFinQA/financial_statements/VSF/2023/VSF_financial_statements_2023_separate/VSF_financial_statements_2023_separate_extracted.txt,192801,163627,192801,58,66,3403,158287
VSF,2024,VSF_financial_statements_2024_aggregated,unknown,data/data/ViFinQA/financial_statements/VSF/2024/VSF_financial_statements_2024_aggregated/VSF_financial_statements_2024_aggregated_extracted.txt,196678,167465,196678,56,63,3437,163515
VSF,2024,VSF_financial_statements_2024_consolidated,consolidated,data/data/ViFinQA/financial_statements/VSF/2024/VSF_financial_statements_2024_consolidated/VSF_financial_statements_2024_consolidated_extracted.txt,232664,194778,232664,62,62,3474,193413
VSF,2025,VSF_financial_statements_2025_aggregated,unknown,data/data/ViFinQA/financial_statements/VSF/2025/VSF_financial_statements_2025_aggregated/VSF_financial_statements_2025_aggregated_extracted.txt,190064,161838,190064,56,59,3408,158051
VSF,2025,VSF_financial_statements_2025_consolidated,consolidated,data/data/ViFinQA/financial_statements/VSF/2025/VSF_financial_statements_2025_consolidated/VSF_financial_statements_2025_consolidated_extracted.txt,230829,194693,230829,58,68,3425,193434
