question_index,question_id,question,relevant_doc_count,relevant_table_count,evidence_count,evidence_variables,query_df_variables,query_uses_df,query_uses_dfs,query_assigns_result,query_length
1,1,Lãi tiền gửi năm 2018 của công ty mẹ CTCP Hàng không Vietjet (VJC) là bao nhiêu triệu đồng?,0,0,0,,,False,False,False,0
2,2,Số dư cho vay khách hàng ngành Thương mại của công ty mẹ Ngân hàng TMCP Á Châu (ACB) cuối năm 2022 là bao nhiêu triệu đồng?,0,0,0,,,False,False,False,0
3,3,Chi phí dự phòng của Ngân hàng TMCP Sài Gòn Tài Lộc trong năm 2020 là bao nhiêu triệu đồng?,0,0,0,,,False,False,False,0
4,4,Lợi nhuận sau thuế của CTCP Chứng khoán FPT năm 2023 là bao nhiêu tỷ đồng?,0,0,0,,,False,False,False,0
5,5,Chi phí phạt của công ty mẹ SCR năm 2017 là bao nhiêu tỷ đồng?,0,0,0,,,False,False,False,0
6,6,Lưu chuyển tiền thuần từ hoạt động kinh doanh của công ty mẹ VSC trong năm 2017 là bao nhiêu tỷ đồng?,0,0,0,,,False,False,False,0
7,7,"Quỹ khen thưởng, phúc lợi của HT1 cuối năm 2019 là bao nhiêu tỷ đồng?",0,0,0,,,False,False,False,0
8,8,Chi phí lương và các khoản khác theo lương của công ty mẹ CTCP Chứng khoán FPT trong năm 2021 là bao nhiêu tỷ đồng?,0,0,0,,,False,False,False,0
9,9,Chi phí khác của SAM năm 2023 là bao nhiêu triệu đồng?,0,0,0,,,False,False,False,0
10,10,Chi phí tài chính của công ty mẹ CTCP Phát triển Sunshine Homes năm 2021 là bao nhiêu triệu đồng?,0,0,0,,,False,False,False,0
11,11,Số dư tiền gửi tại các TCTD khác cuối năm 2016 của Ngân hàng TMCP Đầu tư và Phát triển Việt Nam (BID) là bao nhiêu triệu đồng?,0,0,0,,,False,False,False,0
12,12,Vốn cổ phần đã phát hành của công ty mẹ VGT là bao nhiêu nghìn tỷ đồng vào cuối năm 2024?,0,0,0,,,False,False,False,0
13,13,Tiền và các khoản tương đương tiền của công ty mẹ Tổng Công ty cổ phần Bia - Rượu - Nước giải khát Sài Gòn (SAB) vào cuối năm 2016 là bao nhiêu tỷ đồng?,0,0,0,,,False,False,False,0
14,14,Chi phí quản lý doanh nghiệp năm 2025 của công ty mẹ ASM là bao nhiêu triệu đồng?,0,0,0,,,False,False,False,0
15,15,Thù lao của thành viên HĐQT Chu Thị Bình tại công ty mẹ MPC năm 2021 là bao nhiêu triệu đồng?,0,0,0,,,False,False,False,0
16,16,Số dư vay ngắn hạn của công ty mẹ CEO cuối năm 2025 là bao nhiêu tỷ đồng?,0,0,0,,,False,False,False,0
17,17,Lãi thuần từ hoạt động dịch vụ của Ngân hàng TMCP Sài Gòn - Hà Nội (SHB) năm 2018 là bao nhiêu triệu đồng?,0,0,0,,,False,False,False,0
18,18,Vốn chủ sở hữu của FIT là bao nhiêu tỷ đồng vào ngày 31/12/2015?,0,0,0,,,False,False,False,0
19,19,Tổng tỷ lệ quyền biểu quyết của công ty mẹ CTCP Đầu tư Hạ tầng Giao thông Đèo Cả năm 2023 là bao nhiêu phần trăm?,0,0,0,,,False,False,False,0
20,20,Tỷ lệ biểu quyết của Xí nghiệp Liên doanh Visorutex của công ty mẹ GVR đến ngày 31/12/2019 là bao nhiêu %?,0,0,0,,,False,False,False,0
21,21,Số dư thuế thu nhập doanh nghiệp phải trả của Ngân hàng TMCP Quốc tế Việt Nam (VIB) cuối năm 2020 là bao nhiêu triệu đồng?,0,0,0,,,False,False,False,0
22,22,Chi phí nhân công của công ty mẹ CTCP Điện lực Gelex (GEE) trong năm 2023 là bao nhiêu tỷ đồng?,0,0,0,,,False,False,False,0
23,23,Vay và nợ của công ty mẹ CTCP Tập đoàn Đại Dương (OGC) đến ngày 31/12/2020 là bao nhiêu tỷ đồng?,0,0,0,,,False,False,False,0
24,24,Vay dài hạn với Công ty Cổ phần Hoàng Anh Gia Lai của công ty mẹ CTCP Nông nghiệp Quốc tế Hoàng Anh Gia Lai (HNG) cuối năm 2017 là bao nhiêu nghìn đồng?,0,0,0,,,False,False,False,0
25,25,Giá vốn hàng hóa của DIG trong năm 2023 là bao nhiêu tỷ đồng?,0,0,0,,,False,False,False,0
26,26,Lãi vay phải trả của CTCP Tập đoàn Đức Long Gia Lai (DLG) cuối năm 2023 là bao nhiêu triệu đồng?,0,0,0,,,False,False,False,0
27,27,Lưu chuyển tiền thuần từ hoạt động kinh doanh của công ty mẹ CTCP Tập đoàn Đức Long Gia Lai (DLG) năm 2024 là bao nhiêu triệu đồng?,0,0,0,,,False,False,False,0
28,28,Tổng phải thu ngắn hạn khác của công ty mẹ CTCP Tập đoàn Đầu tư Địa ốc No Va đến ngày 31 tháng 12 năm 2016 là bao nhiêu nghìn tỷ đồng?,0,0,0,,,False,False,False,0
29,29,Tổng số trả trước cho người bán dài hạn của OGC đến ngày 31 tháng 12 năm 2019 là bao nhiêu triệu đồng?,0,0,0,,,False,False,False,0
30,30,Tổng giá trị thuần khoản đầu tư góp vốn vào đơn vị khác của Tập đoàn Bảo Việt là bao nhiêu triệu đồng đến ngày 31 tháng 12 năm 2021?,0,0,0,,,False,False,False,0
31,31,Doanh thu cho thuê khô tàu bay của công ty mẹ CTCP Hàng không Vietjet (VJC) trong năm 2025 là bao nhiêu tỷ đồng?,0,0,0,,,False,False,False,0
32,32,Số dư phải thu theo tiến độ kế hoạch hợp đồng của FPT đến ngày 31/12/2025 là bao nhiêu tỷ đồng?,0,0,0,,,False,False,False,0
33,33,Số dư dự phòng rủi ro cho vay khách hàng của Ngân hàng TMCP Quân đội là bao nhiêu triệu đồng vào cuối năm 2020?,0,0,0,,,False,False,False,0
34,34,Thu nhập khác của công ty mẹ CTCP Tập đoàn Xây dựng Hòa Bình trong năm 2022 là bao nhiêu tỷ đồng?,0,0,0,,,False,False,False,0
35,35,Khoản phải thu từ Bảo Việt Nhân thọ của công ty mẹ Tập đoàn Bảo Việt (BVH) cuối năm 2015 là bao nhiêu triệu đồng?,0,0,0,,,False,False,False,0
36,36,Giá trị còn lại của lợi thế thương mại (tổng cộng) của CTCP Vincom Retail (VRE) là bao nhiêu triệu đồng đến ngày 31/12/2016?,0,0,0,,,False,False,False,0
37,37,Tổng cam kết cho thuê hoạt động của công ty mẹ CTCP Tập đoàn GELEX (GEX) đến ngày 31/12/2018 là bao nhiêu tỷ đồng?,0,0,0,,,False,False,False,0
38,38,Số dư thuế thu nhập doanh nghiệp phải trả của Ngân hàng TMCP Sài Gòn - Hà Nội đến cuối năm 2018 là bao nhiêu triệu đồng?,0,0,0,,,False,False,False,0
39,39,Số dư phải thu phí quản lý tập trung của công ty mẹ Tập đoàn Công nghiệp Cao su Việt Nam - CTCP cuối năm 2020 là bao nhiêu triệu đồng?,0,0,0,,,False,False,False,0
40,40,Lợi nhuận sau thuế của VIB năm 2020 là bao nhiêu triệu đồng?,0,0,0,,,False,False,False,0
41,41,Giá gốc chứng khoán kinh doanh của CTCP Tập đoàn Đức Long Gia Lai cuối năm 2016 là bao nhiêu tỷ đồng?,0,0,0,,,False,False,False,0
42,42,Tổng quỹ lương năm 2022 của công ty mẹ EIB là bao nhiêu triệu đồng?,0,0,0,,,False,False,False,0
43,43,Nguyên giá xây dựng Nhà ga Hành khách T2 - CHKQT Nội Bài của Tổng Công ty Cảng Hàng không Việt Nam - CTCP cuối năm 2022 là bao nhiêu tỷ đồng?,0,0,0,,,False,False,False,0
44,44,Tổng tài sản của STB là bao nhiêu triệu đồng vào cuối năm 2016?,0,0,0,,,False,False,False,0
45,45,Tổng nợ phải trả của công ty mẹ BAB đến ngày 31/12/2020 là bao nhiêu triệu đồng?,0,0,0,,,False,False,False,0
46,46,Thuế TNDN phải nộp cuối năm 2024 của BAB là bao nhiêu triệu đồng?,0,0,0,,,False,False,False,0
47,47,Tổng chi phí bán hàng của PLX trong năm 2017 là bao nhiêu nghìn tỷ đồng?,0,0,0,,,False,False,False,0
48,48,Số dư cuối năm 2015 của Quỹ bình ổn giá xăng dầu tại Tập đoàn Xăng Dầu Việt Nam (PLX) là bao nhiêu tỷ đồng?,0,0,0,,,False,False,False,0
49,49,Chi phí dịch vụ mua ngoài của CTCP Tập Đoàn PC1 (PC1) năm 2018 là bao nhiêu tỷ đồng?,0,0,0,,,False,False,False,0
50,50,Số dư trái phiếu đặc biệt do VAMC phát hành của công ty mẹ Ngân hàng TMCP An Bình (ABB) đến ngày 31/12/2023 là bao nhiêu triệu đồng?,0,0,0,,,False,False,False,0
51,51,"Số dư kỳ phiếu, trái phiếu trung hạn bằng đồng nội tệ của Ngân hàng TMCP Ngoại thương Việt Nam (VCB) là bao nhiêu triệu đồng vào cuối năm 2020?",0,0,0,,,False,False,False,0
52,52,Số dư phải thu trong nghiệp vụ chuyển tiền nhanh của Ngân hàng TMCP Nam Á (NAB) đến ngày 31/12/2024 là bao nhiêu triệu đồng?,0,0,0,,,False,False,False,0
53,53,Giá trị còn lại của bất động sản đầu tư của công ty mẹ IJC đến ngày 31 tháng 12 năm 2021 là bao nhiêu tỷ đồng?,0,0,0,,,False,False,False,0
54,54,Số dư cho vay đối với các tổ chức kinh tế và cá nhân trong nước của công ty mẹ Ngân hàng TMCP Hàng hải Việt Nam đến ngày 31/12/2017 là bao nhiêu triệu đồng?,0,0,0,,,False,False,False,0
55,55,Vốn cổ phần của FTS cuối năm 2020 là bao nhiêu nghìn tỷ đồng?,0,0,0,,,False,False,False,0
56,56,Số tiền dự phòng được trích lập trong năm 2020 của SAB là bao nhiêu tỷ đồng?,0,0,0,,,False,False,False,0
57,57,Số thuế thu nhập doanh nghiệp phải nộp đầu năm 2021 của CTCP Tập Đoàn PC1 (PC1) là bao nhiêu triệu đồng?,0,0,0,,,False,False,False,0
58,58,Tổng tiền trả trước cho người bán ngắn hạn của công ty mẹ PC1 cuối năm 2023 là bao nhiêu triệu đồng?,0,0,0,,,False,False,False,0
59,59,Chứng khoán đầu tư sẵn sàng để bán cuối năm 2017 của Ngân hàng TMCP Ngoại thương Việt Nam là bao nhiêu triệu đồng?,0,0,0,,,False,False,False,0
60,60,Lãi vay của công ty mẹ Tổng Công ty Lương thực Miền Nam - CTCP (VSF) năm 2022 là bao nhiêu triệu đồng?,0,0,0,,,False,False,False,0
61,61,Doanh thu bán hàng và cung cấp dịch vụ của CTCP Dịch vụ Bất động sản Đất Xanh năm 2023 là bao nhiêu tỷ đồng?,0,0,0,,,False,False,False,0
62,62,Dư nợ đủ tiêu chuẩn của công ty mẹ MBB đến ngày 31/12/2022 là bao nhiêu triệu đồng?,0,0,0,,,False,False,False,0
63,63,"Lãi tiền gửi, tiền cho vay của công ty mẹ CTCP Tập đoàn Sao Mai (ASM) trong năm 2025 là bao nhiêu triệu đồng?",0,0,0,,,False,False,False,0
64,64,Tổng tài sản của STB cuối năm 2021 là bao nhiêu triệu đồng?,0,0,0,,,False,False,False,0
65,65,"Dư nợ cho vay ngành Thương mại, dịch vụ của Ngân hàng TMCP Ngoại thương Việt Nam đến ngày 31/12/2016 là bao nhiêu triệu đồng?",0,0,0,,,False,False,False,0
66,66,Chi phí lãi vay của Công ty Cổ phần Thép Nam Kim trong năm 2021 là bao nhiêu tỷ đồng?,0,0,0,,,False,False,False,0
67,67,Tổng giá vốn hàng bán và dịch vụ cung cấp của công ty mẹ CTCP Phát triển Bất động sản Văn Phú (VPI) năm 2025 là bao nhiêu tỷ đồng?,0,0,0,,,False,False,False,0
68,68,Tổng lợi nhuận trước thuế của Ngân hàng TMCP Hàng hải Việt Nam năm 2023 là bao nhiêu triệu đồng?,0,0,0,,,False,False,False,0
69,69,Tiền gửi của khách hàng cuối năm 2019 của Ngân hàng TMCP Sài Gòn - Hà Nội là bao nhiêu triệu đồng?,0,0,0,,,False,False,False,0
70,70,Số dư phải thu ngắn hạn từ Công ty Cổ phần Bao bì Dầu khí Việt Nam của công ty mẹ DCM tính đến cuối năm 2019 là bao nhiêu triệu đồng?,0,0,0,,,False,False,False,0
71,71,Doanh thu thuần về bán hàng và cung cấp dịch vụ của GEG trong năm 2025 là bao nhiêu tỷ đồng?,0,0,0,,,False,False,False,0
72,72,Số dư phải thu ngắn hạn khách hàng của CTCP Phát triển Bất động sản Văn Phú (VPI) cuối năm 2024 là bao nhiêu triệu đồng?,0,0,0,,,False,False,False,0
73,73,Tổng giá trị ghi sổ đầu tư vào công ty liên kết của CTCP Tập Đoàn PC1 là bao nhiêu nghìn tỷ đồng vào cuối năm 2024?,0,0,0,,,False,False,False,0
74,74,Giá gốc khoản đầu tư tại CTCP Sài Gòn - Rạch Giá của công ty mẹ Ngân hàng TMCP Kiên Long (KLB) đến ngày 31/12/2017 là bao nhiêu triệu đồng?,0,0,0,,,False,False,False,0
75,75,Số dư khoản mục vốn góp trực tiếp của công ty mẹ BVH vào Quỹ Đầu tư Giá trị Bảo Việt đến ngày 31 tháng 12 năm 2019 là bao nhiêu triệu đồng?,0,0,0,,,False,False,False,0
76,76,Giá trị đầu tư vào công ty con của công ty mẹ CTCP Đầu tư Hạ tầng Giao thông Đèo Cả đến ngày 31/12/2024 là bao nhiêu tỷ đồng?,0,0,0,,,False,False,False,0
77,77,Tổng giá trị đầu tư vào công ty con của công ty mẹ CTCP Vincom Retail (VRE) đến ngày 31 tháng 12 năm 2024 là bao nhiêu triệu đồng?,0,0,0,,,False,False,False,0
78,78,Số dư lãi vay phải trả đến ngày 31/12/2022 của công ty mẹ Công ty Cổ phần Vincom Retail (VRE) là bao nhiêu triệu đồng?,0,0,0,,,False,False,False,0
79,79,Tổng giấy tờ có giá phát hành của công ty mẹ Ngân hàng TMCP Sài Gòn Tài Lộc là bao nhiêu triệu đồng cuối năm 2022?,0,0,0,,,False,False,False,0
80,80,Tổng số dư phải thu khác ngắn hạn của NVL cuối năm 2020 là bao nhiêu tỷ đồng?,0,0,0,,,False,False,False,0
81,81,Số dư chứng khoán nợ của Ngân hàng TMCP Quân đội (MBB) đến ngày 31 tháng 12 năm 2023 là bao nhiêu triệu đồng?,0,0,0,,,False,False,False,0
82,82,Số dư tiền gửi tại các TCTD khác của công ty mẹ Ngân hàng TMCP Quốc Dân (NVB) là bao nhiêu triệu đồng vào ngày 31/12/2022?,0,0,0,,,False,False,False,0
83,83,Số dư cam kết giao dịch hối đoái của công ty mẹ Ngân hàng TMCP Quốc tế Việt Nam đến ngày 31/12/2020 là bao nhiêu triệu đồng?,0,0,0,,,False,False,False,0
84,84,Số dư tiền và tương đương tiền cuối năm 2024 của công ty mẹ Tổng Công ty Điện lực TKV - CTCP là bao nhiêu tỷ đồng?,0,0,0,,,False,False,False,0
85,85,Chi phí lãi và các chi phí tương tự của Ngân hàng TMCP Á Châu trong năm 2016 là bao nhiêu triệu đồng?,0,0,0,,,False,False,False,0
86,86,Lợi nhuận sau thuế của Ngân hàng TMCP Sài Gòn Công Thương năm 2024 là bao nhiêu triệu đồng?,0,0,0,,,False,False,False,0
87,87,Tổng giá vốn hàng bán của HPX trong năm 2024 là bao nhiêu tỷ đồng?,0,0,0,,,False,False,False,0
88,88,Tổng tài sản của Ngân hàng TMCP Quốc Dân cuối năm 2019 là bao nhiêu triệu đồng?,0,0,0,,,False,False,False,0
89,89,Chi phí thuế thu nhập hiện hành của CTCP Tập đoàn Masan năm 2018 là bao nhiêu triệu đồng?,0,0,0,,,False,False,False,0
90,90,Chi phí khấu hao TSCĐ thuộc chi phí quản lý doanh nghiệp của Tập đoàn VINGROUP - CTCP (VIC) năm 2015 là bao nhiêu nghìn tỷ đồng?,0,0,0,,,False,False,False,0
91,91,Nguyên giá bất động sản đầu tư của công ty mẹ CTCP Vincom Retail (VRE) vào cuối năm 2024 là bao nhiêu triệu đồng?,0,0,0,,,False,False,False,0
92,92,Tổng cộng tài sản của SSH cuối năm 2025 là bao nhiêu nghìn tỷ đồng?,0,0,0,,,False,False,False,0
93,93,Chi phí lãi vay Ngân hàng TMCP Xăng dầu Petrolimex của PLX năm 2022 là bao nhiêu tỷ đồng?,0,0,0,,,False,False,False,0
94,94,Lợi nhuận thuần sau thuế của CTCP Tập đoàn Dabaco Việt Nam năm 2021 là bao nhiêu trăm tỷ đồng?,0,0,0,,,False,False,False,0
95,95,Chi phí thuế hiện hành của CTCP Tập đoàn Hà Đô năm 2015 là bao nhiêu triệu đồng?,0,0,0,,,False,False,False,0
96,96,Chi phí trả trước ngắn hạn khác của Tập đoàn Dệt May Việt Nam cuối năm 2025 là bao nhiêu triệu đồng?,0,0,0,,,False,False,False,0
97,97,Tỷ lệ sở hữu Công ty CP Gang thép Hòa Phát của HPG đến ngày 31/12/2023 là bao nhiêu %?,0,0,0,,,False,False,False,0
98,98,Tổng giá trị hàng tồn kho của công ty mẹ CTCP Tasco vào cuối năm 2024 là bao nhiêu tỷ đồng?,0,0,0,,,False,False,False,0
99,99,Tiền của NKG cuối năm 2022 là bao nhiêu tỷ đồng?,0,0,0,,,False,False,False,0
100,100,Tổng số lượng cổ phần của Tập đoàn Bảo Việt (BVH) vào cuối năm 2018 là bao nhiêu cổ phần?,0,0,0,,,False,False,False,0
101,101,Số dư chi phí xây dựng cơ bản dở dang đến ngày 31/12/2017 của CTCP Thép Nam Kim là bao nhiêu trăm tỷ đồng?,0,0,0,,,False,False,False,0
102,102,Giá trị còn lại của quyền sử dụng đất của Ngân hàng TMCP Quân đội (MBB) vào cuối năm 2018 là bao nhiêu triệu đồng?,0,0,0,,,False,False,False,0
103,103,Số dư dự phòng chi phí bảo hành ngắn hạn của công ty mẹ CTCP Tập đoàn GELEX cuối năm 2019 là bao nhiêu triệu đồng?,0,0,0,,,False,False,False,0
104,104,Tăng lợi nhuận trước thuế của công ty mẹ Ngân hàng TMCP Quân đội trong năm 2022 là bao nhiêu triệu đồng?,0,0,0,,,False,False,False,0
105,105,Lãi thuần từ hoạt động dịch vụ của Ngân hàng TMCP Xuất nhập khẩu Việt Nam năm 2020 là bao nhiêu triệu đồng?,0,0,0,,,False,False,False,0
106,106,Tỷ lệ sở hữu của công ty mẹ Tập đoàn Xăng Dầu Việt Nam (PLX) tại Công ty TNHH Hóa chất PTN vào cuối năm 2016 là bao nhiêu phần trăm?,0,0,0,,,False,False,False,0
107,107,Tổng chi phí xây dựng cơ bản dở dang của công ty mẹ Tổng Công ty Phát triển Đô thị Kinh Bắc - CTCP cuối năm 2022 là bao nhiêu trăm tỷ đồng?,0,0,0,,,False,False,False,0
108,108,Tổng giá trị trái phiếu của HAG cuối năm 2023 là bao nhiêu nghìn đồng?,0,0,0,,,False,False,False,0
109,109,Số tiền trả trước cho người bán ngắn hạn của CTCP Phát triển Hạ tầng Kỹ thuật tính đến ngày 31/12/2016 là bao nhiêu tỷ đồng?,0,0,0,,,False,False,False,0
110,110,Số dư tiền gửi khách hàng đến ngày 31/12/2022 của công ty mẹ Ngân hàng TMCP Ngoại thương Việt Nam (VCB) là bao nhiêu triệu đồng?,0,0,0,,,False,False,False,0
111,111,Giá trị còn lại của tài sản cố định vô hình cuối năm 2025 của Tổng Công ty Viglacera - CTCP (VGC) là bao nhiêu tỷ đồng?,0,0,0,,,False,False,False,0
112,112,Giá trị ghi sổ tiền gửi có kỳ hạn ngắn hạn của công ty mẹ Công ty Cổ phần Viễn thông FPT (FOX) cuối năm 2022 là bao nhiêu triệu đồng?,0,0,0,,,False,False,False,0
113,113,Số dư tiền gửi của cá nhân và các đối tượng khác cuối năm 2015 của Công ty Cổ phần Ngân hàng TMCP Quốc tế Việt Nam (VIB) là bao nhiêu triệu đồng?,0,0,0,,,False,False,False,0
114,114,Tổng cộng nguồn vốn của Công ty Cổ phần Đầu tư Dịch vụ Hoàng Huy đầu năm 2015 là bao nhiêu nghìn tỷ đồng?,0,0,0,,,False,False,False,0
115,115,Tổng chi phí hoạt động của công ty mẹ Ngân hàng TMCP Công Thương Việt Nam năm 2019 là bao nhiêu triệu đồng?,0,0,0,,,False,False,False,0
116,116,Thu nhập của ông Nguyễn Văn Hùng của công ty mẹ CTCP Phát triển Hạ tầng Kỹ thuật (IJC) trong năm 2022 là bao nhiêu triệu đồng?,0,0,0,,,False,False,False,0
117,117,Giá vốn của dịch vụ đã cung cấp của FPT trong năm 2024 là bao nhiêu nghìn tỷ đồng?,0,0,0,,,False,False,False,0
118,118,Số dư cuối kỳ dự phòng chung cho các khoản cho vay khách hàng của công ty mẹ Ngân hàng TMCP Ngoại thương Việt Nam đến ngày 31/12/2015 là bao nhiêu triệu đồng?,0,0,0,,,False,False,False,0
119,119,Số dư trái phiếu phát hành đến Công ty Cổ phần Chứng khoán Thành Công của NVL cuối năm 2021 là bao nhiêu tỷ đồng?,0,0,0,,,False,False,False,0
120,120,Chi phí hoạt động của Ngân hàng TMCP Kiên Long (KLB) năm 2019 là bao nhiêu triệu đồng?,0,0,0,,,False,False,False,0
121,121,Thuế thu nhập doanh nghiệp của công ty mẹ CTCP Tập đoàn GELEX đầu năm 2017 là bao nhiêu triệu đồng?,0,0,0,,,False,False,False,0
122,122,Số dư phải thu khách hàng ngắn hạn của HHV đến ngày 01/01/2022 là bao nhiêu trăm tỷ đồng?,0,0,0,,,False,False,False,0
123,123,Tổng cộng vốn chủ sở hữu của SSI cuối năm 2016 là bao nhiêu tỷ đồng?,0,0,0,,,False,False,False,0
124,124,Số dư Tiền và các khoản tương đương tiền của Tổng Công ty cổ phần Đầu tư Phát triển Xây dựng (DIG) đầu năm 2024 là bao nhiêu trăm tỷ đồng?,0,0,0,,,False,False,False,0
125,125,Tổng cam kết cho thuê hoạt động của công ty mẹ Tổng Công ty Lâm nghiệp Việt Nam - CTCP (VIF) là bao nhiêu trăm tỷ đồng vào cuối năm 2024?,0,0,0,,,False,False,False,0
126,126,Tiền và các khoản tương đương tiền đầu năm 2023 của Tổng Công ty cổ phần Bia - Rượu - Nước giải khát Sài Gòn (SAB) là bao nhiêu nghìn tỷ đồng?,0,0,0,,,False,False,False,0
127,127,Tổng giá trị còn lại của tài sản cố định hữu hình khác của VIB là bao nhiêu triệu đồng tính đến ngày 31/12/2024?,0,0,0,,,False,False,False,0
128,128,Tổng số tiền thuê tối thiểu trong tương lai thu được từ các hợp đồng thuê hoạt động của công ty mẹ IJC đến ngày 31/12/2015 là bao nhiêu tỷ đồng?,0,0,0,,,False,False,False,0
129,129,Tổng quỹ lương của Ngân hàng TMCP Hàng hải Việt Nam trong năm 2022 là bao nhiêu triệu đồng?,0,0,0,,,False,False,False,0
130,130,Tổng doanh thu thuần năm 2024 của CTCP Tập đoàn Dabaco Việt Nam là bao nhiêu nghìn tỷ đồng?,0,0,0,,,False,False,False,0
131,131,Tiền và tương đương tiền cuối năm 2025 của công ty mẹ HUT là bao nhiêu tỷ đồng?,0,0,0,,,False,False,False,0
132,132,Chi phí lãi vay của công ty mẹ SNZ năm 2021 là bao nhiêu triệu đồng?,0,0,0,,,False,False,False,0
133,133,Tổng thu nhập Ban Tổng Giám đốc và quản lý năm 2024 của công ty mẹ CTCP Đầu tư Nam Long là bao nhiêu tỷ đồng?,0,0,0,,,False,False,False,0
134,134,Số dư quỹ khen thưởng và phúc lợi của CTCP Sữa Việt Nam cuối năm 2025 là bao nhiêu tỷ đồng?,0,0,0,,,False,False,False,0
135,135,Số dư khoản phải thu ngắn hạn của khách hàng bên thứ ba công ty mẹ Tổng Công ty Khí Việt Nam - CTCP đến ngày 31/12/2021 là bao nhiêu tỷ đồng?,0,0,0,,,False,False,False,0
136,136,Lỗ chênh lệch tỷ giá của CTCP Đường Quảng Ngãi trong năm 2023 là bao nhiêu tỷ đồng?,0,0,0,,,False,False,False,0
137,137,Tổng số tiền người mua trả trước của công ty mẹ CTCP Tập đoàn Kỹ nghệ gỗ Trường Thành (TTF) đến ngày 1/1/2023 là bao nhiêu tỷ đồng?,0,0,0,,,False,False,False,0
138,138,Tổng doanh thu của Công ty Cổ phần Điện Gia Lai (GEG) trong năm 2019 là bao nhiêu trăm tỷ đồng?,0,0,0,,,False,False,False,0
139,139,Doanh thu thuần về bán hàng và cung cấp dịch vụ của CTCP Hoàng Anh Gia Lai (HAG) năm 2020 là bao nhiêu nghìn đồng?,0,0,0,,,False,False,False,0
140,140,Giá trị tài sản tài chính chịu lãi suất cố định của Công ty Cổ phần Tập đoàn Hòa Phát (HPG) ở cuối năm 2019 là bao nhiêu triệu đồng?,0,0,0,,,False,False,False,0
141,141,Tổng trái phiếu thường của Công ty CP Hoàng Anh Gia Lai (HAG) vào cuối năm 2021 là bao nhiêu nghìn đồng?,0,0,0,,,False,False,False,0
142,142,Số dư tài sản thuế thu nhập hoãn lại của Tổng Công ty Viglacera - CTCP vào cuối năm 2025 là bao nhiêu triệu đồng?,0,0,0,,,False,False,False,0
143,143,Tổng cộng tài sản đầu năm 2022 của CTCP Tập đoàn F.I.T (FIT) là bao nhiêu nghìn tỷ đồng?,0,0,0,,,False,False,False,0
144,144,"Số dư khoản mục Dự thu cổ tức, lợi nhuận được chia của công ty mẹ Tập đoàn Bảo Việt đến ngày 31 tháng 12 năm 2025 là bao nhiêu trăm tỷ đồng?",0,0,0,,,False,False,False,0
145,145,Doanh thu bán hàng và cung cấp dịch vụ của công ty mẹ CTCP Hàng không Vietjet trong năm 2018 là bao nhiêu tỷ đồng?,0,0,0,,,False,False,False,0
146,146,Chi phí trả trước của Công ty CP Tập đoàn Xây dựng Hòa Bình (HBC) đầu năm 2018 là bao nhiêu trăm tỷ đồng?,0,0,0,,,False,False,False,0
147,147,Số tiền tạm ứng nhận từ khách hàng mua bất động sản của công ty mẹ CTCP Đầu tư Nam Long cuối năm 2025 là bao nhiêu trăm tỷ đồng?,0,0,0,,,False,False,False,0
148,148,Số dư tiền và các khoản tương đương tiền cuối năm 2019 của công ty mẹ VSC là bao nhiêu trăm tỷ đồng?,0,0,0,,,False,False,False,0
149,149,Số tiền mua dịch vụ với Công ty TNHH Cảng Nam Hải Đình Vũ của CTCP Container Việt Nam (VSC) trong năm 2024 là bao nhiêu trăm tỷ đồng?,0,0,0,,,False,False,False,0
150,150,"Dự phòng các khoản đặt cọc, ký quỹ đầu năm 2019 của DXG là bao nhiêu tỷ đồng?",0,0,0,,,False,False,False,0
151,151,Tiền gửi tiết kiệm bằng VND của EIB đến ngày 31/12/2015 là bao nhiêu triệu đồng?,0,0,0,,,False,False,False,0
152,152,Tổng tài sản hợp nhất của Ngân hàng TMCP Sài Gòn Công Thương (SGB) đến ngày 31/12/2023 là bao nhiêu triệu đồng?,0,0,0,,,False,False,False,0
153,153,Lãi tiền gửi và cho vay của BAF trong năm 2024 là bao nhiêu tỷ đồng?,0,0,0,,,False,False,False,0
154,154,Tiền và tương đương tiền đầu năm 2022 của CTCP Đầu tư Nam Long là bao nhiêu tỷ đồng?,0,0,0,,,False,False,False,0
155,155,Lợi nhuận trước thuế của công ty mẹ QNS năm 2023 là bao nhiêu trăm tỷ đồng?,0,0,0,,,False,False,False,0
156,156,Số dư tổng giá trị tài sản tài chính chịu rủi ro tín dụng của công ty mẹ Tập đoàn Bảo Việt (BVH) đến ngày 31 tháng 12 năm 2018 là bao nhiêu tỷ đồng?,0,0,0,,,False,False,False,0
157,157,Tổng nguồn vốn đầu tư xây dựng cơ bản của VGT là bao nhiêu tỷ đồng vào đầu năm 2021?,0,0,0,,,False,False,False,0
158,158,Tỷ lệ sở hữu Công ty Cổ phần Cen Vĩnh Phúc của CRE tại năm 2021 là bao nhiêu phần trăm?,0,0,0,,,False,False,False,0
159,159,Tỷ lệ sở hữu Công ty Cổ phần Cao Su Lai Châu của GVR đến ngày 31/12/2020 là bao nhiêu %?,0,0,0,,,False,False,False,0
160,160,Lợi nhuận phân bổ cho cổ đông sở hữu cổ phiếu phổ thông của VPB năm 2025 là bao nhiêu triệu đồng?,0,0,0,,,False,False,False,0
161,161,Số dư cho vay các tổ chức kinh tế của Ngân hàng TMCP Xuất nhập khẩu Việt Nam (EIB) vào cuối năm 2020 là bao nhiêu triệu đồng?,0,0,0,,,False,False,False,0
162,162,Số dư cuối năm 2020 của quỹ khen thưởng và phúc lợi tại MPC là bao nhiêu trăm tỷ đồng?,0,0,0,,,False,False,False,0
163,163,Tổng số tiền trả trước cho người bán ngắn hạn đến ngày 31 tháng 12 năm 2018 của GVR là bao nhiêu nghìn tỷ đồng?,0,0,0,,,False,False,False,0
164,164,Trích khấu hao bất động sản đầu tư cho thuê của CTCP Phát triển Sunshine Homes (SSH) là bao nhiêu tỷ đồng trong năm 2023?,0,0,0,,,False,False,False,0
165,165,Giá vốn bán hàng của CTCP Tập đoàn Đức Long Gia Lai trong năm 2021 là bao nhiêu trăm tỷ đồng?,0,0,0,,,False,False,False,0
166,166,Số dư cho vay Công ty Cổ phần Nhà Hòa Bình đến ngày 31/12/2016 của công ty mẹ HBC là bao nhiêu trăm tỷ đồng?,0,0,0,,,False,False,False,0
167,167,Chi phí lãi vay của công ty mẹ CTCP Masan High-Tech Materials (MSR) trong năm 2025 là bao nhiêu nghìn đồng?,0,0,0,,,False,False,False,0
168,168,Tổng nợ phải trả của công ty mẹ CTCP Bất động sản Thế Kỷ (CRE) vào cuối năm 2025 là bao nhiêu nghìn tỷ đồng?,0,0,0,,,False,False,False,0
169,169,Số dư trái phiếu chính phủ của STB đầu năm 2017 là bao nhiêu triệu đồng?,0,0,0,,,False,False,False,0
170,170,Tổng dư nợ vay ngắn hạn từ ngân hàng của CTCP Đầu tư Nam Long (NLG) đến ngày 31 tháng 12 năm 2021 là bao nhiêu tỷ đồng?,0,0,0,,,False,False,False,0
171,171,Lưu chuyển tiền thuần từ hoạt động kinh doanh của NLG năm 2021 là bao nhiêu trăm tỷ đồng?,0,0,0,,,False,False,False,0
172,172,Tiền và các khoản tương đương tiền của Công ty Cổ phần FPT cuối năm 2022 là bao nhiêu nghìn tỷ đồng?,0,0,0,,,False,False,False,0
173,173,Số dư cho vay trung hạn của Ngân hàng TMCP Đông Nam Á đến ngày 31/12/2020 là bao nhiêu triệu đồng?,0,0,0,,,False,False,False,0
174,174,Số dư các khoản phải trả nội bộ của Ngân hàng TMCP Quốc Dân tính đến ngày 31/12/2024 là bao nhiêu triệu đồng?,0,0,0,,,False,False,False,0
175,175,Tổng cộng dự phòng phải trả cuối năm 2020 của Tập đoàn Dệt May Việt Nam (VGT) là bao nhiêu tỷ đồng?,0,0,0,,,False,False,False,0
176,176,Doanh thu thuần về bán hàng và cung cấp dịch vụ của công ty mẹ CTCP Bluemarq Group trong năm 2024 là bao nhiêu trăm tỷ đồng?,0,0,0,,,False,False,False,0
177,177,Số dư tiền và các khoản tương đương tiền cuối năm 2018 của FIT là bao nhiêu triệu đồng?,0,0,0,,,False,False,False,0
178,178,Giá trị còn lại của tài sản cố định hữu hình của NVL cuối năm 2021 là bao nhiêu trăm tỷ đồng?,0,0,0,,,False,False,False,0
179,179,Số dư trả trước cho người bán của CTCP Phát triển Bất động sản Văn Phú (VPI) cuối năm 2024 tính bằng đồng là bao nhiêu?,0,0,0,,,False,False,False,0
180,180,Tiền mặt cuối năm 2019 của công ty mẹ CTCP Hàng không Vietjet (VJC) là bao nhiêu tỷ đồng?,0,0,0,,,False,False,False,0
181,181,Lợi nhuận sau thuế TNDN của công ty mẹ VRE năm 2020 là bao nhiêu triệu đồng?,0,0,0,,,False,False,False,0
182,182,Lợi nhuận kế toán sau thuế TNDN của CEO năm 2022 là bao nhiêu trăm tỷ đồng?,0,0,0,,,False,False,False,0
183,183,Tổng dư nợ cho vay của công ty mẹ Ngân hàng TMCP Quốc Dân đến ngày 31 tháng 12 năm 2016 là bao nhiêu triệu đồng?,0,0,0,,,False,False,False,0
184,184,Số dư tiền và tương đương tiền cuối năm 2025 của công ty mẹ Tổng Công ty cổ phần Đầu tư Phát triển Xây dựng (DIG) là bao nhiêu tỷ đồng?,0,0,0,,,False,False,False,0
185,185,Tổng các khoản cho vay dài hạn không có tài sản đảm bảo của công ty mẹ Tập đoàn VINGROUP - CTCP (VIC) vào cuối năm 2016 là bao nhiêu trăm tỷ đồng?,0,0,0,,,False,False,False,0
186,186,Vay và phát hành trái phiếu dài hạn của MSR cuối năm 2023 là bao nhiêu nghìn đồng?,0,0,0,,,False,False,False,0
187,187,Đầu tư vào các công ty con của công ty mẹ HBC cuối năm 2019 là bao nhiêu tỷ đồng?,0,0,0,,,False,False,False,0
188,188,Tổng giá gốc nợ phải thu cuối năm 2020 của Công ty Cổ phần Điện lực Gelex là bao nhiêu trăm tỷ đồng?,0,0,0,,,False,False,False,0
189,189,Tổng chi phí xây dựng cơ bản đang dở dang của công ty mẹ CTCP Tập đoàn Dabaco Việt Nam đến ngày 31/12/2022 là bao nhiêu nghìn tỷ đồng?,0,0,0,,,False,False,False,0
190,190,Số dư dự phòng chung chứng khoán sẵn sàng để bán của Ngân hàng TMCP Hàng hải Việt Nam vào cuối năm 2019 là bao nhiêu triệu đồng?,0,0,0,,,False,False,False,0
191,191,Tài sản bằng đô la Mỹ USD của PVT cuối năm 2022 là bao nhiêu tỷ đồng?,0,0,0,,,False,False,False,0
192,192,Lợi nhuận kế toán trước thuế của công ty mẹ CTCP Masan MeatLife năm 2017 là bao nhiêu trăm tỷ đồng?,0,0,0,,,False,False,False,0
193,193,Tiền gửi có kỳ hạn bằng VND của MBB vào cuối năm 2022 là bao nhiêu triệu đồng?,0,0,0,,,False,False,False,0
194,194,Chi phí thuế mặt bằng của CTCP Vincom Retail (VRE) cuối năm 2019 là bao nhiêu triệu đồng?,0,0,0,,,False,False,False,0
195,195,Số dư Cam kết giao dịch hối đoái của công ty mẹ Ngân hàng TMCP Ngoại thương Việt Nam là bao nhiêu nghìn đồng vào cuối năm 2025?,0,0,0,,,False,False,False,0
196,196,"Lãi tiền gửi, tiền cho vay của CTCP Nhựa An Phát Xanh (AAA) năm 2019 là bao nhiêu trăm tỷ đồng?",0,0,0,,,False,False,False,0
197,197,Tổng số dư dự phòng rủi ro cho vay khách hàng cuối năm 2018 của Ngân hàng TMCP Quốc tế Việt Nam là bao nhiêu triệu đồng?,0,0,0,,,False,False,False,0
198,198,Tổng chi phí thuế thu nhập doanh nghiệp hoãn lại của công ty mẹ Ngân hàng TMCP Á Châu năm 2020 là bao nhiêu triệu đồng?,0,0,0,,,False,False,False,0
199,199,Tiền và các khoản tương đương tiền của Công ty Cổ phần Thủy điện Đa Nhim - Hàm Thuận - Đa Mi cuối năm 2016 bằng bao nhiêu tỷ đồng?,0,0,0,,,False,False,False,0
200,200,Giá gốc hàng gửi đi bán của công ty mẹ CTCP Tập đoàn Sao Mai (ASM) vào cuối năm 2019 là bao nhiêu triệu đồng?,0,0,0,,,False,False,False,0
201,201,Giá trị thuần phải thu ngắn hạn của khách hàng của công ty mẹ CTCP Tập đoàn Hoa Sen là bao nhiêu nghìn tỷ đồng vào cuối năm tài chính 2017?,0,0,0,,,False,False,False,0
202,202,Tổng tiền trả trước cho người bán ngắn hạn của CEO cuối năm 2025 là bao nhiêu tỷ đồng?,0,0,0,,,False,False,False,0
203,203,Số dư Tiền và các khoản tương đương tiền của Tổng Công ty cổ phần Phát triển Khu Công nghiệp đến ngày 31/12/2017 là bao nhiêu tỷ đồng?,0,0,0,,,False,False,False,0
204,204,Số cổ phiếu phổ thông bình quân gia quyền của Công ty Cổ phần Sữa Việt Nam (VNM) trong năm 2020 là bao nhiêu cổ phiếu?,0,0,0,,,False,False,False,0
205,205,Lợi nhuận thuần trong năm 2023 của Ngân hàng TMCP Quốc tế Việt Nam (VIB) là bao nhiêu triệu đồng?,0,0,0,,,False,False,False,0
206,206,Tổng cộng tài sản của CTCP Tập đoàn GELEX (GEX) cuối năm 2021 là bao nhiêu trăm tỷ đồng?,0,0,0,,,False,False,False,0
207,207,Tiền mặt ngoại tệ của Ngân hàng TMCP Hàng hải Việt Nam (MSB) cuối năm 2024 là bao nhiêu triệu đồng?,0,0,0,,,False,False,False,0
208,208,Dự phòng rủi ro cho vay khách hàng của STB cuối năm 2019 là bao nhiêu triệu đồng?,0,0,0,,,False,False,False,0
209,209,Tổng số dư phải thu về cho vay dài hạn cuối năm 2021 của Công ty Cổ phần Tập đoàn Hòa Phát là bao nhiêu trăm tỷ đồng?,0,0,0,,,False,False,False,0
210,210,Công ty Cổ phần Sữa Việt Nam (VNM) có số lượng cổ phiếu phổ thông bình quân gia quyền trong năm 2018 là bao nhiêu cổ phiếu?,0,0,0,,,False,False,False,0
211,211,Tổng lợi nhuận kế toán trước thuế của công ty mẹ DLG năm 2022 là bao nhiêu trăm tỷ đồng?,0,0,0,,,False,False,False,0
212,212,Lợi nhuận thuần trong năm của Công ty CP Nông nghiệp Quốc tế Hoàng Anh Gia Lai năm 2015 là bao nhiêu nghìn đồng?,0,0,0,,,False,False,False,0
213,213,Số dư ngoại tệ USD của ACV vào cuối năm 2018 là bao nhiêu triệu USD?,0,0,0,,,False,False,False,0
214,214,Doanh thu của Tổng Công ty Điện lực TKV - CTCP (DTK) năm 2024 là bao nhiêu trăm tỷ đồng?,0,0,0,,,False,False,False,0
215,215,Chứng chỉ tiền gửi của Ngân hàng TMCP Đầu tư và Phát triển Việt Nam vào cuối năm 2016 là bao nhiêu triệu đồng?,0,0,0,,,False,False,False,0
216,216,Chi phí nhân viên của công ty mẹ GEG trong năm 2019 là bao nhiêu tỷ đồng?,0,0,0,,,False,False,False,0
217,217,Tổng số dư tiền trả trước ngắn hạn của khách hàng của DCM cuối năm 2022 là bao nhiêu trăm tỷ đồng?,0,0,0,,,False,False,False,0
218,218,Giá trị thuần đầu tư góp vốn vào đơn vị khác của công ty mẹ Tập đoàn Bảo Việt (BVH) đến ngày 31/12/2021 là bao nhiêu nghìn tỷ đồng?,0,0,0,,,False,False,False,0
219,219,"Chi phí thuế, lệ phí và phí năm 2018 của Ngân hàng TMCP Việt Nam Thịnh Vượng (VPB) là bao nhiêu triệu đồng?",0,0,0,,,False,False,False,0
220,220,Tổng dư nợ cho vay cuối năm 2023 của công ty mẹ Ngân hàng TMCP Đầu tư và Phát triển Việt Nam (BID) là bao nhiêu triệu đồng?,0,0,0,,,False,False,False,0
221,221,Nguyên giá tài sản cố định thuê tài chính của Công ty Cổ phần Tập đoàn C.E.O đến ngày 31/12/2017 là bao nhiêu tỷ đồng?,0,0,0,,,False,False,False,0
222,222,Số dư các khoản cho vay ngắn hạn các bên liên quan của công ty mẹ VIC đến ngày 31/12/2025 là bao nhiêu triệu đồng?,0,0,0,,,False,False,False,0
223,223,Chi phí vận chuyển của MPC năm 2018 là bao nhiêu tỷ đồng?,0,0,0,,,False,False,False,0
224,224,Số dư phải trả người bán là bên thứ ba cuối năm 2024 của CTCP Tasco trên báo cáo hợp nhất là bao nhiêu tỷ đồng?,0,0,0,,,False,False,False,0
225,225,Số lượng cổ phiếu đang lưu hành của công ty mẹ CTCP Chứng khoán SSI đến ngày 31 tháng 12 năm 2017 là bao nhiêu cổ phiếu?,0,0,0,,,False,False,False,0
226,226,"Đến ngày 31/12/2022, số tiền thuế thu nhập doanh nghiệp phải nộp của công ty mẹ PDR là bao nhiêu tỷ đồng?",0,0,0,,,False,False,False,0
227,227,"Trong năm 2015, lợi nhuận thuần phân bổ cho cổ đông của CTCP Tập đoàn Xây dựng Hòa Bình là bao nhiêu tỷ đồng?",0,0,0,,,False,False,False,0
228,228,"Nguyên liệu, vật liệu giá gốc cuối năm 2025 của công ty mẹ VGC là bao nhiêu tỷ đồng?",0,0,0,,,False,False,False,0
229,229,Tổng giá trị đầu tư vào công ty liên kết của Tổng Công ty Sông Đà - CTCP đến ngày 31/12/2020 là bao nhiêu tỷ đồng?,0,0,0,,,False,False,False,0
230,230,Lãi tiền gửi của công ty mẹ Ngân hàng TMCP Á Châu trong năm 2015 là bao nhiêu triệu đồng?,0,0,0,,,False,False,False,0
231,231,Tổng lợi nhuận kế toán trước thuế năm 2023 của công ty mẹ CTCP Địa ốc Sài Gòn Thương Tín (SCR) là bao nhiêu tỷ đồng?,0,0,0,,,False,False,False,0
232,232,Tổng chi phí sản xuất và kinh doanh của CTCP Phát triển Bất động sản Văn Phú (VPI) năm 2021 là bao nhiêu trăm tỷ đồng?,0,0,0,,,False,False,False,0
233,233,Tổng khoản tiền thuê tối thiểu theo hợp đồng thuê hoạt động của CTCP Tập đoàn GELEX (GEX) đến ngày 31/12/2017 là bao nhiêu trăm tỷ đồng?,0,0,0,,,False,False,False,0
234,234,Giá trị cổ phiếu phổ thông đang lưu hành của Tổng Công ty Lâm nghiệp Việt Nam - CTCP (VIF) vào cuối năm 2020 là bao nhiêu trăm tỷ đồng?,0,0,0,,,False,False,False,0
235,235,Dự phòng rủi ro cho vay khách hàng của Ngân hàng TMCP Phát triển Thành phố Hồ Chí Minh (HDB) cuối năm 2018 là bao nhiêu triệu đồng?,0,0,0,,,False,False,False,0
236,236,Tổng nguồn vốn của CTCP Đầu tư Dịch vụ Hoàng Huy cuối năm 2025 là bao nhiêu nghìn tỷ đồng?,0,0,0,,,False,False,False,0
237,237,Tổng doanh thu thuần của GAS năm 2016 là bao nhiêu trăm tỷ đồng?,0,0,0,,,False,False,False,0
238,238,Số tiền đầu tư vào các công ty con của công ty mẹ HDB cuối năm 2021 là bao nhiêu triệu đồng?,0,0,0,,,False,False,False,0
239,239,Tổng nguyên giá tài sản cố định hữu hình đến ngày 31 tháng 12 năm 2024 của công ty mẹ Ngân hàng TMCP Xuất nhập khẩu Việt Nam là bao nhiêu triệu đồng?,0,0,0,,,False,False,False,0
240,240,Tổng số tiền phải thu ngắn hạn của khách hàng của Công ty CP Vincom Retail (VRE) đến ngày 31/12/2017 là bao nhiêu trăm tỷ đồng?,0,0,0,,,False,False,False,0
241,241,Số dư Nợ trung hạn của Ngân hàng TMCP Quốc tế Việt Nam đến ngày 31/12/2022 là bao nhiêu triệu đồng?,0,0,0,,,False,False,False,0
242,242,Giá trị còn lại của tài sản vô hình của công ty mẹ MBB đến ngày 31 tháng 12 năm 2021 là bao nhiêu triệu đồng?,0,0,0,,,False,False,False,0
243,243,Trả trước của các bên liên quan cuối năm 2021 của công ty mẹ CTCP Phát triển Hạ tầng Kỹ thuật (IJC) là bao nhiêu triệu đồng?,0,0,0,,,False,False,False,0
244,244,Số dư Tổng chi phí xây dựng cơ bản dở dang dài hạn của Tập đoàn VINGROUP - CTCP đến ngày 31/12/2016 là bao nhiêu trăm tỷ đồng?,0,0,0,,,False,False,False,0
245,245,Lợi nhuận gộp của công ty mẹ Tổng công ty Phân bón và Hóa chất Dầu khí - CTCP trong năm 2024 là bao nhiêu tỷ đồng?,0,0,0,,,False,False,False,0
246,246,Thu nhập lãi tiền gửi của công ty mẹ Ngân hàng TMCP Việt Nam Thịnh Vượng (VPB) trong năm 2020 là bao nhiêu triệu đồng?,0,0,0,,,False,False,False,0
247,247,Tổng số tiền trả trước cho người bán ngắn hạn của Tổng Công ty cổ phần Phát triển Khu Công nghiệp cuối năm 2020 là bao nhiêu trăm tỷ đồng?,0,0,0,,,False,False,False,0
248,248,Chi phí thuế hiện hành trong năm 2021 của Công ty Cổ phần Tập đoàn Thủy sản Minh Phú là bao nhiêu tỷ đồng?,0,0,0,,,False,False,False,0
249,249,Vốn cổ phần cuối năm 2016 của công ty mẹ HDG là bao nhiêu trăm tỷ đồng?,0,0,0,,,False,False,False,0
250,250,Giá trị mua hàng hóa từ Công ty TNHH MNS Meat Hà Nam của CTCP Hàng tiêu dùng Masan (MCH) trong năm 2020 là bao nhiêu tỷ đồng?,0,0,0,,,False,False,False,0
251,251,Tiền và tương đương tiền cuối năm 2019 của công ty mẹ PRT là bao nhiêu tỷ đồng?,0,0,0,,,False,False,False,0
252,252,Giá trị Dự án nâng cấp mở rộng Nhà máy Lọc dầu Dung Quát của công ty mẹ BSR cuối năm 2025 là bao nhiêu trăm tỷ đồng?,0,0,0,,,False,False,False,0
253,253,Tổng giá gốc các khoản đầu tư vào công ty liên kết của MBB đến ngày 31 tháng 12 năm 2016 là bao nhiêu triệu đồng?,0,0,0,,,False,False,False,0
254,254,Số dư thuế thu nhập doanh nghiệp của VNM đến ngày 31/12/2015 là bao nhiêu tỷ đồng?,0,0,0,,,False,False,False,0
255,255,Tổng tiền trả trước cho người bán ngắn hạn cuối năm 2016 của công ty mẹ CTCP - Tổng công ty Phân bón Dầu khí Cà Mau (DCM) là bao nhiêu tỷ đồng?,0,0,0,,,False,False,False,0
256,256,Lợi nhuận sau thuế hợp nhất của MCH năm 2019 là bao nhiêu trăm tỷ đồng?,0,0,0,,,False,False,False,0
257,257,Lưu chuyển tiền thuần từ hoạt động kinh doanh của VAB năm 2025 là bao nhiêu trăm tỷ đồng?,0,0,0,,,False,False,False,0
258,258,Tổng cộng tài sản của công ty mẹ Tập đoàn Công nghiệp Cao su Việt Nam - CTCP (GVR) đến ngày 31/12/2017 là bao nhiêu nghìn tỷ đồng?,0,0,0,,,False,False,False,0
259,259,Số dư các khoản cho vay các đối tác doanh nghiệp của VIC đến ngày 31 tháng 12 năm 2023 là bao nhiêu triệu đồng?,0,0,0,,,False,False,False,0
260,260,Tỷ lệ sở hữu của công ty mẹ CTCP Nông nghiệp BAF Việt Nam (BAF) tại Công ty TNHH Anh Vũ Phú Yên đến ngày 31/12/2025 là bao nhiêu phần trăm?,0,0,0,,,False,False,False,0
261,261,Tổng cộng nghĩa vụ nợ tài chính của Tập đoàn Bảo Việt (BVH) đến ngày 31 tháng 12 năm 2019 là bao nhiêu triệu đồng?,0,0,0,,,False,False,False,0
262,262,"Cuối năm 2019, tổng số tiền khách hàng trả trước ngắn hạn của Tổng Công ty Sông Đà - CTCP (SJG) là bao nhiêu nghìn tỷ đồng?",0,0,0,,,False,False,False,0
263,263,Giá trị hợp lý của tài sản tài chính loại FVTPL cuối năm 2019 của công ty mẹ SSI là bao nhiêu nghìn tỷ đồng?,0,0,0,,,False,False,False,0
264,264,Số tiền cho vay khách hàng nước ngoài của công ty mẹ SSB đến ngày 31 tháng 12 năm 2025 là bao nhiêu nghìn đồng?,0,0,0,,,False,False,False,0
265,265,Số dư Vay các tổ chức tín dụng khác của công ty mẹ Ngân hàng TMCP Phương Đông (OCB) đến ngày 31/12/2021 là bao nhiêu nghìn tỷ đồng?,0,0,0,,,False,False,False,0
266,266,Tổng thù lao Ông Nguyễn Hạnh Phúc – Chủ tịch của VNM trong năm 2023 là bao nhiêu triệu đồng?,0,0,0,,,False,False,False,0
267,267,Số dư tiền gửi có kỳ hạn bằng ngoại tệ của công ty mẹ Ngân hàng TMCP Á Châu (ACB) đến ngày 31/12/2020 là bao nhiêu triệu đồng?,0,0,0,,,False,False,False,0
268,268,Tiền chi để mua sắm tài sản cố định của CTCP Dịch vụ Bất động sản Đất Xanh năm 2021 là bao nhiêu tỷ đồng?,0,0,0,,,False,False,False,0
269,269,Số dư phải trả hoạt động bảo hiểm nhân thọ của BVH cuối năm 2016 là bao nhiêu tỷ đồng?,0,0,0,,,False,False,False,0
270,270,Số dư khoản vay 1 của CTCP Container Việt Nam đến ngày 31/12/2017 là bao nhiêu triệu đồng?,0,0,0,,,False,False,False,0
271,271,Tổng giá trị hàng tồn kho của CTCP Điện Gia Lai cuối năm 2025 là bao nhiêu tỷ đồng?,0,0,0,,,False,False,False,0
272,272,Tổng tài sản đến ngày 31/12/2020 của công ty mẹ Ngân hàng TMCP Quân đội là bao nhiêu triệu đồng?,0,0,0,,,False,False,False,0
273,273,Doanh thu kinh doanh Ure của công ty mẹ DCM năm 2016 là bao nhiêu tỷ đồng?,0,0,0,,,False,False,False,0
274,274,Thu nhập từ hoạt động kinh doanh ngoại hối của công ty mẹ Ngân hàng TMCP Sài Gòn Tài Lộc (STB) năm 2019 là bao nhiêu triệu đồng?,0,0,0,,,False,False,False,0
275,275,Tổng giá trị hợp đồng công cụ phái sinh cuối năm 2022 của KLB là bao nhiêu triệu đồng?,0,0,0,,,False,False,False,0
276,276,Số dư vay ngắn hạn của HT1 cuối năm 2020 là bao nhiêu trăm tỷ đồng?,0,0,0,,,False,False,False,0
277,277,Lợi nhuận thuần thuộc về cổ đông phổ thông trước khi trích quỹ khen thưởng và phúc lợi của CTCP Sữa Việt Nam (VNM) năm 2022 là bao nhiêu trăm tỷ đồng?,0,0,0,,,False,False,False,0
278,278,Tiền và tương đương tiền cuối năm 2023 của Tổng Công ty Lâm nghiệp Việt Nam - CTCP là bao nhiêu trăm tỷ đồng?,0,0,0,,,False,False,False,0
279,279,Số dư tiền mặt của Công ty Cổ phần Tập đoàn Hoa Sen vào ngày 30/9/2020 là bao nhiêu tỷ đồng?,0,0,0,,,False,False,False,0
280,280,Số dư cho vay tái tài trợ nghiệp vụ UPAS L/C bằng VND của HDB đến ngày 31/12/2022 là bao nhiêu triệu đồng?,0,0,0,,,False,False,False,0
281,281,"Số dư khoản ký cược, ký quỹ ngắn hạn của công ty mẹ Tổng Công ty cổ phần Vận tải Dầu khí cuối năm 2022 là bao nhiêu triệu đồng?",0,0,0,,,False,False,False,0
282,282,Tổng trả trước cho người bán ngắn hạn đến ngày 31 tháng 12 năm 2016 của công ty mẹ CTCP Tập đoàn Đầu tư Địa ốc No Va (NVL) là bao nhiêu trăm tỷ đồng?,0,0,0,,,False,False,False,0
283,283,Số dư thuế giá trị gia tăng phải nộp cuối năm 2025 của PC1 là bao nhiêu triệu đồng?,0,0,0,,,False,False,False,0
284,284,Vốn điều lệ của công ty mẹ EIB cuối năm 2023 là bao nhiêu triệu đồng?,0,0,0,,,False,False,False,0
285,285,Tổng giá gốc nợ xấu của công ty mẹ ACV tại 31/12/2025 là bao nhiêu nghìn tỷ đồng?,0,0,0,,,False,False,False,0
286,286,Lợi nhuận sau thuế chưa phân phối của Tổng Công ty Điện lực TKV - CTCP cuối năm 2015 là bao nhiêu tỷ đồng?,0,0,0,,,False,False,False,0
287,287,Lợi nhuận thuần sau thuế của công ty mẹ VIF năm 2021 là bao nhiêu tỷ đồng?,0,0,0,,,False,False,False,0
288,288,Chi phí thuế thu nhập hiện hành của công ty mẹ CTCP Đầu tư Dịch vụ Hoàng Huy (HHS) năm 2019 là bao nhiêu triệu đồng?,0,0,0,,,False,False,False,0
289,289,Tổng giá trị còn lại của bất động sản đầu tư của công ty mẹ Tổng công ty Phân bón và Hóa chất Dầu khí - CTCP cuối năm 2016 là bao nhiêu tỷ đồng?,0,0,0,,,False,False,False,0
290,290,Nguyên giá đầu tư vào công ty con của công ty mẹ AAA đến ngày 31/12/2023 là bao nhiêu trăm tỷ đồng?,0,0,0,,,False,False,False,0
291,291,Tổng lợi nhuận kế toán trước thuế của HAG năm 2023 là bao nhiêu ngàn đồng?,0,0,0,,,False,False,False,0
292,292,Công ty mẹ CRE có tổng doanh thu bán hàng và cung cấp dịch vụ trong năm 2019 là bao nhiêu nghìn tỷ đồng?,0,0,0,,,False,False,False,0
293,293,Tiền và các khoản tương đương tiền của Tổng Công ty Cảng Hàng không Việt Nam - CTCP (ACV) cuối năm 2015 là bao nhiêu trăm tỷ đồng?,0,0,0,,,False,False,False,0
294,294,"Vào cuối năm 2015, số dư Nợ gốc thuê tài chính kỳ hạn dưới 1 năm của Công ty Cổ phần Địa ốc Sài Gòn Thương Tín (SCR) là bao nhiêu triệu đồng?",0,0,0,,,False,False,False,0
295,295,Số lưu chuyển tiền thuần từ hoạt động kinh doanh của Công ty CP Tập đoàn Hoa Sen (HSG) năm 2018 là bao nhiêu trăm tỷ đồng?,0,0,0,,,False,False,False,0
296,296,Lãi trên mỗi cổ phiếu của VIB là bao nhiêu đồng/cổ phiếu trong năm 2015?,0,0,0,,,False,False,False,0
297,297,Tổng tài sản của SJG tính đến ngày 31/12/2024 là bao nhiêu trăm tỷ đồng?,0,0,0,,,False,False,False,0
298,298,Tổng chi phí trả trước ngắn hạn của công ty mẹ DPM vào cuối năm 2021 là bao nhiêu tỷ đồng?,0,0,0,,,False,False,False,0
299,299,"Tổng Công ty Lâm nghiệp Việt Nam - CTCP (mã VIF) có lãi tiền gửi, tiền cho vay bao nhiêu triệu đồng trong năm 2015?",0,0,0,,,False,False,False,0
300,300,Giá trị tài sản tài chính giao dịch tự do chuyển nhượng của CTCP Chứng khoán SSI (SSI) cuối năm 2023 là bao nhiêu nghìn tỷ đồng?,0,0,0,,,False,False,False,0
301,301,Số lượng cổ phiếu phổ thông đang lưu hành của CTCP Hàng không Vietjet (VJC) cuối năm 2021 là bao nhiêu?,0,0,0,,,False,False,False,0
302,302,Tổng vốn góp của chủ sở hữu của công ty mẹ HHV cuối năm 2023 là bao nhiêu trăm tỷ đồng?,0,0,0,,,False,False,False,0
303,303,Thu nhập từ hoạt động dịch vụ của STB trong năm 2020 là bao nhiêu triệu đồng?,0,0,0,,,False,False,False,0
304,304,Số dư lợi nhuận chưa phân phối của Tổng Công ty Viglacera - CTCP đến ngày 31/12/2016 là bao nhiêu trăm tỷ đồng?,0,0,0,,,False,False,False,0
305,305,Tổng cam kết thuê hoạt động của công ty mẹ Ngân hàng TMCP Xuất nhập khẩu Việt Nam (EIB) đến ngày 31/12/2020 là bao nhiêu triệu đồng?,0,0,0,,,False,False,False,0
306,306,Tổng số tài sản tài chính của Ngân hàng TMCP Xuất nhập khẩu Việt Nam (EIB) đến ngày 31/12/2020 là bao nhiêu triệu đồng?,0,0,0,,,False,False,False,0
307,307,Tổng chi phí xây dựng cơ bản dở dang cuối năm 2017 của VRE là bao nhiêu nghìn tỷ đồng?,0,0,0,,,False,False,False,0
308,308,Tổng cho vay dài hạn của công ty mẹ CTCP Tập đoàn Đức Long Gia Lai đến ngày 31/12/2016 là bao nhiêu tỷ đồng?,0,0,0,,,False,False,False,0
309,309,Chi phí thuế thu nhập doanh nghiệp theo thuế suất hiện hành của công ty mẹ Ngân hàng TMCP Phương Đông (OCB) năm 2020 là bao nhiêu tỷ đồng?,0,0,0,,,False,False,False,0
310,310,Doanh thu thuần của công ty mẹ CTCP Đầu tư Nam Long trong năm 2022 là bao nhiêu nghìn tỷ đồng?,0,0,0,,,False,False,False,0
311,311,Tiền thù lao của ông Lê Phước Vũ (Chủ tịch HĐQT) của công ty mẹ HSG trong năm tài chính kết thúc ngày 30/09/2024 là bao nhiêu triệu đồng?,0,0,0,,,False,False,False,0
312,312,Tổng số dư tương đương đồng ngoại tệ của VGT cuối năm 2022 là bao nhiêu trăm tỷ đồng?,0,0,0,,,False,False,False,0
313,313,"Số dư Chi phí công cụ, dụng cụ chờ phân bổ của CTCP Tập đoàn Đức Long Gia Lai (DLG) tính đến cuối năm 2021 là bao nhiêu triệu đồng?",0,0,0,,,False,False,False,0
314,314,Thu nhập Ban Tổng giám đốc của Công ty Cổ phần Tập đoàn C.E.O (CEO) trong năm 2023 là bao nhiêu tỷ đồng?,0,0,0,,,False,False,False,0
315,315,Tổng tài sản thuế thu nhập hoãn lại của công ty mẹ Tổng Công ty cổ phần Bia - Rượu - Nước giải khát Sài Gòn là bao nhiêu trăm tỷ đồng cuối năm 2023?,0,0,0,,,False,False,False,0
316,316,Tổng vốn chủ sở hữu của công ty mẹ CTCP Thép Nam Kim (NKG) đến ngày 31 tháng 12 năm 2023 là bao nhiêu trăm tỷ đồng?,0,0,0,,,False,False,False,0
317,317,Số dư cho vay khách hàng là tổ chức của Ngân hàng TMCP Nam Á đến ngày 31/12/2022 là bao nhiêu triệu đồng?,0,0,0,,,False,False,False,0
318,318,Số dư phải trả người bán ngắn hạn của CTCP Đầu tư Hạ tầng Giao thông Đèo Cả (HHV) cuối năm 2022 là bao nhiêu trăm tỷ đồng?,0,0,0,,,False,False,False,0
319,319,Giá trị ghi sổ khoản đầu tư vào Techcombank của MSN cuối năm 2016 là bao nhiêu triệu đồng?,0,0,0,,,False,False,False,0
320,320,Giá vốn dịch vụ bất động sản của công ty mẹ CTCP Địa ốc Sài Gòn Thương Tín (SCR) trong năm 2023 là bao nhiêu? (đơn vị: đồng),0,0,0,,,False,False,False,0
321,321,"Đến ngày 31/12/2018, khoản vay Ngân hàng Nhà nước của công ty mẹ Ngân hàng TMCP Phát triển Thành phố Hồ Chí Minh là bao nhiêu triệu đồng?",0,0,0,,,False,False,False,0
322,322,Số dư mua nợ bằng VND của công ty mẹ ABB đến ngày 31/12/2022 là bao nhiêu triệu đồng?,0,0,0,,,False,False,False,0
323,323,Tổng cộng các khoản phải thu của công ty mẹ Công ty cổ phần chứng khoán SSI vào cuối năm 2016 là bao nhiêu tỷ đồng?,0,0,0,,,False,False,False,0
324,324,Dự phòng các khoản cho vay ngắn hạn cuối năm 2024 của công ty mẹ CTCP Tập đoàn Xây dựng Hòa Bình là bao nhiêu tỷ đồng?,0,0,0,,,False,False,False,0
325,325,Lợi nhuận sau thuế của công ty mẹ CTCP Tập đoàn Kỹ nghệ gỗ Trường Thành cho năm 2025 là bao nhiêu triệu đồng?,0,0,0,,,False,False,False,0
326,326,Tổng số dư phải thu ngắn hạn của khách hàng của NVL cuối năm 2019 là bao nhiêu tỷ đồng?,0,0,0,,,False,False,False,0
327,327,Số tiền phải thu từ khách hàng khác của công ty mẹ CTCP Tập Đoàn PC1 (PC1) đến ngày 31/12/2021 là bao nhiêu trăm tỷ đồng?,0,0,0,,,False,False,False,0
328,328,Số dư vốn cổ phần của CTCP Bluemarq Group vào cuối năm 2024 là bao nhiêu nghìn tỷ đồng?,0,0,0,,,False,False,False,0
329,329,Lợi nhuận sau thuế năm 2024 của công ty mẹ ACB là bao nhiêu triệu đồng?,0,0,0,,,False,False,False,0
330,330,Tiền ngân hàng cho vay đối với cổ đông lớn của Ngân hàng TMCP Quân đội (MBB) cuối năm 2015 là bao nhiêu triệu đồng?,0,0,0,,,False,False,False,0
331,331,Tiền gửi của công ty mẹ Ngân hàng TMCP Đầu tư và Phát triển Việt Nam (BID) tại đại diện chủ sở hữu đến ngày 31 tháng 12 năm 2022 có giá trị bao nhiêu triệu đồng?,0,0,0,,,False,False,False,0
332,332,Lợi nhuận sau thuế thu nhập doanh nghiệp của công ty mẹ Tập đoàn Công nghiệp Cao su Việt Nam - CTCP (GVR) năm 2024 là bao nhiêu tỷ đồng?,0,0,0,,,False,False,False,0
333,333,Tỷ lệ sở hữu trên vốn thực góp Công ty Cổ phần Thủy điện Gia Lai cuối năm 2022 của CTCP Điện Gia Lai (GEG) là bao nhiêu %?,0,0,0,,,False,False,False,0
334,334,Số lượng cổ phiếu phổ thông đang lưu hành của công ty mẹ CTCP Tập đoàn F.I.T (FIT) vào cuối năm 2022 là bao nhiêu?,0,0,0,,,False,False,False,0
335,335,"Số dư cầm cố, ký cược, ký quỹ ngắn hạn của Tổng Công ty Viglacera - CTCP cuối năm 2025 là bao nhiêu tỷ đồng?",0,0,0,,,False,False,False,0
336,336,Tổng số tiền thuê tối thiểu trong tương lai của công ty mẹ HND đến ngày 31 tháng 12 năm 2025 là bao nhiêu tỷ đồng?,0,0,0,,,False,False,False,0
337,337,Số dư tiền và các khoản tương đương tiền cuối năm 2023 của công ty mẹ CTCP Nông nghiệp BAF Việt Nam là bao nhiêu tỷ đồng?,0,0,0,,,False,False,False,0
338,338,Số dư phải trả cho nhà cung cấp Tổng Công ty Dầu Việt Nam - CTCP của BSR vào cuối năm 2018 là bao nhiêu nghìn tỷ đồng?,0,0,0,,,False,False,False,0
339,339,Lợi nhuận thuần phân bổ cho cổ đông của CTCP Tập đoàn Đầu tư Địa ốc No Va (NVL) năm 2018 là bao nhiêu tỷ đồng?,0,0,0,,,False,False,False,0
340,340,Tổng giá trị hàng tồn kho của công ty mẹ PVT cuối năm 2019 là bao nhiêu tỷ đồng?,0,0,0,,,False,False,False,0
341,341,Tổng lợi nhuận trước thuế năm 2024 của công ty mẹ GVR là bao nhiêu nghìn tỷ đồng?,0,0,0,,,False,False,False,0
342,342,"Số dư tiền mặt, vàng bạc, đá quý của công ty mẹ Ngân hàng TMCP Kiên Long (KLB) đến ngày 31/12/2022 là bao nhiêu triệu đồng?",0,0,0,,,False,False,False,0
343,343,"Chi phí nguyên liệu, vật liệu của Tổng Công ty Lâm nghiệp Việt Nam - CTCP năm 2023 là bao nhiêu trăm tỷ đồng?",0,0,0,,,False,False,False,0
344,344,Giá trị trái phiếu niêm yết của công ty mẹ VPB đến ngày 31/12/2022 là bao nhiêu triệu đồng?,0,0,0,,,False,False,False,0
345,345,Giá vốn xi măng và clinker của công ty mẹ CTCP Xi Măng Vicem Hà Tiên năm 2017 là bao nhiêu nghìn tỷ đồng?,0,0,0,,,False,False,False,0
346,346,"Vào cuối năm 2020, tổng dư nợ cho vay theo ngành nghề kinh doanh của VPB là bao nhiêu triệu đồng?",0,0,0,,,False,False,False,0
347,347,"Doanh nghiệp CTCP Tập đoàn C.E.O ghi nhận lãi tiền gửi, tiền cho vay bao nhiêu tỷ đồng trong năm 2017?",0,0,0,,,False,False,False,0
348,348,Số dư trích trước chi phí gói thầu xây dựng của công ty mẹ CTCP Đầu tư Hạ tầng Giao thông Đèo Cả cuối năm 2025 là bao nhiêu tỷ đồng?,0,0,0,,,False,False,False,0
349,349,Số dư vay ngắn hạn của Công ty CP Tập đoàn Kỹ nghệ gỗ Trường Thành cuối năm 2020 là bao nhiêu tỷ đồng?,0,0,0,,,False,False,False,0
350,350,Giá trị thuần của hàng tồn kho của công ty mẹ CTCP Tập đoàn Hoa Sen đến ngày 30/09/2017 là bao nhiêu nghìn tỷ đồng?,0,0,0,,,False,False,False,0
351,351,Số dư chi phí chờ phân bổ của công ty mẹ Ngân hàng TMCP Sài Gòn - Hà Nội đến ngày 31/12/2016 là bao nhiêu triệu đồng?,0,0,0,,,False,False,False,0
352,352,Chi phí thuế TNDN hiện hành của NLG trong năm 2019 là bao nhiêu tỷ đồng?,0,0,0,,,False,False,False,0
353,353,Số dư tạm ứng cho nông dân của CTCP Tập đoàn Thủy sản Minh Phú là bao nhiêu triệu đồng cuối năm 2019?,0,0,0,,,False,False,False,0
354,354,Số dư khoản vay ngắn hạn từ ngân hàng của công ty mẹ CTCP Nhựa An Phát Xanh (AAA) cuối năm 2021 là bao nhiêu trăm tỷ đồng?,0,0,0,,,False,False,False,0
355,355,Tỷ lệ lợi ích kinh tế tại Công ty TNHH Thực phẩm 3F Việt của CTCP Tập đoàn Masan cuối năm 2022 là bao nhiêu phần trăm?,0,0,0,,,False,False,False,0
356,356,Số dư dự phòng rủi ro cho vay khách hàng của công ty mẹ Ngân hàng TMCP Công Thương Việt Nam đến ngày 31 tháng 12 năm 2019 là bao nhiêu triệu đồng?,0,0,0,,,False,False,False,0
357,357,Vốn góp của chủ sở hữu của công ty mẹ PVT đến ngày 31/12/2017 là bao nhiêu nghìn tỷ đồng?,0,0,0,,,False,False,False,0
358,358,Chi phí thuế TNDN hiện hành của Tổng Công ty Lâm nghiệp Việt Nam - CTCP năm 2021 là bao nhiêu tỷ đồng?,0,0,0,,,False,False,False,0
359,359,Lãi thuần từ hoạt động mua bán chứng khoán của Ngân hàng TMCP Quốc tế Việt Nam trong năm 2024 là bao nhiêu triệu đồng?,0,0,0,,,False,False,False,0
360,360,Tổng vốn góp đến ngày 31/12/2025 của công ty mẹ CTCP Phát triển Hạ tầng Kỹ thuật là bao nhiêu nghìn tỷ đồng?,0,0,0,,,False,False,False,0
361,361,Lưu chuyển tiền thuần từ hoạt động kinh doanh của công ty mẹ CTCP Địa ốc Sài Gòn Thương Tín (SCR) trong năm 2020 là bao nhiêu trăm tỷ đồng?,0,0,0,,,False,False,False,0
362,362,"Xét nhóm cổ phiếu CEO, HPX, KBC, SNZ, VIC, VPI và VRE trong năm 2022: Tỷ trọng tổng nợ ngắn hạn của các mã có hệ số hàng tồn kho/nợ ngắn hạn trên mức trung vị là bao nhiêu phần trăm?",0,0,0,,,False,False,False,0
363,363,"Trong giai đoạn 2016-2020, vào năm KBC có tỷ số D/E cao nhất, hệ số khả năng thanh toán lãi vay là bao nhiêu lần?",0,0,0,,,False,False,False,0
364,364,"Xét các doanh nghiệp hóa chất (GVR, DPM, DCM, PRT) có CFO dương trong cả hai năm 2020 và 2021, công ty đạt tăng trưởng doanh thu thuần cao nhất có tỷ số dồn tích năm 2021 là bao nhiêu phần trăm?",0,0,0,,,False,False,False,0
365,365,"Trong giai đoạn 2016-2021, biên lợi nhuận gộp của năm ngay sau năm đầu tiên Công ty Phát triển Đô thị Kinh Bắc ghi nhận CFO âm là bao nhiêu phần trăm?",0,0,0,,,False,False,False,0
366,366,"Năm 2024, có bao nhiêu doanh nghiệp trong nhóm mã cổ phiếu HPX, NVL, SCR, VIC và VRE đồng thời ghi nhận vốn lưu động ròng âm và lưu chuyển tiền thuần từ hoạt động kinh doanh dương?",0,0,0,,,False,False,False,0
367,367,"Trong nhóm MSN, MCH, DBC, ASM và OGC, các công ty duy trì dòng tiền hoạt động dương ở cả năm 2024 và 2025 nhưng doanh thu thuần năm 2025 giảm so với 2024 có chênh lệch bình quân giữa biên lợi nhuận gộp và biên lợi nhuận ròng năm 2025 là bao nhiêu điểm phần trăm?",0,0,0,,,False,False,False,0
368,368,"Năm 2022, trong nhóm HPG, HSG, MSR và NKG, các công ty có hệ số thanh toán nhanh thấp hơn trung vị của nhóm có biên lợi nhuận ròng bình quân là bao nhiêu phần trăm?",0,0,0,,,False,False,False,0
369,369,"Trong nhóm HPG, HSG, MSR và NKG, xét các công ty có hệ số thanh toán nhanh năm 2022 thấp hơn trung vị của nhóm. Công ty có mức thay đổi biên lợi nhuận gộp cao nhất từ năm 2022 sang năm 2023 có hệ số khả năng thanh toán lãi vay năm 2023 là bao nhiêu lần?",0,0,0,,,False,False,False,0
370,370,"Trong nhóm GEE, GEX và SAM, xét các công ty duy trì lưu chuyển tiền thuần từ hoạt động kinh doanh dương trong cả ba năm 2022–2024. Công ty có CAGR doanh thu thuần cao nhất giai đoạn 2022–2024 đạt biên lợi nhuận ròng năm 2024 là bao nhiêu phần trăm?",0,0,0,,,False,False,False,0
371,371,"Năm 2024, trong nhóm BSR, PLX và PVT, công ty có biên lợi nhuận gộp cao nhất trong số các công ty có lưu chuyển tiền thuần từ hoạt động kinh doanh dương có hệ số khả năng thanh toán lãi vay là bao nhiêu lần?",0,0,0,,,False,False,False,0
372,372,Công ty Vincom Retail có hệ số dòng tiền hoạt động trên nợ ngắn hạn vào năm sau năm có hệ số thanh toán nhanh thấp nhất trong giai đoạn 2021-2024 là bao nhiêu lần?,0,0,0,,,False,False,False,0
373,373,"Trong nhóm HPG, HSG, MSR và NKG, xét các công ty có số ngày tồn kho năm 2022 cao hơn trung vị của nhóm. Công ty có mức giảm số ngày tồn kho lớn nhất trong giai đoạn 2022-2024 đạt biên lợi nhuận gộp năm 2024 là bao nhiêu phần trăm?",0,0,0,,,False,False,False,0
374,374,"Trong nhóm HPG, HSG, MSR và NKG, xét các công ty có số ngày tồn kho năm 2022 cao hơn trung vị của nhóm. Mức thay đổi biên lợi nhuận gộp của từng công ty từ năm 2022 đến năm 2024 đạt bình quân bao nhiêu điểm phần trăm?",0,0,0,,,False,False,False,0
375,375,"Năm 2021, đối với nhóm DCM, DPM, GVR, PRT, chênh lệch về hệ số khả năng thanh toán lãi vay bình quân giữa phân nhóm có tỷ số D/E cao hơn trung vị và phân nhóm còn lại là bao nhiêu lần?",0,0,0,,,False,False,False,0
376,376,"Năm 2024, đối với các doanh nghiệp ngành Bất động sản (bao gồm các công ty HPX, KBC, NVL, SCR, VIC, VPI, VRE) có tỉ số thanh toán hiện hành lớn hơn 1.5, tỉ trọng hàng tồn kho trên tổng tài sản của doanh nghiệp có tỉ số thanh toán nhanh thấp nhất là bao nhiêu phần trăm?",0,0,0,,,False,False,False,0
377,377,"Năm 2024, trong số các doanh nghiệp ngành thực phẩm (bao gồm các công ty ASM, DBC, MPC, MSN, OGC, QNS) ghi nhận tăng trưởng doanh thu thuần dương so với năm 2023, tỷ số CFO trên doanh thu thuần của doanh nghiệp có mức thay đổi biên lợi nhuận gộp thấp nhất là bao nhiêu phần trăm?",0,0,0,,,False,False,False,0
378,378,"Trong giai đoạn 2018–2024 của HPG, xét các năm có biên lợi nhuận gộp thấp hơn trung vị của cả giai đoạn, ROE tại năm có tỷ số dòng tiền hoạt động trên doanh thu thuần cao nhất là bao nhiêu phần trăm?",0,0,0,,,False,False,False,0
379,379,"Năm 2025, trong nhóm doanh nghiệp ngành Thực phẩm gồm ASM, DBC, MCH, MSN, OGC, VNM, xét phân nhóm có tốc độ tăng trưởng doanh thu thuần cao hơn trung vị của cả nhóm; hệ số khả năng thanh toán lãi vay của doanh nghiệp có biên lợi nhuận gộp cao nhất trong phân nhóm lọc này là bao nhiêu lần?",0,0,0,,,False,False,False,0
380,380,"Năm 2024, trong 5 doanh nghiệp có doanh thu thuần lớn nhất ngành quản lý và phát triển bất động sản (bao gồm các công ty DIG, HPX, KBC, NVL, SCR, VIC, VPI, VRE), có bao nhiêu doanh nghiệp đồng thời có hệ số thanh toán nhanh trên 1 lần và hệ số nợ phải trả trên vốn chủ sở hữu dưới 1,5 lần?",0,0,0,,,False,False,False,0
381,381,"Trong giai đoạn 2017-2023, tại năm HPG có tỷ lệ CFO trên LNST thấp nhất, hàng tồn kho cuối năm chiếm bao nhiêu phần trăm tổng tài sản cuối năm đó?",0,0,0,,,False,False,False,0
382,382,"Hệ số dòng tiền hoạt động trên nợ ngắn hạn năm 2023 của doanh nghiệp có mức giảm biên lợi nhuận gộp từ năm 2022 sang 2023 lớn hơn, trong 2 doanh nghiệp Đạm Phú Mỹ và Đạm Cà Mau, là bao nhiêu lần?",0,0,0,,,False,False,False,0
383,383,"Trong giai đoạn 2021-2024 của MWG, có bao nhiêu năm sau năm đầu tiên vừa cải thiện biên lợi nhuận gộp so với năm trước, vừa có CFO margin cao hơn trung vị CFO margin của cả giai đoạn?",0,0,0,,,False,False,False,0
384,384,"Trong nhóm Hoà Phát, Hoa Sen và Nam Kim, doanh nghiệp có mức tăng tỷ trọng hàng tồn kho trên tổng tài sản lớn nhất từ đầu năm đến cuối năm 2024 có biên lợi nhuận gộp năm 2024 là bao nhiêu phần trăm?",0,0,0,,,False,False,False,0
385,385,"Trong các doanh nghiệp ngành Thực phẩm (bao gồm các công ty DBC, MPC, MSN, OGC, QNS) có LNST dương và CFO dương liên tục trong hai năm 2023-2024, tốc độ tăng trưởng doanh thu thuần bình quân năm 2024 là bao nhiêu phần trăm?",0,0,0,,,False,False,False,0
386,386,"Trong giai đoạn 2020-2024, ở năm Công ty Cổ phần Tập đoàn Masan (MSN) có tỷ lệ dòng tiền thuần từ hoạt động kinh doanh (CFO) trên lợi nhuận sau thuế thấp nhất trong các năm lợi nhuận sau thuế dương, hệ số thanh toán nhanh cuối năm đó là bao nhiêu lần?",0,0,0,,,False,False,False,0
387,387,"Trong giai đoạn 2021-2024, ở năm mà Hòa Phát có tỷ lệ lưu chuyển tiền thuần từ hoạt động kinh doanh trên lợi nhuận sau thuế thấp nhất (chỉ tính các năm có lợi nhuận sau thuế lớn hơn 0), hệ số khả năng thanh toán lãi vay của năm đó là bao nhiêu lần?",0,0,0,,,False,False,False,0
388,388,"Trong nhóm doanh nghiệp bất động sản NVL, KBC, DIG, IJC, CEO và CRE trong năm 2024, biên lợi nhuận gộp bình quân của các doanh nghiệp có CFO margin âm là bao nhiêu phần trăm?",0,0,0,,,False,False,False,0
389,389,"Năm 2024, trong các doanh nghiệp bất động sản phát triển dự án gồm các mã NVL, VIC, VPI, SCR, KBC, HPX và VRE có hệ số nợ phải trả trên tổng tài sản cao hơn trung vị nhóm, hệ số thanh toán nhanh của doanh nghiệp có hệ số dòng tiền hoạt động trên nợ ngắn hạn cao nhất là bao nhiêu lần?",0,0,0,,,False,False,False,0
390,390,"Năm 2024, giá trị hàng tồn kho của doanh nghiệp có hệ số thanh toán nhanh thấp nhất trong 3 doanh nghiệp Hoà Phát, Hoa Sen, Nam Kim là bao nhiêu nghìn tỷ đồng?",0,0,0,,,False,False,False,0
391,391,"Trong nhóm VNM, MCH, QNS và OGC, chỉ xét các doanh nghiệp có doanh thu thuần năm 2024 tăng so với 2023; biên lợi nhuận ròng năm 2024 của doanh nghiệp có tỷ lệ SG&A cao nhất là bao nhiêu phần trăm?",0,0,0,,,False,False,False,0
392,392,"Trong nhóm MCH, QNS và OGC năm 2024, hệ số thanh toán nhanh của doanh nghiệp có tỷ lệ CFO trên lợi nhuận sau thuế cao nhất là bao nhiêu lần?",0,0,0,,,False,False,False,0
393,393,"Trong nhóm HPG, HSG và NKG, xét các doanh nghiệp có doanh thu thuần năm 2024 tăng so với năm 2023; mức thay đổi biên lợi nhuận gộp của doanh nghiệp có tốc độ tăng doanh thu thuần cao nhất là bao nhiêu điểm phần trăm?",0,0,0,,,False,False,False,0
394,394,"Trong các doanh nghiệp ngành quản lý và phát triển bất động sản (bao gồm các công ty HPX, KBC, NVL, SCR, VIC, VPI, VRE) năm 2024 có lợi nhuận sau thuế dương, giá trị lưu chuyển tiền thuần từ hoạt động kinh doanh năm 2024 của doanh nghiệp có lợi nhuận sau thuế lớn nhất là bao nhiêu nghìn tỷ đồng?",0,0,0,,,False,False,False,0
395,395,"Trong giai đoạn từ năm 2022 đến năm 2025, vào năm mà doanh thu thuần của Đô thị Kinh Bắc bị sụt giảm sâu nhất so với năm trước đó, tỷ suất dòng tiền thuần từ hoạt động kinh doanh trên doanh thu thuần của năm đó là bao nhiêu phần trăm?",0,0,0,,,False,False,False,0
396,396,"Trong các doanh nghiệp ngành sản xuất thực phẩm (bao gồm các công ty ASM, DBC, MSN, OGC) có lưu chuyển tiền thuần từ hoạt động kinh doanh và lợi nhuận sau thuế năm 2024 đều dương, hệ số thanh toán nhanh tại ngày 31/12/2024 của doanh nghiệp có tỷ lệ dòng tiền kinh doanh trên lợi nhuận sau thuế lớn nhất là bao nhiêu lần?",0,0,0,,,False,False,False,0
397,397,"Trong các doanh nghiệp ngành quản lý và phát triển bất động sản (bao gồm các công ty DIG, HPX, KBC, NVL, SCR, VIC, VPI, VRE) năm 2024 có hệ số thanh toán hiện hành lớn hơn 1,5, doanh nghiệp có hệ số thanh toán nhanh thấp nhất ghi nhận giá trị hàng tồn kho là bao nhiêu nghìn tỷ đồng? Quy ước hệ số thanh toán nhanh = (Tài sản ngắn hạn - Hàng tồn kho) / Nợ ngắn hạn.",0,0,0,,,False,False,False,0
398,398,"Năm 2024, trong nhóm doanh nghiệp hạ tầng giao thông gồm các mã ACV, HHV và VSC, vòng quay tổng tài sản (tính theo tổng tài sản bình quân) của doanh nghiệp có tỷ trọng tài sản dài hạn trên tổng tài sản cao nhất là bao nhiêu vòng?",0,0,0,,,False,False,False,0
399,399,"Từ năm 2023 sang 2024, có bao nhiêu doanh nghiệp ngành thực phẩm (bao gồm các công ty ASM, DBC, MPC, MSN, OGC, QNS, VNM) có tốc độ tăng của tổng chi phí bán hàng và chi phí quản lý doanh nghiệp cao hơn tốc độ tăng doanh thu thuần?",0,0,0,,,False,False,False,0
400,400,"Trong các báo cáo hợp nhất của HPG giai đoạn 2020-2024, ở năm có tốc độ tăng doanh thu thuần so với năm liền trước cao nhất trong các năm tăng trưởng dương, tỷ lệ lưu chuyển tiền thuần từ hoạt động kinh doanh trên doanh thu thuần của năm đó là bao nhiêu phần trăm?",0,0,0,,,False,False,False,0
401,401,"Trong các doanh nghiệp ngành thực phẩm (bao gồm các công ty DBC, MPC, MSN, OGC, QNS) có lợi nhuận sau thuế dương và tỷ lệ CFO trên lợi nhuận sau thuế lớn hơn 0,5 trong cả hai năm 2023 và 2024, doanh nghiệp có tốc độ tăng trưởng doanh thu thuần năm 2024 (so với năm 2023) cao nhất có biên lợi nhuận gộp năm 2024 là bao nhiêu phần trăm?",0,0,0,,,False,False,False,0
402,402,"Từ 2023 sang 2024, trong các doanh nghiệp ngành quản lý và phát triển bất động sản (bao gồm các công ty HPX, KBC, NVL, VIC, VPI, VRE), có bao nhiêu doanh nghiệp đồng thời tăng tỷ trọng hàng tồn kho trên tổng tài sản và giảm biên lợi nhuận gộp?",0,0,0,,,False,False,False,0
403,403,"Trong các doanh nghiệp ngành quản lý và phát triển bất động sản (bao gồm các công ty DIG, HPX, KBC, NVL, SCR, VIC, VPI, VRE) trong năm 2024 có hệ số thanh toán hiện hành lớn hơn 1, hệ số dòng tiền hoạt động trên nợ ngắn hạn của doanh nghiệp có hệ số thanh toán nhanh thấp nhất là bao nhiêu lần?",0,0,0,,,False,False,False,0
404,404,"Năm 2024, trong các doanh nghiệp ngành hóa chất (bao gồm các công ty DCM, DPM, GVR), nhóm có hệ số nợ phải trả trên vốn chủ sở hữu cao hơn trung vị của nhóm chiếm bao nhiêu phần trăm tổng chi phí lãi vay của cả nhóm?",0,0,0,,,False,False,False,0
405,405,"Trong giai đoạn 2022-2024 của VIC, xét các năm doanh thu thuần tăng so với năm liền trước, ROE của năm có vòng quay tổng tài sản theo tài sản bình quân cao nhất là bao nhiêu phần trăm?",0,0,0,,,False,False,False,0
406,406,"Trong năm 2024, các doanh nghiệp ngành thực phẩm (bao gồm các công ty DBC, MSN, OGC) có lợi nhuận sau thuế dương và hệ số chuyển đổi lợi nhuận (CFO/LNST) lớn hơn 1 đạt tốc độ tăng trưởng tài sản dài hạn bình quân là bao nhiêu phần trăm so với năm 2023?",0,0,0,,,False,False,False,0
407,407,"Xét Công ty Cổ phần Đầu tư Thế Giới Di Động, trong các năm thuộc giai đoạn 2021–2023 có lợi nhuận sau thuế dương, hãy xác định năm có hệ số chuyển đổi lợi nhuận (CFO/LNST) thấp nhất; từ đó cho biết hệ số thanh toán hiện hành tại thời điểm cuối năm kế tiếp là bao nhiêu lần?",0,0,0,,,False,False,False,0
408,408,"Xét các doanh nghiệp thuộc nhóm VNM, DBC, BAF và có tăng trưởng doanh thu thuần năm 2024 so với năm 2023 trên 5%; biên lợi nhuận gộp bình quân năm 2024 của các doanh nghiệp thỏa điều kiện là bao nhiêu phần trăm?",0,0,0,,,False,False,False,0
409,409,"Xét các công ty bất động sản gồm VIC, KBC, NLG, DXG và DIG, lấy trung vị tỷ trọng hàng tồn kho trên tổng tài sản cuối năm 2024 làm ngưỡng; biên lợi nhuận ròng bình quân năm 2024 của các doanh nghiệp có tỷ trọng cao hơn ngưỡng đó là bao nhiêu phần trăm?",0,0,0,,,False,False,False,0
410,410,"Xét năm 2024, trong nhóm HPG, HSG và NKG, ROE cao nhất của các công ty có hệ số nợ phải trả trên vốn chủ sở hữu thấp hơn trung vị của nhóm là bao nhiêu phần trăm? ROE được tính bằng lợi nhuận sau thuế chia cho vốn chủ sở hữu bình quân đầu và cuối kỳ.",0,0,0,,,False,False,False,0
411,411,"Căn cứ vào báo cáo tài chính hợp nhất năm 2025 của các doanh nghiệp bất động sản thuộc nhóm HPX, KBC, NVL, PDR và SCR, có bao nhiêu doanh nghiệp đồng thời ghi nhận tăng trưởng doanh thu thuần so với năm 2024 và có hệ số biên dòng tiền từ hoạt động kinh doanh (CFO Margin) âm trong năm 2025?",0,0,0,,,False,False,False,0
412,412,"Trong số các công ty Masan, Đại Dương và Vinamilk có lợi nhuận sau thuế dương, doanh nghiệp có biên lợi nhuận ròng cao nhất ghi nhận tỷ lệ lưu chuyển tiền thuần từ hoạt động kinh doanh trên lợi nhuận sau thuế là bao nhiêu lần?",0,0,0,,,False,False,False,0
413,413,"Năm 2024, trong số 5 doanh nghiệp có doanh thu thuần hợp nhất lớn nhất thuộc nhóm MSN, Vinamilk, MCH, Minh Phú, Dabaco, Sao Mai, Đường Quảng Ngãi và Đại Dương, có bao nhiêu doanh nghiệp vừa có hệ số thanh toán nhanh lớn hơn 1 lần, vừa có hệ số nợ phải trả trên vốn chủ sở hữu nhỏ hơn 1 lần?",0,0,0,,,False,False,False,0
414,414,"Trong nhóm Hoà Phát, Hoa Sen và Nam Kim, năm 2024, xét các doanh nghiệp có doanh thu thuần tăng trên 3% so với kỳ so sánh và lợi nhuận thuần từ hoạt động kinh doanh dương ở cả hai kỳ; biên lợi nhuận hoạt động năm 2024 của doanh nghiệp có đòn bẩy kinh doanh cao nhất là bao nhiêu phần trăm?",0,0,0,,,False,False,False,0
415,415,"Tại năm mà Hoà Phát đạt doanh thu thuần cao nhất trong giai đoạn 2020-2024, hệ số thanh toán hiện hành cuối năm là bao nhiêu lần?",0,0,0,,,False,False,False,0
416,416,"Trong các công ty thuộc ngành Dầu khí (Bình Sơn, PLX, PVT) năm 2024, tỷ số thanh toán nhanh của doanh nghiệp có hệ số dòng tiền hoạt động trên nợ ngắn hạn thấp nhất là bao nhiêu lần? Biết tỷ số thanh toán nhanh được tính bằng (tài sản ngắn hạn - hàng tồn kho) / (nợ ngắn hạn).",0,0,0,,,False,False,False,0
417,417,"Vào năm 2024, xét phân khúc doanh nghiệp ngành thực phẩm gồm Masan, Dabaco, Sao Mai, Thủy sản Minh Phú và Đại Dương, hệ số D/E cuối năm 2024 của công ty có hiệu số giữa CFO Margin và biên lợi nhuận ròng lớn nhất là bao nhiêu lần?",0,0,0,,,False,False,False,0
418,418,"Trong năm 2024, xét các DN trong nhóm VIC-NVL-VRE-KBC-SCR-VPI, hệ số ROA của doanh nghiệp có tỷ lệ chi phí bán hàng và quản lý doanh nghiệp trên doanh thu thuần  cao nhất chênh lệch bao nhiêu điểm phần trăm so với doanh nghiệp có tỷ lệ này thấp nhất?",0,0,0,,,False,False,False,0
419,419,"Trong các doanh nghiệp ngành Dầu khí (Bình Sơn, Tập đoàn Xăng dầu - PLX, PVTrans) có tỉ lệ thanh toán lãi vay thực tế trên 2 lần năm 2024, nếu chi phí lãi vay tăng 20% và các khoản khác giữ nguyên, biên lợi nhuận trước thuế thấp nhất theo kịch bản là bao nhiêu phần trăm?",0,0,0,,,False,False,False,0
420,420,"Trong các doanh nghiệp thuộc nhóm VNM-MSN-DBC-ASM-MPC-OGC và có vốn lưu động ròng âm cuối năm 2024, ROA của doanh nghiệp có hệ số nợ phải trả trên tổng tài sản thấp nhất là bao nhiêu phần trăm?",0,0,0,,,False,False,False,0
421,421,"Từ năm 2023 sang 2024, ROA của doanh nghiệp có mức giảm biên lợi nhuận ròng mạnh nhất trong ngành Quản lý và phát triển bất động sản (Tập đoàn Vingroup, Vincom Retail, Đô thị Kinh Bắc, Văn Phú Invest, Đầu tư Hải Phát) đã thay đổi bao nhiêu điểm phần trăm?",0,0,0,,,False,False,False,0
422,422,"Trong các doanh nghiệp hợp nhất ngành Nguyên vật liệu (Dầu Khí Cà Mau, DPM, GVR, Hoà Phát, Vicem Hà Tiên) năm 2024 có tăng trưởng doanh thu thuần cao hơn trung vị ngành, hệ số CFO trên LNST của doanh nghiệp có chênh lệch dương giữa LNST và CFO lớn nhất là bao nhiêu lần, làm tròn 2 chữ số thập phân?",0,0,0,,,False,False,False,0
423,423,"Xét năm 2024 và các doanh nghiệp thuộc nhóm GEX, HBC, PC1, SAM, VGC có tỉ số thanh toán nhanh (tài sản ngắn hạn trừ hàng tồn kho) trên nợ ngắn hạn thấp hơn trung vị ngành, nếu EBIT proxy bằng LNTT cộng chi phí lãi vay giảm 15% và chi phí lãi vay giữ nguyên, hệ số khả năng thanh toán lãi vay thấp nhất theo kịch bản là bao nhiêu lần, làm tròn 2 chữ số thập phân?",0,0,0,,,False,False,False,0
424,424,"Năm 2024, trong nhóm DCM, GVR, và HT1, doanh nghiệp có số ngày tồn kho vượt trung vị ngành nhiều nhất có thể giải phóng ước tính bao nhiêu tỷ đồng nếu giảm số ngày tồn kho (DOH) về đúng trung vị, giả định COGS (giá vốn hàng bán) giữ nguyên?",0,0,0,,,False,False,False,0
425,425,"Trong giai đoạn 2021–2024, giả sử Tập đoàn FPT phát hành thêm 10% số cổ phiếu đang lưu hành ngay từ đầu năm có tỷ suất lợi nhuận sau thuế trên vốn chủ sở hữu bình quân cao nhất và lợi nhuận giữ nguyên, mức pha loãng EPS cơ bản theo kịch bản là bao nhiêu nghìn đồng/cổ phiếu?",0,0,0,,,False,False,False,0
426,426,"Trong giai đoạn 2021-2024, khi rà soát chất lượng lợi nhuận hợp nhất của FPT, ở năm có tỷ lệ dòng tiền hoạt động (CFO) trên LNST thấp nhất và LNST dương, phần LNST chưa chuyển hóa thành CFO là bao nhiêu nghìn tỷ đồng?",0,0,0,,,False,False,False,0
427,427,"Vào năm 2016 tại Tập đoàn FPT, với các đồng tiền có công nợ tiền tệ cuối năm lớn hơn tài sản tiền tệ cuối năm, tổng mức giảm lợi nhuận trước thuế theo bảng độ nhạy nếu VND biến động bất lợi 5% là bao nhiêu tỷ đồng?",0,0,0,,,False,False,False,0
428,428,"Tại ngân hàng ACB, nếu VND giảm 5% so với từng đồng ngoại tệ và chỉ xét trạng thái tiền tệ nội, ngoại bảng đã công bố, đồng tiền gây bất lợi lớn nhất sẽ làm giảm LNTT theo kịch bản tương đương bao nhiêu phần trăm LNTT năm 2024?",0,0,0,,,False,False,False,0
429,429,"Năm 2024, khi rà soát hiệu suất tài sản cố định của các doanh nghiệp thực phẩm (Tập đoàn Sao Mai; Tập đoàn DABACO; Masan; Tập đoàn Đại Dương; Vinamilk), trong nhóm có vòng quay tài sản cố định thấp hơn trung vị ngành, doanh nghiệp có bình quân tài sản cố định thuần lớn nhất đang tạo doanh thu bằng bao nhiêu lần bình quân tài sản cố định thuần?",0,0,0,,,False,False,False,0
430,430,"Trong các doanh nghiệp bất động sản (DIG,IJC,KBC,NVL,SCR,VIC,VPI,VRE) có doanh thu và biên lợi nhuận hoạt động cùng sụt giảm năm 2024, doanh nghiệp có SG&A intensity tăng mạnh nhất có biên lợi nhuận hoạt động giảm bao nhiêu điểm phần trăm?",0,0,0,,,False,False,False,0
431,431,"Trong ngành BĐS (gồm các công ty hpx,kbc,nvl,vic,vpi,vre), xét các doanh nghiệp có biên lợi nhuận gộp năm 2024 giảm trên 2 điểm phần trăm so với năm 2023, tỷ số ROE năm 2024 của doanh nghiệp có vòng quay tổng tài sản tăng nhiều nhất là bao nhiêu phần trăm?",0,0,0,,,False,False,False,0
432,432,"Năm 2023, trong nhóm các doanh nghiệp gồm ASM, DBC, MML, MPC, MSN, OGC, QNS, SAB, VNM, VSF có vòng quay tài sản cố định dưới trung vị nhóm, mức tăng doanh thu thuần lớn nhất cần thiết để vòng quay tài sản cố định đạt trung vị, giả định tài sản cố định thuần bình quân giữ nguyên, là bao nhiêu phần trăm?",0,0,0,,,False,False,False,0
433,433,"Trong năm 2023, xét tập hợp CRE, HPX, KBC, KHG, NVL, SNZ, SSH, VIC, VPI và VRE. Trong nhóm có hệ số nợ phải trả trên tổng tài sản cao hơn trung vị của tập hợp, tổng nợ phải trả của các doanh nghiệp có giá trị tài sản ròng chịu áp lực thanh lý âm (sau khi giảm 30% giá trị phải thu ngắn hạn và dài hạn, giảm 50% giá trị hàng tồn kho, giữ nguyên các tài sản và nợ phải trả khác) chiếm bao nhiêu phần trăm tổng nợ phải trả của chính nhóm sau lọc này?",0,0,0,,,False,False,False,0
434,434,"Trong năm 2023, xét các doanh nghiệp bất động sản gồm các mã DIG, HPX, SNZ, SSH và VRE có hệ số khả năng thanh toán lãi vay trên 2 lần, chi phí lãi vay của doanh nghiệp có biên an toàn thấp nhất có thể tăng tối đa bao nhiêu phần trăm trước khi hệ số này giảm về đúng 2,0 lần?",0,0,0,,,False,False,False,0
435,435,"Trong năm 2023, nếu doanh thu thuần của mỗi doanh nghiệp gồm CRE, Tổng Công ty Cổ phần Đầu tư Phát triển Xây dựng, Hải Phát Đầu tư, KHG, SNZ, Công ty Cổ phần Phát triển Sunshine Homes và VRE đồng loạt giảm 10%, có bao nhiêu đơn vị có hệ số khả năng thanh toán lãi vay rơi xuống dưới 1,5 lần theo kịch bản, nếu giả sử biên lợi nhuận gộp, chi phí ngoài giá vốn và chi phí lãi vay không đổi?",0,0,0,,,False,False,False,0
436,436,"Trong năm 2023, xét nhóm doanh nghiệp gồm Điện lực Gelex, Tập đoàn Gelex, Đầu tư Hạ tầng Giao thông Đèo Cả, SAM Holdings, Tổng Công ty Sông Đà và Viglacera có biên lợi nhuận hoạt động dương; giả định sản lượng và các chi phí ngoài giá vốn không đổi, nếu giá vốn tăng 5%, mức tăng giá bán lớn nhất cần thiết để giữ nguyên biên lợi nhuận hoạt động là bao nhiêu phần trăm?",0,0,0,,,False,False,False,0
437,437,"Năm 2024, xét 7 doanh nghiệp có mã cổ phiếu VIC, NVL, VRE, KBC, SCR, VPI và HPX. Các doanh nghiệp có tỷ lệ nợ phải trả trên tổng tài sản thấp hơn mức trung vị của 7 doanh nghiệp này đóng góp bao nhiêu phần trăm vào tổng lợi nhuận sau thuế của các doanh nghiệp có lãi?",0,0,0,,,False,False,False,0
438,438,"Trong các doanh nghiệp có mã cổ phiếu VIC, NVL, VRE, KBC, VPI và HPX, xét những doanh nghiệp có lợi nhuận sau thuế dương và tỷ lệ dòng tiền thuần từ hoạt động kinh doanh (CFO) trên lợi nhuận sau thuế lớn hơn 1 ở cả hai năm. Tốc độ tăng trưởng doanh thu thuần năm 2024 so với năm 2023, tính bình quân cho các doanh nghiệp này, là bao nhiêu phần trăm?",0,0,0,,,False,False,False,0
439,439,"Trong giai đoạn 2018–2024 của HPG, xét các năm có biên lợi nhuận gộp thấp hơn mức trung vị của cả giai đoạn. Trong số các năm này, ROE của năm có tỷ lệ dòng tiền thuần từ hoạt động kinh doanh (CFO) trên doanh thu thuần cao nhất là bao nhiêu phần trăm?",0,0,0,,,False,False,False,0
440,440,"Trong giai đoạn 2021–2024 của DIG, năm mà có tỷ lệ nợ phải trả trên vốn chủ sở hữu cao nhất, lợi nhuận trước lãi vay và thuế trong năm đó gấp bao nhiêu lần chi phí lãi vay?",0,0,0,,,False,False,False,0
441,441,"Xét 4 doanh nghiệp có mã cổ phiếu HPG, HSG, MSR và NKG. Trong nhóm doanh nghiệp có tỷ lệ nợ phải trả trên vốn chủ sở hữu năm 2024 thấp hơn mức trung vị của 4 doanh nghiệp, doanh nghiệp có tốc độ tăng doanh thu thuần từ năm 2024 đến năm 2025 cao nhất có lợi nhuận gộp năm 2025 bằng bao nhiêu phần trăm doanh thu thuần năm 2025?",0,0,0,,,False,False,False,0
442,442,"Xét các doanh nghiệp có mã cổ phiếu CEO, DIG, HPX, KBC, NVL, SCR, VIC, VPI và VRE, trong nhóm có tỷ lệ nợ phải trả chia cho vốn chủ sở hữu năm 2024 thấp hơn mức trung vị của cả 9 doanh nghiệp, lợi nhuận gộp năm 2025 chiếm bao nhiêu phần trăm doanh thu thuần năm 2025 của doanh nghiệp có tốc độ tăng doanh thu thuần từ năm 2024 đến năm 2025 cao nhất?",0,0,0,,,False,False,False,0
443,443,"Xét các doanh nghiệp có mã cổ phiếu ASM, DBC, MCH, MSN, OGC và VNM, trong nhóm có tỷ lệ nợ phải trả chia cho vốn chủ sở hữu năm 2024 thấp hơn mức trung vị của cả 6 doanh nghiệp, lợi nhuận gộp năm 2025 chiếm bao nhiêu phần trăm doanh thu thuần năm 2025 của doanh nghiệp có tốc độ tăng doanh thu thuần từ năm 2024 đến năm 2025 cao nhất?",0,0,0,,,False,False,False,0
444,444,"Xét các doanh nghiệp có mã cổ phiếu ASM, DBC, MCH, MPC, MSN, OGC và QNS trong năm 2024, trong nhóm có tỷ lệ tổng chi phí bán hàng và chi phí quản lý doanh nghiệp trên doanh thu thuần cao hơn mức trung vị của cả 7 doanh nghiệp, tài sản ngắn hạn gấp bao nhiêu lần nợ ngắn hạn của doanh nghiệp có tỷ lệ dòng tiền thuần từ hoạt động kinh doanh trên nợ ngắn hạn thấp nhất?",0,0,0,,,False,False,False,0
445,445,"Xét các doanh nghiệp có mã cổ phiếu DIG, KBC, NVL, SCR, VIC, VPI và VRE trong năm 2024, trong nhóm có tỷ lệ tổng chi phí bán hàng và chi phí quản lý doanh nghiệp trên doanh thu thuần cao hơn mức trung vị của cả 7 doanh nghiệp, tài sản ngắn hạn gấp bao nhiêu lần nợ ngắn hạn của doanh nghiệp có tỷ lệ dòng tiền thuần từ hoạt động kinh doanh trên nợ ngắn hạn thấp nhất?",0,0,0,,,False,False,False,0
446,446,"Năm 2024, xét các doanh nghiệp có mã cổ phiếu DBC, MCH, MSN, OGC, QNS và VNM đều có lợi nhuận sau thuế dương, tổng lợi nhuận sau thuế của các doanh nghiệp có tỷ lệ nợ phải trả chia cho vốn chủ sở hữu thấp hơn mức trung vị của cả 6 doanh nghiệp chiếm bao nhiêu phần trăm tổng lợi nhuận sau thuế của cả 6 doanh nghiệp?",0,0,0,,,False,False,False,0
447,447,"Năm 2025, xét các doanh nghiệp có mã cổ phiếu ASM, DBC, MCH, MSN, OGC và VNM, trong nhóm có tốc độ tăng doanh thu thuần từ năm 2024 đến năm 2025 cao hơn mức trung vị của cả 6 doanh nghiệp, tổng lợi nhuận trước thuế và chi phí lãi vay gấp bao nhiêu lần chi phí lãi vay của doanh nghiệp có tỷ lệ lợi nhuận gộp trên doanh thu thuần cao nhất?",0,0,0,,,False,False,False,0
448,448,"Năm 2025, xét các doanh nghiệp có mã cổ phiếu BSR, PLX, PVT và GAS, trong nhóm có tỷ lệ tăng doanh thu thuần từ năm 2024 đến năm 2025 cao hơn mức trung vị của cả 4 doanh nghiệp, tổng lợi nhuận trước thuế và chi phí lãi vay gấp bao nhiêu lần chi phí lãi vay của doanh nghiệp có tỷ lệ lợi nhuận gộp trên doanh thu thuần cao nhất?",0,0,0,,,False,False,False,0
449,449,"Trong giai đoạn 2021–2025 của MSN, xét các năm có tỷ lệ lưu chuyển tiền thuần từ hoạt động kinh doanh trên doanh thu thuần cao hơn mức trung vị của cả giai đoạn, tại năm có tốc độ tăng doanh thu thuần so với năm trước cao nhất trong nhóm này, lợi nhuận sau thuế chiếm bao nhiêu phần trăm vốn chủ sở hữu bình quân của năm đó và năm liền trước?",0,0,0,,,False,False,False,0
450,450,"Trong giai đoạn 2021–2024 của HPG, xét các năm mà chênh lệch giữa lợi nhuận sau thuế và lưu chuyển tiền thuần từ hoạt động kinh doanh chia cho tổng tài sản bình quân của năm đó và năm liền trước thấp hơn mức trung vị của cả giai đoạn, tại năm có tốc độ tăng doanh thu thuần so với năm trước thấp nhất trong nhóm này, lợi nhuận gộp chiếm bao nhiêu phần trăm doanh thu thuần?",0,0,0,,,False,False,False,0
451,451,"Xét các doanh nghiệp có mã cổ phiếu HPG, HSG, MSR và NKG, trong nhóm có giá trị hàng tồn kho bình quân năm 2021 và 2022 chia cho giá vốn hàng bán năm 2022 rồi nhân 365 cao hơn mức trung vị của cả 4 doanh nghiệp, mức thay đổi bình quân từ năm 2022 đến năm 2024 của tỷ lệ lợi nhuận gộp trên doanh thu thuần là bao nhiêu điểm phần trăm?",0,0,0,,,False,False,False,0
452,452,"Năm 2024, xét các doanh nghiệp có mã cổ phiếu ACV, DLG, HHV và VSC, trong nhóm có tỷ lệ tài sản ngắn hạn chia cho nợ ngắn hạn thấp hơn mức trung vị của cả 4 doanh nghiệp, tỷ lệ lợi nhuận gộp trên doanh thu thuần bình quân là bao nhiêu phần trăm?",0,0,0,,,False,False,False,0
453,453,"Năm 2022, xét các doanh nghiệp có mã cổ phiếu HPG, HSG, MSR và NKG, trong nhóm có tỷ lệ tài sản ngắn hạn trừ hàng tồn kho rồi chia cho nợ ngắn hạn thấp hơn mức trung vị của cả 4 doanh nghiệp, tỷ lệ lợi nhuận sau thuế trên doanh thu thuần bình quân là bao nhiêu phần trăm?",0,0,0,,,False,False,False,0
454,454,"Xét các doanh nghiệp có mã cổ phiếu HPG, HSG, MSR và NKG, trong nhóm có tỷ lệ tài sản ngắn hạn trừ hàng tồn kho rồi chia cho nợ ngắn hạn năm 2022 thấp hơn mức trung vị của cả 4 doanh nghiệp, tại doanh nghiệp có mức tăng của tỷ lệ lợi nhuận gộp trên doanh thu thuần từ năm 2022 đến năm 2023 cao nhất, tổng lợi nhuận trước thuế và chi phí lãi vay năm 2023 gấp bao nhiêu lần chi phí lãi vay năm 2023?",0,0,0,,,False,False,False,0
455,455,"Xét các doanh nghiệp có mã cổ phiếu HPG, HSG, MSR và NKG, trong nhóm có giá trị hàng tồn kho bình quân năm 2021 và 2022 chia cho giá vốn hàng bán năm 2022 rồi nhân 365 cao hơn mức trung vị của cả 4 doanh nghiệp, tại doanh nghiệp có mức giảm lớn nhất của giá trị này từ năm 2022 đến năm 2024, lợi nhuận gộp năm 2024 chiếm bao nhiêu phần trăm doanh thu thuần năm 2024?",0,0,0,,,False,False,False,0
456,456,"Trong giai đoạn 2016–2021 của KBC, tại năm liền sau năm đầu tiên doanh nghiệp có lưu chuyển tiền thuần từ hoạt động kinh doanh âm, lợi nhuận gộp chiếm bao nhiêu phần trăm doanh thu thuần?",0,0,0,,,False,False,False,0
457,457,"Năm 2024, trong các doanh nghiệp có mã cổ phiếu HPX, NVL, SCR, VIC và VRE, có bao nhiêu doanh nghiệp vừa có tài sản ngắn hạn thấp hơn nợ ngắn hạn vừa có lưu chuyển tiền thuần từ hoạt động kinh doanh dương?",0,0,0,,,False,False,False,0
458,458,"Năm 2022, trong các doanh nghiệp có mã cổ phiếu CEO, HPX, KBC, SNZ, VIC, VPI và VRE, tổng nợ ngắn hạn của các doanh nghiệp có tỷ lệ hàng tồn kho chia cho nợ ngắn hạn cao hơn mức trung vị của cả 7 doanh nghiệp chiếm bao nhiêu phần trăm tổng nợ ngắn hạn của cả nhóm?",0,0,0,,,False,False,False,0
459,459,"Trong giai đoạn 2016–2020 của KBC, tại năm có tỷ lệ nợ phải trả chia cho vốn chủ sở hữu cao nhất, tổng lợi nhuận trước thuế và chi phí lãi vay gấp bao nhiêu lần chi phí lãi vay?",0,0,0,,,False,False,False,0
460,460,"Năm 2016, trong các doanh nghiệp có mã cổ phiếu DIG, KBC, NVL, SCR và VRE, tổng chi phí lãi vay của nhóm có tỷ lệ nợ phải trả chia cho vốn chủ sở hữu cao hơn mức trung vị của cả 5 doanh nghiệp gấp bao nhiêu lần tổng chi phí lãi vay của nhóm có tỷ lệ này bằng hoặc thấp hơn mức trung vị?",0,0,0,,,False,False,False,0
461,461,"Năm 2017, trong các doanh nghiệp có mã cổ phiếu BSR, PLX và PVT, tại doanh nghiệp có giá trị lưu chuyển tiền thuần từ hoạt động kinh doanh trừ lợi nhuận sau thuế rồi chia cho doanh thu thuần cao nhất, nợ phải trả gấp bao nhiêu lần vốn chủ sở hữu?",0,0,0,,,False,False,False,0
462,462,"Năm 2020, trong các doanh nghiệp có mã cổ phiếu DLG, HHV và VSC, xét những doanh nghiệp có tài sản ngắn hạn thấp hơn nợ ngắn hạn, tại doanh nghiệp có tỷ lệ nợ phải trả chia cho tổng tài sản thấp nhất, lợi nhuận sau thuế năm 2020 bằng bao nhiêu phần trăm tổng tài sản bình quân cuối năm 2019 và cuối năm 2020?",0,0,0,,,False,False,False,0
463,463,"Trong giai đoạn 2021–2022, trong các doanh nghiệp có mã cổ phiếu BSR, PLX và PVT, có bao nhiêu doanh nghiệp có tốc độ tăng của tổng chi phí bán hàng và chi phí quản lý doanh nghiệp cao hơn tốc độ tăng doanh thu thuần?",0,0,0,,,False,False,False,0
464,464,"Trong các công ty có hàng tồn kho năm 2016 giảm ít nhất 10% so với năm 2015, tỷ lệ CFO/doanh thu thuần năm 2016 cao nhất là bao nhiêu phần trăm?",0,0,0,,,False,False,False,0
465,465,"Năm 2019, trong nhóm BSR, PLX và PVT, công ty có hệ số nợ phải trả trên vốn chủ sở hữu cao nhất có hệ số khả năng thanh toán lãi vay là bao nhiêu lần?",0,0,0,,,False,False,False,0
466,466,"Năm 2022, trong 10 mã cổ phiếu ASM, DBC, MCH, MML, MPC, MSN, OGC, QNS, VNM và VSF, các doanh nghiệp có tỷ lệ nợ phải trả trên vốn chủ sở hữu thấp hơn trung vị và có lợi nhuận sau thuế dương đóng góp bao nhiêu phần trăm vào tổng lợi nhuận sau thuế dương của toàn bộ nhóm?",0,0,0,,,False,False,False,0
467,467,"Năm 2016, trong 8 mã cổ phiếu CEO, DIG, IJC, KBC, NVL, SCR, VIC và VRE, 3 doanh nghiệp có tỷ lệ lợi nhuận gộp trên doanh thu thuần cao nhất nắm giữ bao nhiêu phần trăm tổng tiền và các khoản tương đương tiền của cả nhóm?",0,0,0,,,False,False,False,0
468,468,"Trong ba mã cổ phiếu DLG, HHV và VSC, với các công ty có lợi nhuận sau thuế dương năm 2020, bình quân của tỷ lệ chênh lệch giữa lợi nhuận sau thuế và lưu chuyển tiền thuần từ hoạt động kinh doanh năm 2020 trên tổng tài sản bình quân năm 2019 và 2020 là bao nhiêu %?",0,0,0,,,False,False,False,0
469,469,"Năm 2017, trong bốn mã cổ phiếu AAA, DCM, GVR và PRT, với các công ty có tỷ lệ tài sản ngắn hạn trên nợ ngắn hạn từ 1 lần trở lên, bình quân tỷ lệ hàng tồn kho trên nợ ngắn hạn là bao nhiêu lần?",0,0,0,,,False,False,False,0
470,470,"Năm 2017, trong bốn mã cổ phiếu AAA, DCM, GVR và PRT, với các công ty có tỷ lệ tài sản ngắn hạn trên nợ ngắn hạn từ 1 lần trở lên, bình quân tỷ lệ phần chênh lệch giữa tài sản ngắn hạn và hàng tồn kho trên nợ ngắn hạn là bao nhiêu lần?",0,0,0,,,False,False,False,0
471,471,"Năm 2016, trong bốn mã cổ phiếu AAA, DCM, DPM và GVR, tổng doanh thu thuần của các công ty có tỷ lệ lợi nhuận sau thuế trên doanh thu thuần lớn hơn 10% là bao nhiêu nghìn tỷ đồng?",0,0,0,,,False,False,False,0
472,472,"Trong năm mã cổ phiếu AAA, DCM, DPM, GVR và PRT, xét các công ty có lưu chuyển tiền thuần từ hoạt động kinh doanh dương trong cả ba năm 2020, 2021 và 2022, tỷ lệ lợi nhuận sau thuế trên doanh thu thuần cao nhất năm 2022 là bao nhiêu %?",0,0,0,,,False,False,False,0
473,473,"Trong bốn mã cổ phiếu HPG, HSG, MSR và NKG, tổng doanh thu thuần năm 2022 của các công ty có tỷ lệ lợi nhuận sau thuế trên doanh thu thuần dương trong cả ba năm 2020, 2021 và 2022 là bao nhiêu nghìn tỷ đồng?",0,0,0,,,False,False,False,0
474,474,"Trong giai đoạn 2016–2018 của CTCP Tập đoàn Sao Mai (ASM), trong các năm có tỷ lệ lợi nhuận sau thuế trên doanh thu thuần lớn hơn 10%, doanh thu thuần thấp nhất là bao nhiêu tỷ đồng?",0,0,0,,,False,False,False,0
475,475,"Trong bốn mã cổ phiếu HPG, HSG, MSR và NKG, doanh nghiệp có mức tăng lớn nhất từ năm 2021 đến 2022 của tỷ lệ 365 lần hàng tồn kho bình quân đầu kỳ và cuối kỳ trên giá vốn hàng bán có tỷ lệ lợi nhuận gộp trên doanh thu thuần thay đổi bao nhiêu điểm phần trăm trong cùng giai đoạn?",0,0,0,,,False,False,False,0
476,476,"Từ năm 2021 đến 2022, trong ba mã cổ phiếu BSR, PLX và PVT, doanh nghiệp có tỷ lệ tăng doanh thu thuần cao nhất có tổng chi phí bán hàng và chi phí quản lý doanh nghiệp tăng bao nhiêu %?",0,0,0,,,False,False,False,0
477,477,"Năm 2017, trong ba mã cổ phiếu BSR, PLX và PVT, doanh nghiệp có tỷ lệ lưu chuyển tiền thuần từ hoạt động kinh doanh trên lợi nhuận thuần từ hoạt động kinh doanh thấp nhất có tỷ lệ lợi nhuận sau thuế trên doanh thu thuần là bao nhiêu %?",0,0,0,,,False,False,False,0
478,478,"Trong bốn mã cổ phiếu HPG, HSG, MSR và NKG, tổng doanh thu thuần năm 2023 của các công ty có tỷ lệ lợi nhuận sau thuế trên doanh thu thuần dương trong cả ba năm 2021, 2022 và 2023 là bao nhiêu nghìn tỷ đồng?",0,0,0,,,False,False,False,0
479,479,"Trong bốn mã cổ phiếu HPG, HSG, MSR và NKG, doanh nghiệp có mức tăng lớn nhất từ năm 2022 đến 2023 của tỷ lệ 365 lần hàng tồn kho bình quân đầu kỳ và cuối kỳ trên giá vốn hàng bán có tỷ lệ lợi nhuận gộp trên doanh thu thuần thay đổi bao nhiêu điểm phần trăm trong cùng giai đoạn?",0,0,0,,,False,False,False,0
480,480,"Từ năm 2019 đến 2020, trong ba mã cổ phiếu DCM, DPM và PRT, với các công ty có doanh thu thuần tăng, bình quân mức thay đổi của tỷ lệ lợi nhuận gộp trên doanh thu thuần là bao nhiêu điểm phần trăm?",0,0,0,,,False,False,False,0
481,481,"Trong giai đoạn 2022–2024 của CTCP Tập đoàn C.E.O, trong các năm có tỷ lệ lợi nhuận sau thuế trên doanh thu thuần lớn hơn 10%, doanh thu thuần thấp nhất là bao nhiêu tỷ đồng?",0,0,0,,,False,False,False,0
482,482,"Từ năm 2021 đến 2022, trong bốn mã cổ phiếu DCM, DPM, GVR và PRT, với các công ty có doanh thu thuần tăng, bình quân mức thay đổi của tỷ lệ lợi nhuận gộp trên doanh thu thuần là bao nhiêu điểm phần trăm?",0,0,0,,,False,False,False,0
483,483,"Trong ba mã cổ phiếu DCM, DPM và PRT, với các công ty có lưu chuyển tiền thuần từ hoạt động kinh doanh dương trong cả năm 2019 và 2020, bình quân tỷ lệ tăng trưởng doanh thu thuần từ năm 2019 đến 2020 là bao nhiêu %?",0,0,0,,,False,False,False,0
484,484,"Trong bốn mã cổ phiếu DCM, DPM, GVR và PRT, với các công ty có lưu chuyển tiền thuần từ hoạt động kinh doanh dương trong cả năm 2020 và 2021, bình quân tỷ lệ tăng trưởng doanh thu thuần từ năm 2020 đến 2021 là bao nhiêu %?",0,0,0,,,False,False,False,0
485,485,"Trong giai đoạn 2020–2022 của CTCP – Tổng công ty Phân bón Dầu khí Cà Mau, trong các năm có tỷ lệ lợi nhuận sau thuế trên doanh thu thuần lớn hơn 10%, tại năm có doanh thu thuần thấp nhất, tỷ lệ lưu chuyển tiền thuần từ hoạt động kinh doanh trên nợ ngắn hạn là bao nhiêu lần?",0,0,0,,,False,False,False,0
486,486,"Năm 2020, trong số các công ty DLG, HHV và VSC có tỷ lệ tài sản ngắn hạn trên nợ ngắn hạn thấp hơn 1 lần, tỷ lệ bình quân của lưu chuyển tiền thuần từ hoạt động kinh doanh trên nợ ngắn hạn là bao nhiêu lần?",0,0,0,,,False,False,False,0
487,487,"Trong các công ty DLG, HHV và VSC có lợi nhuận sau thuế dương năm 2020, bình quân tỷ lệ giữa chênh lệch lợi nhuận sau thuế và lưu chuyển tiền thuần từ hoạt động kinh doanh với trung bình tổng tài sản cuối năm 2019 và 2020 là bao nhiêu %?",0,0,0,,,False,False,False,0
488,488,"Năm 2016, trong số các công ty AAA, DCM, DPM và GVR có tỷ lệ lợi nhuận sau thuế trên doanh thu thuần lớn hơn 10%, tổng doanh thu thuần của các công ty đó là bao nhiêu nghìn tỷ đồng?",0,0,0,,,False,False,False,0
489,489,"Trong nhóm AAA, DCM, DPM, GVR và PRT có lưu chuyển tiền thuần từ hoạt động kinh doanh dương trong cả ba năm 2020–2022, tỷ lệ lợi nhuận sau thuế trên doanh thu thuần cao nhất năm 2022 là bao nhiêu %?",0,0,0,,,False,False,False,0
490,490,"Trong nhóm HPG, HSG, MSR và NKG có tỷ lệ lợi nhuận sau thuế trên doanh thu thuần dương trong cả ba năm 2020–2022, tổng doanh thu thuần năm 2022 của các công ty đó là bao nhiêu nghìn tỷ đồng?",0,0,0,,,False,False,False,0
491,491,"Từ năm 2021 đến 2022, trong nhóm BSR, PLX và PVT, tại doanh nghiệp có tỷ lệ phần trăm tăng doanh thu thuần so với năm trước cao nhất, tỷ lệ phần trăm tăng của tổng chi phí bán hàng và chi phí quản lý doanh nghiệp là bao nhiêu %?",0,0,0,,,False,False,False,0
492,492,"Năm 2017, trong nhóm BSR, PLX và PVT có lợi nhuận thuần từ hoạt động kinh doanh dương, tại công ty có tỷ lệ lưu chuyển tiền thuần từ hoạt động kinh doanh trên lợi nhuận thuần từ hoạt động kinh doanh thấp nhất, tỷ lệ lợi nhuận sau thuế trên doanh thu thuần là bao nhiêu %?",0,0,0,,,False,False,False,0
493,493,"Trong nhóm HPG, HSG, MSR và NKG, tổng doanh thu thuần năm 2023 của các công ty có tỷ lệ lợi nhuận sau thuế trên doanh thu thuần dương trong cả ba năm 2021–2023 là bao nhiêu nghìn tỷ đồng?",0,0,0,,,False,False,False,0
494,494,"Năm 2019, trong nhóm BSR, PLX và PVT có lợi nhuận thuần từ hoạt động kinh doanh dương, tại công ty có tỷ lệ lưu chuyển tiền thuần từ hoạt động kinh doanh trên lợi nhuận thuần từ hoạt động kinh doanh thấp nhất, tỷ lệ lợi nhuận sau thuế trên doanh thu thuần là bao nhiêu %?",0,0,0,,,False,False,False,0
495,495,"Trong các năm 2018, 2020, 2021 và 2022, tổng tiền thuê tối thiểu phải trả theo các hợp đồng thuê hoạt động không được hủy ngang của Tập đoàn Dệt May Việt Nam là bao nhiêu tỷ đồng tại năm có số dư cuối năm của các khoản phải thu ngắn hạn khác từ các bên liên quan lớn nhất?",0,0,0,,,False,False,False,0
496,496,"Trong các năm 2017, 2018, 2020 và 2022, tỷ lệ giá trị thuần hàng tồn kho cuối năm trên tổng nợ vay cuối năm của CTCP Đầu tư Thế giới Di động trong năm có chi phí khấu hao và hao mòn cao nhất là bao nhiêu %?",0,0,0,,,False,False,False,0
497,497,"Năm 2017, trong số Tập đoàn VINGROUP, CTCP Tập đoàn Đất Xanh, CTCP Địa ốc Sài Gòn Thương Tín và CTCP Tập đoàn C.E.O, tỷ lệ giữa giá vốn hàng bán tổng cộng và giá gốc hàng tồn kho cuối năm của doanh nghiệp có chi phí thuế thu nhập doanh nghiệp hiện hành lớn nhất là bao nhiêu lần?",0,0,0,,,False,False,False,0
498,498,"Trong các năm 2018, 2020 và 2022, tiền gửi của cá nhân tại ngày 31/12 của năm có tổng chi phí hoạt động vượt 10.000 tỷ đồng của Ngân hàng TMCP Á Châu (ACB) - công ty mẹ là bao nhiêu triệu đồng?",0,0,0,,,False,False,False,0
499,499,"Trong các năm 2018, 2019, 2022, 2023 và 2024, tại năm có giá trị vay ngắn hạn cuối năm lớn nhất của CTCP Chứng khoán FPT, mức thay đổi của tiền và các khoản tương đương tiền từ đầu năm đến cuối năm, tính bằng chênh lệch giữa giá trị cuối năm và đầu năm chia cho giá trị đầu năm, là bao nhiêu %?",0,0,0,,,False,False,False,0
500,500,"Trong các năm 2018, 2020, 2021 và 2022, số dư vay ngân hàng tại ngày 31/12 của CTCP Vàng bạc Đá quý Phú Nhuận trong năm có mức tăng chi phí xây dựng cơ bản dở dang lớn nhất là bao nhiêu tỷ đồng?",0,0,0,,,False,False,False,0
501,501,"Trong các năm 2015, 2020, 2021 và 2023, năm nào có tổng giá gốc nợ phải thu quá hạn của công ty mẹ CTCP Đường Quảng Ngãi (QNS) lớn nhất trong số các năm mà giá gốc khoản đầu tư của QNS vào Công ty TNHH MTV Thương mại Thành Phát đạt mức cao nhất?",0,0,0,,,False,False,False,0
502,502,"Trong các năm 2015, 2016, 2018, 2019, 2020 và 2021, số dư lãi dự thu cuối năm của công ty mẹ Tập đoàn Xăng Dầu Việt Nam tại năm có số dư tài khoản tiền gửi Quỹ bình ổn giá xăng dầu tại ngân hàng lớn nhất là bao nhiêu tỷ đồng?",0,0,0,,,False,False,False,0
503,503,"Trong các năm 2015, 2017, 2019, 2021, 2022 và 2023, giá trị mua hàng hóa và dịch vụ từ Công ty TNHH Coats Phong Phú của Tập đoàn Dệt May Việt Nam trong năm có vốn chủ sở hữu cuối năm cao nhất là bao nhiêu tỷ đồng?",0,0,0,,,False,False,False,0
504,504,"Trong các năm 2022, 2024 và 2025 của CTCP Tập đoàn Sao Mai (ASM), tỷ lệ giữa lưu chuyển tiền thuần từ hoạt động kinh doanh và doanh thu của năm có số dư vay ngắn hạn cuối năm cao nhất là bao nhiêu %?",0,0,0,,,False,False,False,0
505,505,"Trong các năm 2017, 2018, 2019, 2022 và 2024, số dư vay ngắn hạn phải trả các bên liên quan cuối năm của công ty mẹ CTCP Phát triển Hạ tầng Kỹ thuật (IJC) tại năm có số dư vay ngắn hạn ngân hàng cuối năm cao nhất là bao nhiêu tỷ đồng?",0,0,0,,,False,False,False,0
506,506,"Trong năm 2024, trong số CTCP Phát triển Hạ tầng Kỹ thuật, CTCP Tập đoàn Đất Xanh, CTCP Tập đoàn Đầu tư Địa ốc No Va, CTCP Đầu tư Nam Long và Tổng Công ty Phát triển Đô thị Kinh Bắc, doanh thu thuần về bán hàng và cung cấp dịch vụ của công ty có giá trị còn lại của tài sản cố định hữu hình cuối năm lớn nhất là bao nhiêu nghìn tỷ đồng?",0,0,0,,,False,False,False,0
507,507,"Trong các năm 2015, 2016, 2017, 2021 và 2024, tỷ lệ giữa chi phí lãi vay và lợi nhuận trước thuế của công ty mẹ Tổng Công ty cổ phần Đầu tư Phát triển Xây dựng tại năm có số dư trả trước cho người bán ngắn hạn cuối năm cao nhất là bao nhiêu %?",0,0,0,,,False,False,False,0
508,508,"Trong năm 2021, trong số công ty mẹ Ngân hàng TMCP Phương Đông, Ngân hàng TMCP Á Châu và Ngân hàng TMCP Sài Gòn Thương Tín, lãi thuần từ hoạt động khác của ngân hàng có chi phí chờ phân bổ cuối năm cao nhất là bao nhiêu triệu đồng?",0,0,0,,,False,False,False,0
509,509,"Trong các năm 2015, 2016, 2017 và 2019 của Tổng Công ty Khí Việt Nam - CTCP, giá trị bán hàng với Tổng Công ty Điện lực Dầu khí Việt Nam trong năm có số dư thuế và các khoản khác phải nộp Nhà nước cuối năm lớn nhất là bao nhiêu nghìn tỷ đồng?",0,0,0,,,False,False,False,0
510,510,"Trong năm 2024, trong số Ngân hàng TMCP Bắc Á, Ngân hàng TMCP Đông Nam Á, Ngân hàng TMCP Nam Á và Ngân hàng TMCP Quốc tế Việt Nam, tỷ lệ giữa số dư cho vay các tổ chức tín dụng khác bằng VND và tổng tiền gửi không kỳ hạn cùng tiền gửi có kỳ hạn của các tổ chức tín dụng khác bằng VND tại ngân hàng có chi phí cho nhân viên cao nhất là bao nhiêu %?",0,0,0,,,False,False,False,0
511,511,"Trong năm 2018, trong số DPM, HT1 và HPG, tỷ lệ giữa lợi nhuận thuần sau thuế hợp nhất và vốn chủ sở hữu cuối năm của công ty có lãi cơ bản trên cổ phiếu cao nhất là bao nhiêu %?",0,0,0,,,False,False,False,0
512,512,"Trong các năm 2015, 2018, 2019, 2021, 2022 và 2023, số dư vay dài hạn tại ngày 30/9 của CTCP Tập đoàn Hoa Sen (HSG) trong năm có tổng vốn chủ sở hữu cao nhất là bao nhiêu tỷ đồng?",0,0,0,,,False,False,False,0
513,513,"Trong các năm 2015, 2016, 2017, 2020 và 2021, giá gốc nguyên liệu, vật liệu cuối năm của CTCP Đầu tư Dịch vụ Hoàng Huy tại năm có tổng giá gốc hàng tồn kho cuối năm cao nhất là bao nhiêu tỷ đồng?",0,0,0,,,False,False,False,0
514,514,"Trong các năm 2015, 2016, 2017, 2018 và 2019, số dư khách hàng mua căn hộ trả tiền trước cuối năm của công ty mẹ CTCP Tập đoàn Hà Đô tại năm có lưu chuyển tiền thuần từ hoạt động tài chính thấp nhất là bao nhiêu tỷ đồng?",0,0,0,,,False,False,False,0
515,515,"Trong các năm 2020, 2024 và 2025, số dư vật liệu và công cụ cuối năm của Ngân hàng TMCP Việt Á (VAB) tại năm có tổng nợ phải trả cuối năm cao nhất là bao nhiêu tỷ đồng?",0,0,0,,,False,False,False,0
516,516,"Trong các năm 2015, 2019 và 2022, tỷ lệ thay đổi của tổng giá trị ghi nhận công cụ phái sinh cuối năm so với cuối năm trước của công ty mẹ Ngân hàng TMCP Á Châu tại năm có số dư Quỹ khen thưởng, phúc lợi cuối năm cao nhất là bao nhiêu %?",0,0,0,,,False,False,False,0
517,517,"Trong năm 2017, trong số Tổng Công ty cổ phần Vận tải Dầu khí, CTCP - Tổng Công ty Lọc hóa dầu Việt Nam và Tập đoàn Xăng Dầu Việt Nam, tỷ lệ thay đổi của doanh thu thuần năm 2017 so với năm 2016 của công ty có số dư thuế thu nhập doanh nghiệp cuối năm 2017 lớn nhất là bao nhiêu %?",0,0,0,,,False,False,False,0
518,518,"Trong số Ngân hàng TMCP Công Thương Việt Nam, Ngân hàng TMCP Nam Á, Ngân hàng TMCP An Bình và Ngân hàng TMCP Kiên Long, thu nhập lãi thuần năm 2023 của ngân hàng có thu nhập từ hoạt động khác thấp nhất là bao nhiêu triệu đồng?",0,0,0,,,False,False,False,0
519,519,"Trong các năm 2015, 2018, 2022 và 2024, lãi tiền gửi và cho vay chiếm bao nhiêu % doanh thu hoạt động tài chính của công ty mẹ CTCP Tập đoàn Hòa Phát trong năm có giá trị “Phân bổ chi phí sửa chữa văn phòng, công cụ và dụng cụ và các chi phí trả trước dài hạn khác” lớn nhất?",0,0,0,,,False,False,False,0
520,520,"Trong số CTCP Hàng tiêu dùng Masan, CTCP Masan MeatLife, CTCP Sữa Việt Nam và CTCP Tập đoàn Sao Mai, tổng doanh thu của bộ phận – thuần hợp nhất năm 2022 của doanh nghiệp có giá trị ghi sổ Vay ngắn hạn lớn nhất vào cuối năm 2022 là bao nhiêu nghìn tỷ đồng?",0,0,0,,,False,False,False,0
521,521,"Trong các năm 2021, 2023 và 2025, chi phí lãi vay của CTCP Tập đoàn Hà Đô trong năm có tổng số dư tiền và các khoản tương đương tiền cuối năm lớn nhất là bao nhiêu tỷ đồng?",0,0,0,,,False,False,False,0
522,522,"Trong các năm 2017, 2018, 2023 và 2025, ảnh hưởng đến lợi nhuận trước thuế của danh mục cổ phiếu niêm yết của Tập đoàn Bảo Việt trong kịch bản giá thị trường giảm 10% ở năm có Nợ khó đòi đã xử lý lớn nhất là bao nhiêu triệu đồng?",0,0,0,,,False,False,False,0
523,523,"Trong các năm 2019, 2022, 2023, 2024 và 2025, tiền mặt cuối năm của công ty mẹ CTCP - Tổng công ty Phân bón Dầu khí Cà Mau tại năm có số dư cuối năm của lãi dự thu tiền gửi có kỳ hạn cao nhất là bao nhiêu tỷ đồng?",0,0,0,,,False,False,False,0
524,524,"Trong các năm 2017, 2018, 2021 và 2022, số dư cuối năm quỹ khen thưởng và phúc lợi của Ngân hàng TMCP Phương Đông tại năm có giá trị cho vay các tổ chức kinh tế và cá nhân trong nước lớn nhất là bao nhiêu tỷ đồng?",0,0,0,,,False,False,False,0
525,525,"Trong các năm 2017, 2019 và 2022, tổng số dư dự phòng rủi ro cho vay khách hàng cuối năm của Ngân hàng TMCP Phương Đông, công ty mẹ, tại năm có số thuế thu nhập doanh nghiệp phải nộp trong năm cao nhất là bao nhiêu nghìn tỷ đồng?",0,0,0,,,False,False,False,0
526,526,"Trong các năm 2023, 2024 và 2025, chi phí khác của CTCP Đầu tư Thế giới Di động trong năm có Lãi cơ bản và suy giảm trên mỗi cổ phiếu lớn nhất là bao nhiêu tỷ đồng?",0,0,0,,,False,False,False,0
527,527,"Trong các năm 2016, 2020, 2021 và 2023, lợi nhuận trước thuế bằng bao nhiêu % doanh thu cung cấp dịch vụ của công ty mẹ Tổng Công ty Cảng Hàng không Việt Nam - CTCP trong năm có khoản phải thu khác về cổ tức, lợi nhuận được chia lớn nhất?",0,0,0,,,False,False,False,0
528,528,"Trong các năm 2020, 2022 và 2023, lợi nhuận thuần từ hoạt động kinh doanh trước chi phí dự phòng rủi ro tín dụng bằng bao nhiêu % tổng tài sản của Ngân hàng TMCP An Bình, công ty mẹ, trong năm có số trích lập/(hoàn nhập) dự phòng chứng khoán đầu tư sẵn sàng để bán lớn nhất?",0,0,0,,,False,False,False,0
529,529,"Trong các năm 2017, 2020, 2023 và 2024, tổng phải trả người bán ngắn hạn cuối năm của CTCP Đường Quảng Ngãi trong năm có tổng chi phí bán hàng lớn nhất là bao nhiêu tỷ đồng?",0,0,0,,,False,False,False,0
530,530,"Số dư nợ đủ tiêu chuẩn của Ngân hàng TMCP Nam Á tại cuối năm có số dư cuối kỳ chi phí xây dựng cơ bản dở dang cao nhất trong các năm 2021, 2022, 2023, 2024 và 2025 là bao nhiêu nghìn tỷ đồng?",0,0,0,,,False,False,False,0
531,531,"Chi phí vận chuyển và chi phí dịch vụ mua ngoài của CTCP Tập đoàn Thủy sản Minh Phú trong năm có số dư cuối năm xây dựng cơ bản dở dang cao nhất trong các năm 2016, 2018, 2020, 2022 và 2023 là bao nhiêu tỷ đồng?",0,0,0,,,False,False,False,0
532,532,"Trong các công ty Tổng Công ty Cổ phần Bia – Rượu – Nước giải khát Sài Gòn, CTCP Tập đoàn Thủy sản Minh Phú, CTCP Tập đoàn Masan, CTCP Hàng tiêu dùng Masan và CTCP Hoàng Anh Gia Lai, công ty có số lượng cổ phiếu phổ thông cao nhất vào cuối năm 2017 có tổng tài sản thuế thu nhập hoãn lại là bao nhiêu tỷ đồng?",0,0,0,,,False,False,False,0
533,533,"Tại CTCP Nhiệt điện Hải Phòng (HND), số tiền thuê tối thiểu phải trả trong vòng một năm theo các hợp đồng thuê hoạt động không được hủy ngang tại ngày 31/12 của năm có “Thuế tính theo thuế suất của Công ty” lớn nhất trong các năm 2016, 2018, 2019 và 2020 là bao nhiêu tỷ đồng?",0,0,0,,,False,False,False,0
534,534,"Tổng số phải trả sau 12 tháng của công ty có tỷ lệ quyền biểu quyết tại các đơn vị liên doanh, liên kết đạt từ 50% trở lên trong số CTCP Tập đoàn GELEX (GEX), CTCP Tập đoàn Xây dựng Hòa Bình (HBC) và CTCP Tập Đoàn PC1 (PC1) năm 2024 là bao nhiêu nghìn tỷ đồng?",0,0,0,,,False,False,False,0
535,535,"Trong các năm 2017, 2019, 2020, 2021, 2022 và 2024, thu nhập khác từ thanh lý tài sản của công ty mẹ CTCP Tập đoàn Kỹ nghệ Gỗ Trường Thành trong năm có tổng khoản phải trả người bán ngắn hạn cuối năm lớn nhất là bao nhiêu triệu đồng?",0,0,0,,,False,False,False,0
536,536,"Trong năm 2023, tổng chi phí thuế thu nhập doanh nghiệp hiện hành của doanh nghiệp có tổng vốn chủ sở hữu cuối năm cao nhất trong số Tập đoàn Công nghiệp Cao su Việt Nam, Tổng công ty Phân bón và Hóa chất Dầu khí, CTCP Xi Măng Vicem Hà Tiên và CTCP Thép Nam Kim là bao nhiêu tỷ đồng?",0,0,0,,,False,False,False,0
537,537,"Trong các năm 2019, 2020, 2022, 2023 và 2024, tổng giá trị đầu tư góp vốn vào đơn vị khác cuối năm của Tổng Công ty Viglacera - CTCP (VGC) trong năm có số tiền trích Quỹ phát triển khoa học và công nghệ lớn nhất là bao nhiêu tỷ đồng?",0,0,0,,,False,False,False,0
538,538,"Trong các năm 2023, 2024 và 2025, năm nào có chi phí lãi vay cao nhất của công ty mẹ có lưu chuyển tiền thuần từ hoạt động kinh doanh năm 2024 dương trong số CTCP Nhựa An Phát Xanh (AAA), Tổng Công ty Lâm nghiệp Việt Nam - CTCP (VIF) và CTCP Thép Nam Kim (NKG)?",0,0,0,,,False,False,False,0
539,539,"Trong năm 2019, trong số CTCP Lọc hóa dầu Bình Sơn, Tập đoàn Xăng dầu Việt Nam và Tổng CTCP Vận tải Dầu khí, công ty có tỷ lệ nợ phải trả trên vốn chủ sở hữu cao nhất có tỷ lệ giữa tổng lợi nhuận kế toán trước thuế cộng chi phí lãi vay và chi phí lãi vay là bao nhiêu lần?",0,0,0,,,False,False,False,0
540,540,"Trong số CTCP Phân bón Dầu khí Cà Mau, Tổng CTCP Phân bón và Hóa chất Dầu khí và CTCP Sản xuất Kinh doanh Xuất nhập khẩu Dịch vụ và Đầu tư Tân Bình, mức thay đổi trung bình từ năm 2019 đến năm 2020 của tỷ lệ lợi nhuận gộp trên doanh thu thuần tại các công ty có doanh thu thuần năm 2020 tăng so với năm 2019 là bao nhiêu điểm phần trăm?",0,0,0,,,False,False,False,0
541,541,"Trong các năm 2022, 2023 và 2024, doanh thu thuần thấp nhất của CTCP Tập đoàn C.E.O trong những năm có tỷ lệ lợi nhuận sau thuế trên doanh thu thuần vượt 10% là bao nhiêu nghìn tỷ đồng?",0,0,0,,,False,False,False,0
542,542,"Trong số CTCP Phân bón Dầu khí Cà Mau, Tổng CTCP Phân bón và Hóa chất Dầu khí, Tập đoàn Công nghiệp Cao su Việt Nam và CTCP Sản xuất Kinh doanh Xuất nhập khẩu Dịch vụ và Đầu tư Tân Bình, mức thay đổi trung bình từ năm 2021 đến năm 2022 của tỷ lệ lợi nhuận gộp trên doanh thu thuần tại các công ty có doanh thu thuần năm 2022 tăng so với năm 2021 là bao nhiêu điểm phần trăm?",0,0,0,,,False,False,False,0
543,543,"Trong số CTCP Tập đoàn Hòa Phát, CTCP Tập đoàn Hoa Sen, CTCP Masan High-Tech Materials và CTCP Thép Nam Kim, công ty có mức tăng lớn nhất từ năm 2024 đến năm 2025 của chỉ tiêu được tính bằng hàng tồn kho bình quân nhân 365 rồi chia cho giá vốn hàng bán có mức thay đổi của tỷ lệ lợi nhuận gộp trên doanh thu thuần trong cùng giai đoạn là bao nhiêu điểm phần trăm?",0,0,0,,,False,False,False,0
544,544,"Trong giai đoạn 2020-2022 của CTCP - Tổng công ty Phân bón Dầu khí Cà Mau (DCM), ở năm có biên lợi nhuận ròng trên 10% và doanh thu thuần thấp nhất, hệ số dòng tiền hoạt động trên nợ ngắn hạn là bao nhiêu lần?",0,0,0,,,False,False,False,0
545,545,"Năm 2017, trong ba công ty BSR, PLX và PVT có lợi nhuận thuần từ hoạt động kinh doanh dương, công ty có tỷ lệ lưu chuyển tiền thuần từ hoạt động kinh doanh trên lợi nhuận thuần từ hoạt động kinh doanh thấp nhất có tỷ lệ lợi nhuận sau thuế trên doanh thu thuần là bao nhiêu %?",0,0,0,,,False,False,False,0
546,546,"Năm 2020, trong ba công ty DLG, HHV và VSC có tỷ lệ tài sản ngắn hạn trên nợ ngắn hạn thấp hơn 1 lần, trung bình tỷ lệ lưu chuyển tiền thuần từ hoạt động kinh doanh trên nợ ngắn hạn là bao nhiêu lần?",0,0,0,,,False,False,False,0
547,547,"Trong các công ty AAA, DCM, DPM, GVR và PRT có lưu chuyển tiền thuần từ hoạt động kinh doanh dương trong cả ba năm 2020, 2021 và 2022, tỷ lệ lợi nhuận sau thuế trên doanh thu thuần cao nhất năm 2022 là bao nhiêu %?",0,0,0,,,False,False,False,0
548,548,"Trong các năm 2016, 2017 và 2018 của CTCP Tập đoàn Sao Mai, xét những năm có tỷ lệ lợi nhuận sau thuế trên doanh thu thuần lớn hơn 10%, doanh thu thuần thấp nhất là bao nhiêu nghìn tỷ đồng?",0,0,0,,,False,False,False,0
549,549,"Trong nhóm HPG, HSG, MSR và NKG giai đoạn 2021–2023, công ty và năm có mức tăng trưởng doanh thu thuần cao nhất có tỷ lệ doanh thu thuần trên tổng tài sản cuối năm là bao nhiêu lần?",0,0,0,,,False,False,False,0
550,550,"Năm 2024, trong các công ty ACV, DLG và HHV có tỷ lệ tài sản ngắn hạn trên nợ ngắn hạn thấp hơn 1 lần, trung bình tỷ lệ lưu chuyển tiền thuần từ hoạt động kinh doanh trên nợ ngắn hạn là bao nhiêu lần?",0,0,0,,,False,False,False,0
551,551,"Trong nhóm GEE, GEX và SAM, xét các công ty có lưu chuyển tiền thuần từ hoạt động kinh doanh dương trong cả ba năm 2022, 2023 và 2024, tỷ lệ lợi nhuận sau thuế trên doanh thu thuần cao nhất năm 2024 là bao nhiêu %?",0,0,0,,,False,False,False,0
552,552,"Năm 2023, tổng doanh thu thuần của các công ty trong nhóm HPG, HSG, MSR và NKG có tỷ lệ lợi nhuận sau thuế trên doanh thu thuần dương trong cả ba năm 2021, 2022 và 2023 là bao nhiêu nghìn tỷ đồng?",0,0,0,,,False,False,False,0
553,553,"Trong nhóm BSR, PLX và PVT năm 2019, công ty có tỷ lệ nợ phải trả trên vốn chủ sở hữu cao nhất có tỷ lệ tổng của lợi nhuận trước thuế và chi phí lãi vay trên chi phí lãi vay là bao nhiêu lần?",0,0,0,,,False,False,False,0
554,554,"Trong nhóm DCM, DPM và PRT, xét các công ty có doanh thu thuần năm 2020 cao hơn năm 2019, mức tăng trung bình của tỷ lệ lợi nhuận gộp trên doanh thu thuần từ năm 2019 đến năm 2020 là bao nhiêu điểm phần trăm?",0,0,0,,,False,False,False,0
555,555,"Trong giai đoạn 2022–2024 của CTCP Tập đoàn C.E.O (CEO), xét các năm có tỷ lệ lợi nhuận sau thuế trên doanh thu thuần lớn hơn 10%, doanh thu thuần thấp nhất là bao nhiêu nghìn tỷ đồng?",0,0,0,,,False,False,False,0
556,556,"Trong nhóm HPG, HSG, MSR và NKG, doanh nghiệp có mức tăng lớn nhất từ năm 2023 sang năm 2024 của tỷ lệ 365 lần trung bình hàng tồn kho đầu năm và cuối năm trên giá vốn hàng bán có mức thay đổi của tỷ lệ lợi nhuận gộp trên doanh thu thuần là bao nhiêu điểm phần trăm?",0,0,0,,,False,False,False,0
557,557,"Trong các công ty DCM, DPM, GVR và PRT có doanh thu thuần năm 2022 cao hơn năm 2021, mức thay đổi trung bình của tỷ lệ lợi nhuận gộp trên doanh thu thuần từ năm 2021 đến năm 2022 là bao nhiêu điểm phần trăm?",0,0,0,,,False,False,False,0
558,558,"Trong nhóm HPG, HSG, MSR và NKG, doanh nghiệp có mức tăng lớn nhất từ năm 2024 sang năm 2025 của tỷ lệ 365 lần trung bình hàng tồn kho đầu năm và cuối năm trên giá vốn hàng bán có mức thay đổi của tỷ lệ lợi nhuận gộp trên doanh thu thuần là bao nhiêu điểm phần trăm?",0,0,0,,,False,False,False,0
559,559,"Trong nhóm DCM, DPM và PRT, xét các công ty có lưu chuyển tiền thuần từ hoạt động kinh doanh dương ở cả năm 2019 và 2020, trung bình tỷ lệ thay đổi doanh thu thuần năm 2020 so với năm 2019 là bao nhiêu %?",0,0,0,,,False,False,False,0
560,560,"Trong nhóm DCM, DPM, GVR và PRT, xét các công ty có lưu chuyển tiền thuần từ hoạt động kinh doanh dương ở cả năm 2020 và 2021, trung bình tỷ lệ thay đổi doanh thu thuần năm 2021 so với năm 2020 là bao nhiêu %?",0,0,0,,,False,False,False,0
561,561,"Trong giai đoạn 2020–2022 của CTCP - Tổng công ty Phân bón Dầu khí Cà Mau (DCM), xét các năm có tỷ lệ lợi nhuận sau thuế trên doanh thu thuần lớn hơn 10%, năm có doanh thu thuần thấp nhất có tỷ lệ lưu chuyển tiền thuần từ hoạt động kinh doanh trên nợ ngắn hạn là bao nhiêu lần?",0,0,0,,,False,False,False,0
562,562,"Trong giai đoạn 2022–2024 của Tổng công ty Phân bón Dầu khí Cà Mau, xét các năm có tỷ lệ lợi nhuận sau thuế trên doanh thu thuần lớn hơn 10%, năm có doanh thu thuần thấp nhất có tỷ lệ lưu chuyển tiền thuần từ hoạt động kinh doanh trên nợ ngắn hạn là bao nhiêu lần?",0,0,0,,,False,False,False,0
563,563,"Trong nhóm GEE, GEX và SAM, từ năm 2020 sang năm 2021 có bao nhiêu công ty đồng thời có doanh thu thuần tăng và tỷ lệ lợi nhuận gộp trên doanh thu thuần giảm?",0,0,0,,,False,False,False,0
564,564,"Năm 2020, trong nhóm DLG, HHV và VSC, xét các công ty có tỷ lệ tài sản ngắn hạn trên nợ ngắn hạn thấp hơn 1, trung bình tỷ lệ lưu chuyển tiền thuần từ hoạt động kinh doanh trên nợ ngắn hạn là bao nhiêu lần?",0,0,0,,,False,False,False,0
565,565,"Trong nhóm DLG, HHV và VSC, xét các công ty có lợi nhuận sau thuế dương năm 2020, trung bình tỷ lệ của chênh lệch giữa lợi nhuận sau thuế và lưu chuyển tiền thuần từ hoạt động kinh doanh năm 2020 trên trung bình tổng tài sản cuối năm 2019 và cuối năm 2020 là bao nhiêu %?",0,0,0,,,False,False,False,0
566,566,"Năm 2017, trong các công ty AAA, DCM, GVR và PRT có tỷ lệ tài sản ngắn hạn trên nợ ngắn hạn không thấp hơn 1 lần, trung bình tỷ lệ hàng tồn kho trên nợ ngắn hạn là bao nhiêu lần?",0,0,0,,,False,False,False,0
567,567,"Năm 2016, trong các công ty AAA, DCM, DPM và GVR có tỷ lệ lợi nhuận sau thuế trên doanh thu thuần lớn hơn 10%, tổng doanh thu thuần là bao nhiêu nghìn tỷ đồng?",0,0,0,,,False,False,False,0
568,568,"Trong nhóm HPG, HSG, MSR và NKG, xét các công ty có tỷ lệ lợi nhuận sau thuế trên doanh thu thuần dương trong cả ba năm 2020, 2021 và 2022, tổng doanh thu thuần năm 2022 là bao nhiêu nghìn tỷ đồng?",0,0,0,,,False,False,False,0
569,569,"Năm 2022, trong các công ty HPG, HSG, MSR và NKG có tỷ lệ lợi nhuận sau thuế trên doanh thu thuần dương, trung bình chênh lệch giữa tỷ lệ lợi nhuận gộp trên doanh thu thuần và tỷ lệ lợi nhuận sau thuế trên doanh thu thuần là bao nhiêu điểm phần trăm?",0,0,0,,,False,False,False,0
570,570,"Trong nhóm HPG, HSG, MSR và NKG, công ty có mức tăng lớn nhất từ năm 2021 sang năm 2022 của giá trị bằng 365 nhân với trung bình hàng tồn kho đầu năm và cuối năm rồi chia cho giá vốn hàng bán có mức thay đổi của tỷ lệ lợi nhuận gộp trên doanh thu thuần là bao nhiêu điểm phần trăm?",0,0,0,,,False,False,False,0
571,571,"Từ năm 2021 sang năm 2022, trong nhóm BSR, PLX và PVT, công ty có mức tăng tương đối của doanh thu thuần cao nhất có tổng chi phí bán hàng và chi phí quản lý doanh nghiệp tăng bao nhiêu %?",0,0,0,,,False,False,False,0
572,572,"Trong nhóm GEE, GEX và SAM, xét các công ty có lưu chuyển tiền thuần từ hoạt động kinh doanh dương trong cả ba năm 2022, 2023 và 2024, công ty có tỷ lệ tăng doanh thu thuần năm 2024 so với năm 2023 cao nhất có tỷ lệ lợi nhuận sau thuế năm 2024 trên trung bình tổng tài sản cuối năm 2023 và cuối năm 2024 là bao nhiêu %?",0,0,0,,,False,False,False,0
573,573,"Trong nhóm HPG, HSG, MSR và NKG giai đoạn 2021–2023, công ty và năm có mức tăng tương đối của doanh thu thuần so với năm liền trước lớn nhất có tỷ lệ doanh thu thuần trên tổng tài sản cuối năm là bao nhiêu lần?",0,0,0,,,False,False,False,0
574,574,"Năm 2024, trong các công ty GEE, GEX và SAM có lưu chuyển tiền thuần từ hoạt động kinh doanh dương trong cả ba năm 2022, 2023 và 2024, tỷ lệ lợi nhuận sau thuế trên doanh thu thuần cao nhất là bao nhiêu %?",0,0,0,,,False,False,False,0
575,575,"Trong nhóm HPG, HSG, MSR và NKG, công ty có mức tăng lớn nhất từ năm 2022 sang năm 2023 của giá trị bằng 365 nhân với trung bình hàng tồn kho đầu năm và cuối năm rồi chia cho giá vốn hàng bán có tỷ lệ lợi nhuận gộp trên doanh thu thuần thay đổi bao nhiêu điểm phần trăm trong cùng giai đoạn?",0,0,0,,,False,False,False,0
576,576,"Trong nhóm DCM, DPM và PRT, xét các công ty có tăng trưởng doanh thu thuần dương từ 2019 đến 2020, thay đổi biên lợi nhuận gộp bình quân là bao nhiêu điểm phần trăm?",0,0,0,,,False,False,False,0
577,577,"Với CTCP Tập đoàn C.E.O trong giai đoạn 2022-2024, ở các năm có biên lợi nhuận ròng trên 10%, doanh thu thuần thấp nhất là bao nhiêu nghìn tỷ đồng?",0,0,0,,,False,False,False,0
578,578,Tổng số dư trả trước cho người bán ngắn hạn của công ty mẹ CTCP Nông nghiệp BAF Việt Nam cuối năm 2025 trừ đi mức cuối năm 2022 là bao nhiêu tỷ đồng?,0,0,0,,,False,False,False,0
579,579,Tính phần trăm tăng trưởng lãi tiền gửi có kỳ hạn của công ty mẹ CTCP Phát triển Hạ tầng Kỹ thuật từ năm 2016 sang năm 2021.,0,0,0,,,False,False,False,0
580,580,"Tính hiệu số chi phí (thu nhập) thuế hoãn lại của HBC giữa năm 2016 và năm 2015, kết quả tính theo đơn vị triệu đồng.",0,0,0,,,False,False,False,0
581,581,Chênh lệch giá trị còn lại của tài sản cố định hữu hình tại CTCP Tập đoàn Dabaco Việt Nam (DBC) giữa thời điểm cuối năm 2019 và thời điểm cuối năm 2015 là bao nhiêu tỷ đồng?,0,0,0,,,False,False,False,0
582,582,Tăng trưởng khoản vay ngắn hạn của MCH từ cuối năm 2021 đến cuối năm 2023 là bao nhiêu %?,0,0,0,,,False,False,False,0
583,583,"Đến ngày 31/12/2022, giá trị còn lại tài sản cố định vô hình của công ty mẹ OCB tăng bao nhiêu % so với ngày 31/12/2020?",0,0,0,,,False,False,False,0
584,584,Chênh lệch vốn chủ sở hữu giữa cuối năm 2025 và cuối năm 2024 của Công ty CP Nhựa An Phát Xanh (AAA) là bao nhiêu tỷ đồng?,0,0,0,,,False,False,False,0
585,585,Số tiền phải trả của Quỹ khen thưởng phúc lợi của công ty mẹ Ngân hàng TMCP Sài Gòn Tài Lộc (mã STB) năm 2022 tăng bao nhiêu % so với năm 2016.,0,0,0,,,False,False,False,0
586,586,Tốc độ tăng trưởng tiền và các khoản tương đương tiền của Tổng Công ty Cảng Hàng không Việt Nam từ cuối năm 2021 đến cuối năm 2022 là bao nhiêu phần trăm?,0,0,0,,,False,False,False,0
587,587,Tính tốc độ tăng trưởng (%) của số dư tiền gửi tại Ngân hàng Nhà nước Việt Nam (bằng VND) của STB từ cuối năm 2016 đến cuối năm 2022.,0,0,0,,,False,False,False,0
588,588,Tính chênh lệch tổng dư nợ phải thu ngắn hạn khác từ các bên liên quan giữa cuối năm 2023 và cuối năm 2019 của công ty mẹ Tổng Công ty cổ phần Bia - Rượu - Nước giải khát Sài Gòn (SAB) là bao nhiêu tỷ đồng?,0,0,0,,,False,False,False,0
589,589,Chênh lệch chi phí thuế TNDN giữa hai niên độ 2019 và 2016 của công ty mẹ CTCP Đầu tư Nam Long là bao nhiêu triệu đồng?,0,0,0,,,False,False,False,0
590,590,Chênh lệch tổng hạn mức vay ngắn hạn của CTCP Đầu tư Hạ tầng Giao thông Đèo Cả (HHV) giữa năm 2025 và 2021 là bao nhiêu tỷ đồng?,0,0,0,,,False,False,False,0
591,591,"Chênh lệch số dư cho vay khách hàng - gộp (chưa quá hạn và chưa phải lập dự phòng) của Ngân hàng TMCP Đông Nam Á giữa hai mốc cuối năm 2022 và cuối năm 2021 là bao nhiêu, tính bằng triệu đồng?",0,0,0,,,False,False,False,0
592,592,Độ chênh lệch của chỉ tiêu số dư cuối năm dự phòng rủi ro cho vay khách hàng giữa năm 2024 và năm 2022 của Ngân hàng TMCP Đầu tư và Phát triển Việt Nam là bao nhiêu triệu đồng?,0,0,0,,,False,False,False,0
593,593,Mức chênh lệch lãi chênh lệch tỷ giá của Tổng Công ty Lâm nghiệp Việt Nam - CTCP (VIF) giữa năm 2023 và năm 2021 là bao nhiêu triệu đồng?,0,0,0,,,False,False,False,0
594,594,Chênh lệch giá trị hợp lý khoản đầu tư vào Ngân hàng TMCP Ngoại Thương Việt Nam của GEE giữa cuối năm 2025 và cuối năm 2022 là bao nhiêu triệu đồng?,0,0,0,,,False,False,False,0
595,595,Số dư khoản Phải thu khác dài hạn tổng cộng của CTCP Dịch vụ Bất động sản Đất Xanh giữa cuối năm 2022 lớn hơn bao nhiêu tỷ đồng so với cuối năm 2021?,0,0,0,,,False,False,False,0
596,596,Tính tỷ lệ tăng trưởng (%) giá trị đầu tư (Giá gốc) vào Công ty Cổ phần APIS của công ty mẹ CTCP Sữa Việt Nam (VNM) từ cuối năm 2017 đến hết năm 2024.,0,0,0,,,False,False,False,0
597,597,Lãi và phí phải trả của các khoản nợ của Ngân hàng TMCP Quốc Dân từ năm 2021 đến năm 2022 thay đổi bao nhiêu phần trăm?,0,0,0,,,False,False,False,0
598,598,Tổng số dư phải trả người bán ngắn hạn với bên liên quan của công ty mẹ HNG từ cuối năm 2020 đến cuối năm 2021 thay đổi bao nhiêu phần trăm?,0,0,0,,,False,False,False,0
599,599,"Chi phí khác (không bao gồm phạt do vi phạm hành chính, chi phí token card và phí chuyển tiền của NDT) của FTS trong năm 2022 lớn hơn năm 2023 là bao nhiêu triệu đồng?",0,0,0,,,False,False,False,0
600,600,Lãi vay phải trả người bán ngắn hạn của CTCP FPT cuối năm 2025 trừ đi giá trị cùng chỉ tiêu cuối năm 2023 bằng bao nhiêu tỷ đồng?,0,0,0,,,False,False,False,0
601,601,Hiệu số giữa Chi phí lãi vay phải trả ngắn hạn của công ty mẹ KBC cuối năm 2019 và cuối năm 2016 là bao nhiêu tỷ đồng?,0,0,0,,,False,False,False,0
602,602,Giá trị chứng khoán kinh doanh đã niêm yết của Ngân hàng TMCP Phát triển Thành phố Hồ Chí Minh cuối năm 2021 lớn hơn so với cuối năm 2018 bao nhiêu triệu đồng?,0,0,0,,,False,False,False,0
603,603,Chi phí trả trước chi phí bảo dưỡng tàu bay của công ty mẹ VJC mốc cuối năm 2025 bé hơn cuối năm 2024 mấy tỷ đồng?,0,0,0,,,False,False,False,0
604,604,Biến động tổng tài sản của công ty mẹ DLG giữa cuối năm 2019 và cuối năm 2018 là bao nhiêu tỷ đồng?,0,0,0,,,False,False,False,0
605,605,Tỷ lệ tăng trưởng khoản người mua trả tiền trước ngắn hạn của Công ty CP Đầu tư Nam Long (NLG) từ cuối năm 2023 đến cuối năm 2024 là bao nhiêu %?,0,0,0,,,False,False,False,0
606,606,Tỷ lệ tăng trưởng tổng nợ ngắn hạn của CTCP Masan MeatLife (mã MML) từ cuối năm 2019 đến cuối năm 2023 là bao nhiêu phần trăm?,0,0,0,,,False,False,False,0
607,607,Chi phí thuế thu nhập doanh nghiệp hiện hành của Công ty Cổ phần Hoàng Anh Gia Lai năm 2023 lớn hơn năm 2017 bao nhiêu nghìn đồng?,0,0,0,,,False,False,False,0
608,608,Giá trị còn lại cuối năm của Tổng Tài sản cố định hữu hình của CTCP Masan MeatLife từ cuối năm 2018 đến cuối năm 2023 tăng bao nhiêu triệu đồng.,0,0,0,,,False,False,False,0
609,609,"Tổng tài sản, GTCG nhận thế chấp, cầm cố và chiết khấu, tái chiết khấu của ACB tăng bao nhiêu phần trăm từ cuối năm 2022 đến cuối năm 2025?",0,0,0,,,False,False,False,0
610,610,Tỉ lệ tăng trưởng chi phí mua khí từ các chủ mỏ của GAS trong năm 2022 so với năm 2020 là bao nhiêu %?,0,0,0,,,False,False,False,0
611,611,Mức thay đổi chênh lệch thanh khoản ròng trong hạn của công ty mẹ Ngân hàng TMCP Xuất nhập khẩu Việt Nam (EIB) từ năm 2018 đến năm 2019 theo đơn vị triệu đồng là bao nhiêu?,0,0,0,,,False,False,False,0
612,612,Tổng dư nợ vay ngắn hạn ngân hàng của công ty mẹ CTCP Thép Nam Kim (NKG) vào cuối năm 2021 tăng so với cuối năm 2020 là bao nhiêu phần trăm?,0,0,0,,,False,False,False,0
613,613,Chênh lệch lưu chuyển tiền thuần từ hoạt động tài chính giữa năm 2022 so với năm 2018 của công ty mẹ IJC là bao nhiêu triệu đồng?,0,0,0,,,False,False,False,0
614,614,"Tỷ lệ tăng trưởng số dư cuối kỳ Quỹ khen thưởng, phúc lợi của công ty mẹ CTCP Phát triển Hạ tầng Kỹ thuật (IJC) từ cuối năm 2015 đến cuối năm 2021 là bao nhiêu phần trăm?",0,0,0,,,False,False,False,0
615,615,Tỷ lệ tăng trưởng của Bất động sản dở dang của CTCP Bluemarq Group giữa năm 2020 và năm 2017 là bao nhiêu %?,0,0,0,,,False,False,False,0
616,616,Chênh lệch giá trị còn lại Tài sản cố định hữu hình của VJC giữa cuối năm 2018 và cuối năm 2015 là bao nhiêu nghìn tỷ đồng?,0,0,0,,,False,False,False,0
617,617,Tỷ lệ tăng trưởng của Tổng nguồn vốn hợp nhất Tổng Công ty Khí Việt Nam - CTCP (GAS) từ đầu năm 2016 đến đầu năm 2019 là bao nhiêu phần trăm?,0,0,0,,,False,False,False,0
618,618,Chênh lệch lãi dự thu từ cho vay khách hàng của công ty mẹ STB giữa cuối năm 2019 và cuối năm 2018 là bao nhiêu triệu đồng?,0,0,0,,,False,False,False,0
619,619,Chênh lệch số dư khoản Tạm ứng ngắn hạn cuối năm 2020 so với cuối năm 2019 của công ty mẹ CTCP Chứng khoán SSI là bao nhiêu triệu đồng?,0,0,0,,,False,False,False,0
620,620,Mức tăng trưởng tổng doanh thu bộ phận của CTCP Masan High-Tech Materials từ năm 2020 đến năm 2025 là bao nhiêu phần trăm?,0,0,0,,,False,False,False,0
621,621,Chênh lệch chi phí nhiên liệu của công ty mẹ CTCP Hàng không Vietjet giữa năm 2024 và năm 2021 là mấy nghìn tỷ đồng?,0,0,0,,,False,False,False,0
622,622,Giá trị thuần đầu tư vào công ty con của công ty mẹ CTCP Bluemarq Group năm 2024 trừ đi năm 2023 là bao nhiêu tỷ đồng?,0,0,0,,,False,False,False,0
623,623,Chênh lệch giá trị hàng tồn kho - Nguyên vật liệu giữa (giá gốc) cuối năm 2023 và cuối năm 2022 của PC1 là bao nhiêu tỷ đồng?,0,0,0,,,False,False,False,0
624,624,Biến động dư tiền mặt bằng ngoại tệ của công ty mẹ Ngân hàng TMCP Sài Gòn Thương Tín (STB) giữa cuối năm 2016 và cuối năm 2015 là bao nhiêu triệu đồng?,0,0,0,,,False,False,False,0
625,625,Thay đổi số dư vay ngắn hạn từ Ngân hàng TMCP Quốc tế của Tổng Công ty Viglacera - CTCP từ cuối năm 2023 đến cuối năm 2024 là bao nhiêu triệu đồng?,0,0,0,,,False,False,False,0
626,626,Tính tỷ lệ phần trăm tăng trưởng khoản phải thu ngắn hạn từ hoạt động đầu tư của công ty mẹ Tập đoàn Bảo Việt (BVH) vào cuối năm 2020 so với năm 2018 .,0,0,0,,,False,False,False,0
627,627,Chênh lệch số dư Tài sản thuế thu nhập hoãn lại của PVT ở cuối năm 2018 so với cuối năm 2016 là bao nhiêu triệu đồng?,0,0,0,,,False,False,False,0
628,628,Số chênh lệch chi phí xây dựng cơ bản dở dang - Dự án Nhà máy Sản xuất Phân bón phức hợp từ Urê nóng chảy giữa cuối năm 2018 và cuối năm 2017 của CTCP - Tổng công ty Phân bón Dầu khí Cà Mau (DCM) là bao nhiêu tỷ đồng?,0,0,0,,,False,False,False,0
629,629,Tỷ lệ biến động số dư dự phòng phải thu ngắn hạn khó đòi giữa hai kỳ tài chính của công ty mẹ HBC giữa năm 2016 và năm 2020 là bao nhiêu %?,0,0,0,,,False,False,False,0
630,630,Chênh lệch tổng chi phí thuế TNDN hiện hành của công ty mẹ Ngân hàng TMCP Sài Gòn - Hà Nội (SHB) giữa năm 2025 và năm 2024 là bao nhiêu triệu đồng?,0,0,0,,,False,False,False,0
631,631,Tỷ lệ tăng trưởng chi phí bán hàng của công ty mẹ CTCP Phát triển Hạ tầng Kỹ thuật từ năm 2015 đến năm 2018 là bao nhiêu %?,0,0,0,,,False,False,False,0
632,632,Tỉ lệ tăng trưởng tài sản dài hạn của CTCP Masan High-Tech Materials từ cuối năm 2016 đến cuối năm 2020 là bao nhiêu %?,0,0,0,,,False,False,False,0
633,633,Tỷ lệ tăng % khoản trả trước cho người bán ngắn hạn cho Liên doanh Việt - Nga VietsovPetro của Tổng Công ty Khí Việt Nam - CTCP từ cuối năm 2015 đến cuối năm 2016 là bao nhiêu?,0,0,0,,,False,False,False,0
634,634,Số dư nợ có khả năng mất vốn từ các hợp đồng mua và cam kết bán lại chứng khoán của công ty mẹ Ngân hàng TMCP Sài Gòn Tài Lộc năm 2019 thấp hơn năm 2017 bao nhiêu triệu đồng?,0,0,0,,,False,False,False,0
635,635,Tính tỷ lệ tăng % cho vay và phải thu của tài sản tài chính trong hoạt động cho vay khách hàng của công ty mẹ ABB từ cuối năm 2020 đến cuối năm 2023 là bao nhiêu phần trăm?,0,0,0,,,False,False,False,0
636,636,Chênh lệch tổng giá trị các khoản phải thu khác ngắn hạn cuối năm 2024 so với năm 2022 của Tổng Công ty Phát triển Đô thị Kinh Bắc (mã KBC) là bao nhiêu nghìn tỷ đồng?,0,0,0,,,False,False,False,0
637,637,Tỷ lệ tăng trưởng vốn đã góp của chủ sở hữu của công ty mẹ VPI từ cuối năm 2021 đến cuối năm 2022 là bao nhiêu phần trăm?,0,0,0,,,False,False,False,0
638,638,Tăng trưởng cam kết thuê hoạt động ngắn hạn (từ 1 năm trở xuống) của công ty mẹ CTCP Tập đoàn GELEX từ cuối năm 2022 đến cuối năm 2025 là bao nhiêu %?,0,0,0,,,False,False,False,0
639,639,Tính tỷ lệ tăng % chi phí sản xuất kinh doanh dở dang trong hoạt động xây lắp của CTCP Tập Đoàn PC1 từ năm 2019 sang năm 2020.,0,0,0,,,False,False,False,0
640,640,"Tính tỷ lệ tăng trưởng chi phí nhân viên bán hàng của CTCP Đường Quảng Ngãi giữa năm 2020 và năm 2021, thể hiện dưới dạng phần trăm.",0,0,0,,,False,False,False,0
641,641,Thuế thu nhập doanh nghiệp phải nộp cuối kỳ của CTCP Tập đoàn Đức Long Gia Lai cuối năm 2020 bé hơn giá trị cuối năm 2018 bao nhiêu tỷ đồng?,0,0,0,,,False,False,False,0
642,642,Tính biến động số dư Trái phiếu Chính phủ (giữ đến ngày đáo hạn) của Ngân hàng TMCP Phát triển Thành phố Hồ Chí Minh giữa cuối năm 2021 và cuối năm 2020 (triệu đồng).,0,0,0,,,False,False,False,0
643,643,Biến động số lượng cổ phiếu đang lưu hành của công ty mẹ KLB giữa cuối năm 2019 và cuối năm 2023 là bao nhiêu cổ phiếu?,0,0,0,,,False,False,False,0
644,644,Tốc độ tăng trưởng doanh thu thuần từ hoạt động xây dựng của DIG tính từ năm 2022 lên 2023 là bao nhiêu %?,0,0,0,,,False,False,False,0
645,645,Tổng nợ tài chính từ cuối năm 2018 đến cuối năm 2022 tại BVH tăng bao nhiêu %?,0,0,0,,,False,False,False,0
646,646,Chi phí nhân viên của KHG năm 2021 chênh lệch mấy tỷ đồng so với năm 2020?,0,0,0,,,False,False,False,0
647,647,Tính phần trăm tốc độ tăng trưởng số dư dự phòng rủi ro cho vay khách hàng của ACB từ năm 2017 đến năm 2019.,0,0,0,,,False,False,False,0
648,648,Chi phí dịch vụ mua ngoài của công ty mẹ CTCP Đầu tư Dịch vụ Hoàng Huy trong năm 2023 tăng bao nhiêu phần trăm so với năm 2022?,0,0,0,,,False,False,False,0
649,649,Thay đổi số dư chi phí thuê trả trước dài hạn của CTCP Tập đoàn Hoa Sen vào ngày 30/9/2025 so với ngày 30/9/2021 là bao nhiêu đồng?,0,0,0,,,False,False,False,0
650,650,Tỷ suất tăng trưởng doanh thu hoạt động tài chính của SSI từ năm 2020 đến năm 2023 là bao nhiêu %?,0,0,0,,,False,False,False,0
651,651,Tổng chi phí lãi vay của CTCP Masan MeatLife giảm bao nhiêu % từ năm 2017 đến năm 2018?,0,0,0,,,False,False,False,0
652,652,Tính số chênh lệch số dư thuế TNDN phải nộp cuối kỳ của công ty mẹ Công ty Cổ phần Xi Măng Vicem Hà Tiên giữa năm 2018 và năm 2017 là bao nhiêu tỷ đồng?,0,0,0,,,False,False,False,0
653,653,"Tính số chênh lệch giữa giá trị thuần khoản phải thu về cho vay dài hạn cuối năm 2024 và cuối năm 2022 của CTCP Hoàng Anh Gia Lai, đơn vị tính tỷ đồng.",0,0,0,,,False,False,False,0
654,654,Biến động giá vốn bán điện của công ty mẹ CTCP Thủy điện Đa Nhim - Hàm Thuận - Đa Mi giữa năm 2017 và 2016 là bao nhiêu tỷ đồng?,0,0,0,,,False,False,False,0
655,655,Tốc độ tăng trưởng % tổng tiền và các khoản tương đương tiền của VIC từ năm 2019 đến năm 2021 là bao nhiêu?,0,0,0,,,False,False,False,0
656,656,Tỷ trọng các khoản tương đương tiền trên tổng tài sản của CTCP Viễn thông FPT cuối năm 2024 là bao nhiêu %?,0,0,0,,,False,False,False,0
657,657,Lợi nhuận trên mỗi cổ phiếu đang lưu hành của công ty mẹ Công ty Cổ phần Viễn thông FPT năm 2020 là bao nhiêu nghìn đồng?,0,0,0,,,False,False,False,0
658,658,"Tỷ lệ đóng góp của phần lãi liên kết, liên doanh trên lợi nhuận thuần hợp nhất của Tập đoàn Xăng Dầu Việt Nam năm 2024 là bao nhiêu %?",0,0,0,,,False,False,False,0
659,659,Tỷ suất chi trả cổ tức của CTCP Masan MeatLife trong năm 2024 là bao nhiêu %?,0,0,0,,,False,False,False,0
660,660,Tỷ lệ cam kết ngoại bảng trên tổng tài sản của công ty mẹ Ngân hàng TMCP Công Thương Việt Nam tính đến ngày 31/12/2022 là bao nhiêu phần trăm?,0,0,0,,,False,False,False,0
661,661,Tỷ lệ đầu tư vốn (CapEx) trên giá gốc Tài sản cố định hữu hình của công ty mẹ CTCP Thủy điện Đa Nhim - Hàm Thuận - Đa Mi năm 2021 là bao nhiêu %?,0,0,0,,,False,False,False,0
662,662,Lợi nhuận sau thuế trên tổng tài sản cuối năm 2016 của CEO là bao nhiêu phần trăm?,0,0,0,,,False,False,False,0
663,663,Tỷ số nợ vay trên tổng tài sản của công ty mẹ HAG năm 2022 là bao nhiêu phần trăm?,0,0,0,,,False,False,False,0
664,664,Tỷ lệ hao mòn TSCĐ hữu hình của CTCP Đường Quảng Ngãi năm 2024 là bao nhiêu %?,0,0,0,,,False,False,False,0
665,665,Tỷ trọng tài sản cố định vô hình trên tổng tài sản của CTCP Tập đoàn Đầu tư Địa ốc No Va đến ngày 31/12/2016 (%)?,0,0,0,,,False,False,False,0
666,666,Tính lãi ròng từ hoạt động tài chính của công ty mẹ KBC năm 2015 theo đơn vị tỷ đồng.,0,0,0,,,False,False,False,0
667,667,Tỷ trọng nguyên giá tài sản cố định hữu hình trên tổng tài sản của công ty mẹ Ngân hàng TMCP Xuất nhập khẩu Việt Nam đến ngày 31/12/2023 là bao nhiêu phần trăm?,0,0,0,,,False,False,False,0
668,668,Tỷ suất sinh lời từ cổ tức đầu tư năm 2023 của công ty mẹ HHS là bao nhiêu %?,0,0,0,,,False,False,False,0
669,669,Tỷ trọng nợ ngắn hạn phải trả người bán của Tập đoàn Công nghiệp Cao su Việt Nam - CTCP năm 2019 là bao nhiêu %?,0,0,0,,,False,False,False,0
670,670,Tỷ trọng nợ vay ngắn hạn ngân hàng trên tổng nợ phải trả tài chính của công ty mẹ CTCP Nông nghiệp BAF Việt Nam đầu năm 2020 là bao nhiêu %?,0,0,0,,,False,False,False,0
671,671,"Năm 2020, tỷ lệ trích lập dự phòng rủi ro tín dụng trên lợi nhuận trước thuế của Ngân hàng TMCP Quân Đội là bao nhiêu phần trăm?",0,0,0,,,False,False,False,0
672,672,Tính tỷ lệ chi phí trả trước ngắn hạn trên chi phí trả trước dài hạn của CTCP Chứng khoán MB năm 2022.,0,0,0,,,False,False,False,0
673,673,Tỷ trọng tài sản ngắn hạn trong tổng nguồn vốn của công ty mẹ CTCP Địa ốc Sài Gòn Thương Tín đến ngày 31/12/2025 là bao nhiêu (%).,0,0,0,,,False,False,False,0
674,674,Tỷ suất lợi nhuận ròng của HBC năm 2016 là bao nhiêu %?,0,0,0,,,False,False,False,0
675,675,Tỷ lệ đầu tư tài chính dài hạn trên vốn chủ sở hữu của công ty mẹ CTCP Masan MeatLife cuối năm 2021 là bao nhiêu phần trăm?,0,0,0,,,False,False,False,0
676,676,Tỷ lệ trích lập dự phòng rủi ro cho vay khách hàng trên lợi nhuận thuần của công ty mẹ Ngân hàng TMCP Ngoại thương Việt Nam năm 2017 là bao nhiêu phần trăm?,0,0,0,,,False,False,False,0
677,677,Lãi thuần hoạt động tài chính của công ty mẹ Tổng Công ty Sản xuất - Xuất nhập khẩu Bình Dương - CTCP năm 2017 là mấy trăm tỷ đồng?,0,0,0,,,False,False,False,0
678,678,Tính tỷ số nợ ngắn hạn trên vốn chủ sở hữu của công ty mẹ CTCP Thủy điện Đa Nhim - Hàm Thuận - Đa Mi năm 2025.,0,0,0,,,False,False,False,0
679,679,Lợi nhuận gộp của FOX năm 2016 là bao nhiêu tỷ đồng?,0,0,0,,,False,False,False,0
680,680,Tỉ trọng lãi tiền gửi trong tổng doanh thu hoạt động tài chính của công ty mẹ CTCP Đường Quảng Ngãi năm 2024 là bao nhiêu %?,0,0,0,,,False,False,False,0
681,681,Lợi nhuận gộp của công ty mẹ CTCP Đầu tư Nam Long năm 2019 là bao nhiêu tỷ đồng?,0,0,0,,,False,False,False,0
682,682,Thu nhập thuần từ hoạt động khác của HSG năm 2021 là bao nhiêu triệu đồng?,0,0,0,,,False,False,False,0
683,683,Kết quả thuần từ hoạt động dịch vụ của Ngân hàng TMCP Quốc Dân trong năm tài chính 2015 là bao nhiêu tỷ đồng?,0,0,0,,,False,False,False,0
684,684,Tỷ trọng dự phòng chung trên tổng dự phòng rủi ro cho vay khách hàng của công ty mẹ Ngân hàng TMCP Sài Gòn - Hà Nội năm 2016 là bao nhiêu phần trăm?,0,0,0,,,False,False,False,0
685,685,Tỷ lệ bao phủ nợ xấu của công ty mẹ BAB vào cuối năm 2025 là bao nhiêu phần trăm?,0,0,0,,,False,False,False,0
686,686,Tỷ suất lợi nhuận trước thuế của VNM năm 2023 là bao nhiêu phần trăm?,0,0,0,,,False,False,False,0
687,687,Tỷ trọng tài sản cố định hữu hình trong tổng tài sản cố định của Công ty Cổ phần Vàng bạc Đá quý Phú Nhuận đến ngày 31/12/2018 là bao nhiêu phần trăm ?,0,0,0,,,False,False,False,0
688,688,Tỷ trọng khoản phải thu ngắn hạn khác trong tổng khoản phải thu khác của CTCP Bluemarq Group cuối năm 2018 là bao nhiêu %?,0,0,0,,,False,False,False,0
689,689,Tăng trưởng giá trị tài sản phái sinh của công ty mẹ BID năm 2022 so với năm 2021 là bao nhiêu phần trăm?,0,0,0,,,False,False,False,0
690,690,Tổng nợ vay gấp tổng tiền mặt và tiền gửi ngân hàng của công ty mẹ HNG cuối năm 2020 bao nhiêu lần?,0,0,0,,,False,False,False,0
691,691,Tỷ trọng doanh thu Ure Phú Mỹ trong tổng doanh thu thuần hàng hóa sản xuất trong nước của Tổng công ty Phân bón và Hóa chất Dầu khí - CTCP năm 2018 là bao nhiêu phần trăm?,0,0,0,,,False,False,False,0
692,692,Tỷ lệ dự phòng rủi ro trên dư nợ cho vay khách hàng của công ty mẹ Ngân hàng TMCP Đầu tư và Phát triển Việt Nam vào cuối năm 2018 là bao nhiêu phần trăm?,0,0,0,,,False,False,False,0
693,693,Tỷ trọng tài sản cố định vô hình trong tổng tài sản cố định của công ty mẹ Ngân hàng TMCP Ngoại thương Việt Nam cuối năm 2025 là bao nhiêu %?,0,0,0,,,False,False,False,0
694,694,Tỷ lệ nợ trên tổng tài sản của công ty mẹ Ngân hàng TMCP Sài Gòn Công Thương cuối năm 2015 là bao nhiêu phần trăm?,0,0,0,,,False,False,False,0
695,695,Tỷ suất sinh lời trên vốn chủ sở hữu của CTCP - Tổng công ty Phân bón Dầu khí Cà Mau năm 2017 là bao nhiêu %?,0,0,0,,,False,False,False,0
696,696,Vòng quay vốn chủ sở hữu của CTCP Tập đoàn Hoa Sen năm 2019 là bao nhiêu lần?,0,0,0,,,False,False,False,0
697,697,Tỷ trọng đầu tư vào Techcombank trong tổng đầu tư vào công ty liên kết của công ty mẹ MSN tính đến ngày 31/12/2016 là bao nhiêu %?,0,0,0,,,False,False,False,0
698,698,Tỷ lệ chi phí quản lý doanh nghiệp trên doanh thu thuần của CTCP Tập đoàn Kỹ nghệ gỗ Trường Thành năm 2020 là bao nhiêu phần trăm?,0,0,0,,,False,False,False,0
699,699,Tỷ trọng tài sản cố định hữu hình trên tổng tài sản của Tổng Công ty cổ phần Vận tải Dầu khí cuối năm 2025 là bao nhiêu %?,0,0,0,,,False,False,False,0
700,700,Tỷ lệ lãi vay phải trả trên dư nợ vay dài hạn của CTCP Tập đoàn Hà Đô cuối năm 2015 là bao nhiêu phần trăm?,0,0,0,,,False,False,False,0
701,701,Tỷ lệ chi phí bán hàng trên doanh thu thuần của công ty mẹ Công ty CP Phát triển Hạ tầng Kỹ thuật năm 2020 là bao nhiêu %?,0,0,0,,,False,False,False,0
702,702,Thu nhập khác thuần của công ty mẹ CEO năm 2018 là bao nhiêu tỷ đồng?,0,0,0,,,False,False,False,0
703,703,Số dư ròng khoản phải thu/phải trả ngắn hạn với bên liên quan của công ty mẹ GEX cuối năm 2024 là bao nhiêu tỷ đồng?,0,0,0,,,False,False,False,0
704,704,Lợi nhuận thuần từ hoạt động tài chính của công ty mẹ CTCP Đầu tư Nam Long trong năm 2015 là bao nhiêu tỷ đồng?,0,0,0,,,False,False,False,0
705,705,Tỷ lệ vay ngắn hạn trên vốn chủ sở hữu của KBC cuối năm 2022 là bao nhiêu %?,0,0,0,,,False,False,False,0
706,706,"Tính đến ngày 31/12/2025, tỷ lệ dự phòng giảm giá chứng khoán đầu tư sẵn sàng để bán của EVF là bao nhiêu phần trăm ?",0,0,0,,,False,False,False,0
707,707,Tỷ lệ nợ khó đòi trên tổng phải thu khách hàng của VGT đến ngày 31/12/2024 là bao nhiêu %?,0,0,0,,,False,False,False,0
708,708,Biên lợi nhuận ròng của Công ty CP Masan MeatLife năm 2017 là bao nhiêu %?,0,0,0,,,False,False,False,0
709,709,Tỷ lệ chi phí lãi vay trên nợ vay ngắn hạn của MSR cuối năm 2022 là bao nhiêu %?,0,0,0,,,False,False,False,0
710,710,Tỷ lệ nợ ngắn hạn trên vốn chủ sở hữu của công ty mẹ CTCP Sữa Việt Nam năm 2022 là bao nhiêu %?,0,0,0,,,False,False,False,0
711,711,Tỷ trọng doanh thu bán hàng cho các bên liên quan của công ty mẹ Tổng công ty Phân bón và Hóa chất Dầu khí - CTCP năm 2017 là bao nhiêu phần trăm?,0,0,0,,,False,False,False,0
712,712,Tỉ trọng chi phí tài chính trên doanh thu thuần của CTCP Điện Gia Lai năm 2025 là bao nhiêu (%),0,0,0,,,False,False,False,0
713,713,Tỷ lệ doanh thu hoạt động tài chính trên chi phí tài chính của công ty mẹ HT1 năm 2020 là bao nhiêu %?,0,0,0,,,False,False,False,0
714,714,Kết quả thuần từ hoạt động tài chính của HUT năm 2024 là mấy tỷ đồng?,0,0,0,,,False,False,False,0
715,715,Tỷ lệ đầu tư ngắn hạn trên tiền và tương đương tiền của công ty mẹ Tập đoàn VINGROUP cuối năm 2023 là bao nhiêu %?,0,0,0,,,False,False,False,0
716,716,"Trong năm 2025, công ty mẹ POW có tỷ lệ lãi vay trên nợ vay dài hạn là bao nhiêu %?",0,0,0,,,False,False,False,0
717,717,Tính tỷ lệ % cam kết ngoại bảng trên tổng tài sản của công ty mẹ Ngân hàng TMCP Quốc Dân năm 2019.,0,0,0,,,False,False,False,0
718,718,Tỷ lệ giá vốn hàng bán trên doanh thu thuần của Công ty Cổ phần Bluemarq Group năm 2017 là bao nhiêu %?,0,0,0,,,False,False,False,0
719,719,Tỷ lệ dòng tiền thuần từ hoạt động kinh doanh trên lợi nhuận trước thuế của công ty mẹ Ngân hàng TMCP Quốc Dân năm 2016 là bao nhiêu %?,0,0,0,,,False,False,False,0
720,720,Tăng trưởng giá trị còn lại tài sản cố định vô hình của công ty mẹ SGB từ cuối năm 2017 đến cuối năm 2018 là bao nhiêu %?,0,0,0,,,False,False,False,0
721,721,"Tỷ lệ giá trị đầu tư vào cổ phiếu trên đầu tư liên doanh, liên kết của Tổng Công ty Lâm nghiệp Việt Nam - CTCP vào cuối năm 2020 là bao nhiêu %?",0,0,0,,,False,False,False,0
722,722,Lợi nhuận khác thuần của Công ty CP Tập đoàn Đại Dương năm 2022 là bao nhiêu tỷ đồng?,0,0,0,,,False,False,False,0
723,723,Tỷ trọng khoản cho vay dài hạn bên liên quan trong tổng khoản phải thu dài hạn từ bên liên quan của HAG tại năm 2018 là bao nhiêu phần trăm?,0,0,0,,,False,False,False,0
724,724,Tỷ lệ chi phí tài chính trên tổng doanh thu của công ty mẹ Tập đoàn Công nghiệp Cao su Việt Nam - CTCP cho năm 2015 là bao nhiêu %?,0,0,0,,,False,False,False,0
725,725,Kết quả hoạt động tài chính ròng của công ty mẹ CTCP SAM Holdings năm 2017 là mấy tỷ đồng?,0,0,0,,,False,False,False,0
726,726,Lợi nhuận thuần từ hoạt động tài chính của CTCP Tập đoàn GELEX năm 2024 là bao nhiêu tỷ đồng?,0,0,0,,,False,False,False,0
727,727,Tốc độ tăng trưởng giá trị rủi ro (VaR) 1 ngày danh mục cổ phiếu niêm yết của công ty mẹ BVH trong năm 2019 là bao nhiêu phần trăm?,0,0,0,,,False,False,False,0
728,728,Tính tỷ lệ % chi phí bán hàng và quản lý doanh nghiệp trên doanh thu thuần của công ty mẹ CTCP Tập đoàn Dabaco Việt Nam năm 2018?,0,0,0,,,False,False,False,0
729,729,Tỷ trọng vốn góp của cổ đông Nguyễn Khải Hoàn trong tổng vốn góp chủ sở hữu của CTCP Tập đoàn Khải Hoàn Land đến ngày 31/12/2024 là bao nhiêu phần trăm?,0,0,0,,,False,False,False,0
730,730,Lợi nhuận gộp của công ty mẹ Tổng Công ty Điện lực TKV - CTCP năm 2017 là bao nhiêu nghìn tỷ đồng?,0,0,0,,,False,False,False,0
731,731,Tỷ lệ cho vay khách hàng trên tổng tiền gửi khách hàng (LDR) của HDB vào cuối năm 2025 là bao nhiêu phần trăm?,0,0,0,,,False,False,False,0
732,732,Tổng vay ngắn hạn gấp tổng tiền mặt và tiền gửi ngân hàng của công ty mẹ FIT cuối năm 2023 bao nhiêu lần?,0,0,0,,,False,False,False,0
733,733,Chênh lệch thu nhập bình quân tháng trên mỗi nhân viên giữa công ty mẹ Ngân hàng TMCP Đông Nam Á và công ty mẹ Ngân hàng TMCP Việt Nam Thịnh Vượng trong năm 2020 là bao nhiêu triệu đồng?,0,0,0,,,False,False,False,0
734,734,Tính giá trị chênh lệch lưu chuyển tiền thuần từ hoạt động kinh doanh giữa 2 công ty mẹ là Tổng Công ty cổ phần Đầu tư Phát triển Xây dựng và Tổng Công ty Phát triển Đô thị Kinh Bắc năm 2025 theo đơn vị nghìn tỷ đồng.,0,0,0,,,False,False,False,0
735,735,Chênh lệch tỷ trọng nợ vay ngắn hạn trên tổng nợ vay của CTCP Tập đoàn Đại Dương và CTCP Tập đoàn Sao Mai năm 2017 là bao nhiêu phần trăm?,0,0,0,,,False,False,False,0
736,736,Chi phí xây dựng cơ bản dở dang của CTCP Tập đoàn C.E.O vào cuối năm 2024 lớn hơn của CTCP Phát triển Bất động sản Văn Phú bao nhiêu tỷ đồng?,0,0,0,,,False,False,False,0
737,737,Chênh lệch tổng giá vốn hàng bán và dịch vụ cung cấp giữa CTCP Tập đoàn Sao Mai và CTCP Nông nghiệp BAF Việt Nam trong năm 2023 là bao nhiêu tỷ đồng?,0,0,0,,,False,False,False,0
738,738,Chênh lệch giá trị còn lại tài sản cố định hữu hình cuối năm 2024 của công ty mẹ Ngân hàng TMCP Công Thương Việt Nam và công ty mẹ Ngân hàng TMCP Quân đội là bao nhiêu triệu đồng?,0,0,0,,,False,False,False,0
739,739,Quy mô nợ trái phiếu thường của công ty mẹ CTCP Phát triển Hạ tầng Kỹ thuật đến ngày 31/12/2017 trừ đi quy mô nợ trái phiếu thường của công ty mẹ CTCP Địa ốc Sài Gòn Thương Tín đến ngày 31/12/2017 là bao nhiêu tỷ đồng?,0,0,0,,,False,False,False,0
740,740,Chênh lệch giữa giá gốc khoản đầu tư vào công ty liên kết của công ty mẹ CTCP Điện Gia Lai và công ty mẹ CTCP Thủy điện Đa Nhim - Hàm Thuận - Đa Mi vào cuối năm 2023 là bao nhiêu tỷ đồng?,0,0,0,,,False,False,False,0
741,741,"Trong năm 2019, chênh lệch lợi nhuận trên mỗi cổ phiếu cơ bản giữa Tổng Công ty Lương thực Miền Nam và CTCP Tập đoàn Thủy sản Minh Phú là bao nhiêu nghìn đồng?",0,0,0,,,False,False,False,0
742,742,"Cuối năm 2019, số dư dự phòng rủi ro cho vay cụ thể của Ngân hàng TMCP Hàng hải Việt Nam chênh lệch bao nhiêu triệu đồng so với Ngân hàng TMCP Ngoại thương Việt Nam ?",0,0,0,,,False,False,False,0
743,743,Hiệu giữa giá trị còn lại của tài sản cố định hữu hình cuối năm 2023 của CTCP Điện lực Gelex và CTCP SAM Holdings là mấy nghìn tỷ đồng?,0,0,0,,,False,False,False,0
744,744,Hiệu giữa số dư trái phiếu phát hành của công ty mẹ Ngân hàng TMCP Kiên Long và công ty mẹ Ngân hàng TMCP Xuất nhập khẩu Việt Nam cuối năm 2024 là bao nhiêu? (Đơn vị tính: Triệu đồng),0,0,0,,,False,False,False,0
745,745,Hiệu số khoản phải thu bên ngoài của công ty mẹ Ngân hàng TMcp Quốc Dân và công ty mẹ Ngân hàng TMCP Quốc tế Việt Nam năm 2016 là bao nhiêu triệu đồng?,0,0,0,,,False,False,False,0
746,746,Chi phí thuế TNDN hiện hành công ty mẹ của CTCP Dịch vụ Bất động sản Đất Xanh năm 2024 trừ đi chi phí thuế TNDN hiện hành công ty mẹ của CTCP Tập đoàn Khải Hoàn Land năm 2024 là bao nhiêu triệu đồng ?,0,0,0,,,False,False,False,0
747,747,Chênh lệch chi phí xây dựng và phát triển bất động sản giữa CTCP Phát triển Bất động sản Văn Phú và CTCP Vincom Retail trong năm 2023 là bao nhiêu nghìn tỷ đồng?,0,0,0,,,False,False,False,0
748,748,Chênh lệch số lượng cổ phiếu phổ thông đang lưu hành cuối năm 2018 giữa Ngân hàng TMCP Quân đội và Ngân hàng TMCP Á Châu là bao nhiêu triệu cổ phiếu?,0,0,0,,,False,False,False,0
749,749,Giá trị thu nhập từ mua bán chứng khoán đầu tư của công ty mẹ Ngân hàng TMCP Xuất nhập khẩu Việt Nam năm 2025 trừ đi giá trị thu nhập từ mua bán chứng khoán đầu tư của công ty mẹ Ngân hàng TMCP Á Châu năm 2025 là bao nhiêu triệu đồng?,0,0,0,,,False,False,False,0
750,750,Lợi nhuận sau thuế của công ty mẹ Tổng Công ty cổ phần Bia - Rượu - Nước giải khát Sài Gòn năm 2024 trừ đi lợi nhuận sau thuế của công ty mẹ CTCP Tập đoàn Dabaco Việt Nam năm 2024 là bao nhiêu tỷ đồng ?,0,0,0,,,False,False,False,0
751,751,Dư nợ cho vay cá nhân cuối năm 2023 của Ngân hàng TMCP Phương Đông chênh lệch bao nhiêu triệu đồng so với Ngân hàng TMCP Nam Á ?,0,0,0,,,False,False,False,0
752,752,Chênh lệch lãi thuần từ hoạt động dịch vụ giữa Ngân hàng TMCP An Bình và Ngân hàng TMCP Quân đội năm 2022 là bao nhiêu triệu đồng?,0,0,0,,,False,False,False,0
753,753,Chênh lệch lợi nhuận thuần năm 2017 của công ty mẹ Ngân hàng TMCP Quốc tế Việt Nam và công ty mẹ Ngân hàng TMCP Hàng hải Việt Nam là bao nhiêu triệu đồng?,0,0,0,,,False,False,False,0
754,754,Tính chênh lệch quy mô dư nợ cho vay khách hàng nội địa của công ty mẹ Ngân hàng TMCP Phát triển Thành phố Hồ Chí Minh so với công ty mẹ Ngân hàng TMCP An Bình vào năm 2021 theo đơn vị triệu đồng.,0,0,0,,,False,False,False,0
755,755,"Đến ngày 31/12/2025, chênh lệch về mức chênh nhạy cảm với lãi suất nội bảng giữa Ngân hàng TMCP Đầu tư và Phát triển Việt Nam và Ngân hàng TMCP Sài Gòn Tài Lộc là bao nhiêu triệu đồng.",0,0,0,,,False,False,False,0
756,756,Số dư cho vay ngắn hạn cho khách hàng của Ngân hàng TMCP Á Châu vào cuối năm 2022 lớn hơn bao nhiêu Triệu đồng so với Ngân hàng TMCP Phát triển Thành phố Hồ Chí Minh ?,0,0,0,,,False,False,False,0
757,757,Chênh lệch giá trị còn lại tài sản cố định hữu hình cuối năm 2020 giữa Ngân hàng TMCP Sài Gòn - Hà Nội và Ngân hàng TMCP Nam Á là bao nhiêu triệu đồng?,0,0,0,,,False,False,False,0
758,758,Chênh lệch khoản vay ngắn hạn từ các bên liên quan cuối năm 2025 của công ty mẹ Tổng Công ty Phát triển Đô thị Kinh Bắc so với công ty mẹ Tập đoàn VINGROUP là bao nhiêu tỷ đồng?,0,0,0,,,False,False,False,0
759,759,Chênh lệch số dư phải thu ngắn hạn của khách hàng (Giá trị ghi sổ) cuối năm 2025 giữa CTCP Địa ốc Sài Gòn Thương Tín và CTCP Tập đoàn Đầu tư Địa ốc No Va là mấy nghìn tỷ đồng?,0,0,0,,,False,False,False,0
760,760,Chênh lệch chi phí cho nhân viên năm 2024 của Ngân hàng TMCP Bắc Á so với Ngân hàng TMCP Quốc Dân là bao nhiêu triệu đồng?,0,0,0,,,False,False,False,0
761,761,Tính số tiền chênh lệch tổng thù lao của thành viên quản lý chủ chốt năm 2024 giữa CTCP Tập đoàn Khải Hoàn Land  và CTCP Phát triển Hạ tầng Kỹ thuật theo đơn vị triệu đồng.,0,0,0,,,False,False,False,0
762,762,Chênh lệch tổng giá trị đầu tư tài chính dài hạn cuối năm 2019 giữa CTCP Tập đoàn GELEX và CTCP SAM Holdings là bao nhiêu tỷ đồng?,0,0,0,,,False,False,False,0
763,763,Chênh lệch thu nhập lãi tiền gửi giữa công ty mẹ Ngân hàng TMCP Công Thương Việt Nam và công ty mẹ Ngân hàng TMCP Việt Nam Thịnh Vượng năm 2019 là bao nhiêu triệu đồng?,0,0,0,,,False,False,False,0
764,764,Khoản chênh lệch số dư Quỹ đầu tư phát triển cuối năm 2015 giữa Tập đoàn Công nghiệp Cao su Việt Nam và Tổng công ty Phân bón và Hóa chất Dầu khí là bao nhiêu nghìn tỷ đồng?,0,0,0,,,False,False,False,0
765,765,Chênh lệch doanh thu lãi từ hoạt động ngân hàng giữa Ngân hàng TMCP Việt Nam Thịnh Vượng và TMCP Á Châu năm 2018 là bao nhiêu triệu đồng?,0,0,0,,,False,False,False,0
766,766,Sự chênh lệch số dư phải thu khách hàng từ các bên liên quan cuối năm 2017 giữa Tổng Công ty cổ phần Vận tải Dầu khí và Tổng Công ty Lọc hóa dầu Việt Nam là bao nhiêu tỷ đồng ?,0,0,0,,,False,False,False,0
767,767,Giá trị tiền và các khoản tương đương tiền của công ty mẹ CTCP Tập đoàn Đức Long Gia Lai chênh lệch với công ty mẹ Tổng Công ty Cảng Hàng không Việt Nam đến ngày 31/12/2015 là bao nhiêu nghìn tỷ đồng?,0,0,0,,,False,False,False,0
768,768,Độ chênh lệch về lãi thuần từ hoạt động khác giữa Ngân hàng TMCP Quân đội và Ngân hàng TMCP Hàng hải Việt Nam trong năm 2025 là bao nhiêu triệu đồng?,0,0,0,,,False,False,False,0
769,769,Chênh lệch giữa giá trị còn lại của Quyền sử dụng đất giữa CTCP Container Việt Nam và Tổng Công ty Cảng Hàng không Việt Nam đến ngày 31/12/2015 là bao nhiêu tỷ đồng?,0,0,0,,,False,False,False,0
770,770,Hiệu số vốn chủ sở hữu của công ty mẹ Tổng Công ty Khí Việt Nam - CTCP và công ty mẹ Tổng Công ty Điện lực Dầu khí Việt Nam tính đến ngày 31/12/2023 là bao nhiêu tỷ đồng?,0,0,0,,,False,False,False,0
771,771,Chênh lệch chi phí trích lập dự phòng rủi ro cho vay khách hàng năm 2023 giữa công ty mẹ Ngân hàng TMCP Quân đội và công ty mẹ Ngân hàng TMCP Công Thương Việt Nam là bao nhiêu triệu đồng?,0,0,0,,,False,False,False,0
772,772,Chênh lệch số dư cuối kỳ trả trước cho nhà cung cấp hàng hóa và dịch vụ giữa CTCP Hoàng Anh Gia Lai và CTCP Nông nghiệp Quốc tế Hoàng Anh Gia Lai cuối năm 2021 là bao nhiêu tỷ đồng?,0,0,0,,,False,False,False,0
773,773,Chênh lệch chi phí dịch vụ mua ngoài năm 2020 của công ty mẹ CTCP Vincom Retail và công ty mẹ Tổng Công ty Phát triển Đô thị Kinh Bắc là bao nhiêu triệu đồng?,0,0,0,,,False,False,False,0
774,774,Chênh lệch giữa số dư tiền mặt và vàng của công ty mẹ Ngân hàng TMCP Quốc tế Việt Nam và công ty mẹ Ngân hàng TMCP Sài Gòn - Hà Nội (SHB) vào cuối năm 2022 là bao nhiêu triệu đồng?,0,0,0,,,False,False,False,0
775,775,Chênh lệch chi phí dịch vụ mua ngoài năm 2022 giữa Tổng Công ty cổ phần Phát triển Khu Công nghiệp và CTCP Phát triển Bất động sản Văn Phú là bao nhiêu tỷ đồng?,0,0,0,,,False,False,False,0
776,776,Tính chênh lệch lợi nhuận sau thuế giữa công ty mẹ CTCP Tập đoàn Masan và công ty mẹ CTCP Masan MeatLife trong năm 2021 theo đơn vị nghìn tỷ đồng.,0,0,0,,,False,False,False,0
777,777,Sự chênh lệch giữa chi phí thuế thu nhập doanh nghiệp hiện hành năm 2018 của công ty mẹ CTCP Hàng tiêu dùng Masan và công ty mẹ CTCP Sữa Việt Nam là bao nhiêu tỷ đồng?,0,0,0,,,False,False,False,0
778,778,Chi phí lãi vay của CTCP Tập đoàn Hoa Sen năm 2018 trừ đi chi phí lãi vay của Tổng công ty Phân bón và Hóa chất Dầu khí - CTCP năm 2018 là bao nhiêu tỷ đồng?,0,0,0,,,False,False,False,0
779,779,Chênh lệch lãi cơ bản trên một cổ phiếu năm 2018 giữa CTCP Hàng tiêu dùng Masan và CTCP Masan MeatLife là bao nhiêu nghìn đồng?,0,0,0,,,False,False,False,0
780,780,"Cuối năm 2024, dự phòng rủi ro cho vay khách hàng của ngân hàng mẹ Bắc Á chênh lệch bao nhiêu triệu đồng so với Saigonbank?",0,0,0,,,False,False,False,0
781,781,Nợ vay ngắn hạn tại thời điểm cuối năm 2018 của công ty mẹ PC1 chênh lệch bao nhiêu tỷ đồng so với GELEX?,0,0,0,,,False,False,False,0
782,782,Vốn cổ phần cuối năm 2016 của CTCP Sữa Việt Nam chênh lệch bao nhiêu tỷ đồng so với Nông nghiệp Quốc tế HAGL?,0,0,0,,,False,False,False,0
783,783,"Tính đến ngày 31/12/2023, xét riêng khối ngân hàng mẹ, tổng tài sản của MBBank lớn hơn Eximbank bao nhiêu triệu đồng?",0,0,0,,,False,False,False,0
784,784,Chênh lệch cam kết thuê hoạt động ngắn hạn trên báo cáo tài chính công ty mẹ của Tập đoàn Dệt May Việt Nam và Tập đoàn Kỹ nghệ gỗ Trường Thành tại ngày 31/12/2023 là bao nhiêu tỷ đồng?,0,0,0,,,False,False,False,0
785,785,"Cuối năm 2020, số lượng cổ phiếu đang lưu hành của CTCP Tasco ít hơn của CTCP Dịch vụ Hoàng Huy là bao nhiêu?",0,0,0,,,False,False,False,0
786,786,Lợi nhuận trước thuế năm 2023 của công ty mẹ TKV vượt CTCP Nhiệt điện Hải Phòng bao nhiêu tỷ đồng?,0,0,0,,,False,False,False,0
787,787,"Năm 2024, trạng thái tiền tệ nội bảng của công ty mẹ Ngân hàng Quốc Dân và Ngân hàng Kiên Long chênh lệch nhau mấy triệu đồng?",0,0,0,,,False,False,False,0
788,788,Chi phí nguyên vật liệu năm 2020 của BAF Việt Nam và Tập Đoàn Sao Mai chênh lệch nhau bao nhiêu nghìn tỷ đồng ?,0,0,0,,,False,False,False,0
789,789,Chênh lệch tổng chi phí dịch vụ mua ngoài năm 2022 giữa công ty mẹ Tổng Công ty Lâm nghiệp Việt Nam và công ty mẹ CTCP Nhựa An Phát Xanh là bao nhiêu tỷ đồng?,0,0,0,,,False,False,False,0
790,790,"Cuối năm 2023, tỉ trọng dư nợ ngành công nghiệp chế biến, chế tạo trên BCTC riêng của VIB chênh lệch bao nhiêu phần trăm so với BIDV?",0,0,0,,,False,False,False,0
791,791,"Cuối năm 2017, giá trị thuần của nguyên vật liệu của Tổng Công ty Khí Việt Nam cao hơn của CTCP Điện Gia Lai (GEG) bao nhiêu tỷ đồng?",0,0,0,,,False,False,False,0
792,792,"Cuối năm 2022, số dư dự phòng tài sản có khác của Eximbank hơn MBBank mấy triệu đồng?",0,0,0,,,False,False,False,0
793,793,"Cuối năm 2025, số lượng cổ phiếu phổ thông đang lưu hành của GEE chênh lệch bao nhiêu so với GEX (đơn vị triệu cổ phiếu)?",0,0,0,,,False,False,False,0
794,794,"Năm 2023, nguồn thu từ dịch vụ xây dựng của CTCP Địa ốc Sài Gòn Thương Tín kém hơn bao nhiêu tỷ đồng so với CTCP Đầu tư Nam Long?",0,0,0,,,False,False,False,0
795,795,"Cuối năm 2019, chi phí trả trước ngắn hạn trên BCTC riêng của GAS cao hơn POW bao nhiêu tỷ đồng?",0,0,0,,,False,False,False,0
796,796,"Trong năm 2021, tỷ trọng chi phí lãi tiền gửi của Sài Gòn Công Thương và TMCP Quốc Dân chênh lệch nhau bao nhiêu phần trăm?",0,0,0,,,False,False,False,0
797,797,"Trong năm 2019, số tiền ACV chi trả cho nhân viên nhiều hơn Vietjet bao nhiêu tỷ đồng?",0,0,0,,,False,False,False,0
798,798,Chênh lệch giá trị còn lại của tài sản cố định hữu hình (BCTC riêng) tính đến ngày 31/12/2022 giữa HHV và VSC là bao nhiêu tỷ đồng?,0,0,0,,,False,False,False,0
799,799,"Năm 2021, vốn chủ sở hữu của công ty mẹ Tập đoàn Xây dựng Hòa Bình chênh lệch bao nhiêu tỷ đồng so với công ty mẹ SAM Holdings?",0,0,0,,,False,False,False,0
800,800,Tính đến cuối năm 2022 thì công ty mẹ BIDV nợ các tổ chức tín dụng khác nhiều hơn công ty mẹ MSB mấy triệu thế nhỉ?,0,0,0,,,False,False,False,0
801,801,Hiệu số số dư nợ phải trả người bán ngắn hạn giữa CTCP Hàng không Vietjet và CTCP Container Việt Nam đến ngày 31/12/2016 là bao nhiêu tỷ đồng?,0,0,0,,,False,False,False,0
802,802,Chênh lệch tuyệt đối lãi cho vay chưa thu được giữa Ngân hàng TMCP Phát triển Thành phố Hồ Chí Minh và Ngân hàng TMCP Xuất nhập khẩu Việt Nam là bao nhiêu triệu đồng tính đến ngày 31/12/2024?,0,0,0,,,False,False,False,0
803,803,"Vào ngày 31/12/2015, công ty mẹ Ngân hàng TMCP Quân đội và công ty mẹ Ngân hàng TMCP Sài Gòn - Hà Nội có số dư tiền gửi tại Ngân hàng Nhà nước Việt Nam chênh lệch bao nhiêu triệu đồng?",0,0,0,,,False,False,False,0
804,804,"So với SCR, khoản tiền gửi có kỳ hạn tại ngân hàng của CRE vào thời điểm cuối năm 2023 cao hơn bao nhiêu tỷ đồng?",0,0,0,,,False,False,False,0
805,805,Chênh lệch tổng phải thu ngắn hạn từ các bên liên quan tại thời điểm cuối năm 2018 giữa hai công ty mẹ Địa ốc Sài Gòn Thương Tín và Đầu tư Phát triển Xây dựng là bao nhiêu tỷ đồng?,0,0,0,,,False,False,False,0
806,806,Sự chênh lệch về tỷ lệ biểu quyết trung bình của các công ty con giữa CTCP Đầu tư Nam Long và CTCP Địa ốc Sài Gòn Thương Tín trong năm 2020 là bao nhiêu %?,0,0,0,,,False,False,False,0
807,807,Chênh lệch dự phòng rủi ro chứng khoán sẵn sàng để bán giữa công ty mẹ Ngân hàng TMCP Sài Gòn - Hà Nội (SHB) và công ty mẹ Ngân hàng TMCP Đông Nam Á (SSB) đến ngày 31/12/2021 là bao nhiêu triệu đồng?,0,0,0,,,False,False,False,0
808,808,Chênh lệch tổng tài sản giữa Tổng công ty Phân bón Dầu khí Cà Mau và Tổng công ty Phân bón và Hóa chất Dầu khí vào cuối năm 2025 là bao nhiêu tỷ đồng?,0,0,0,,,False,False,False,0
809,809,Tính chênh lệch thuế thu nhập doanh nghiệp phải nộp trong năm 2025 giữa Công ty Cổ phần Thủy điện Đa Nhim - Hàm Thuận - Đa Mi (DNH) - công ty mẹ và Công ty Cổ phần Nhiệt điện Hải Phòng (HND) là bao nhiêu tỷ đồng?,0,0,0,,,False,False,False,0
810,810,Chênh lệch giữa chi phí lãi tiền gửi năm 2025 của công ty mẹ Ngân hàng TMCP Ngoại thương Việt Nam và chi phí lãi tiền gửi của công ty mẹ Ngân hàng TMCP Việt Nam Thịnh Vượng là bao nhiêu triệu đồng?,0,0,0,,,False,False,False,0
811,811,Tính chênh lệch lợi nhuận thuần sau thuế năm 2024 giữa CTCP Hoàng Anh Gia Lai và CTCP Nông nghiệp BAF Việt Nam là mấy tỷ đồng?,0,0,0,,,False,False,False,0
812,812,Chênh lệch giá trị còn lại của TSCĐ hữu hình cuối năm 2016 của CTCP Sữa Việt Nam so với Tổng Công ty cổ phần Bia - Rượu - Nước giải khát Sài Gòn là bao nhiêu nghìn tỷ đồng?,0,0,0,,,False,False,False,0
813,813,"Công ty mẹ ACV ghi nhận mức doanh thu thuần bán hàng và cung cấp dịch vụ cao nhất vào năm nào trong các mốc 2015, 2017, 2019 và 2023?",0,0,0,,,False,False,False,0
814,814,"Chi phí vỏ bình gas bình quân của Tổng Công ty Khí Việt Nam - CTCP (GAS) công ty mẹ qua các năm 2020, 2022 và 2024 là bao nhiêu tỷ đồng?",0,0,0,,,False,False,False,0
815,815,"Lãi thuần từ hoạt động kinh doanh ngoại hối cao nhất của Ngân hàng TMCP Phương Đông trong các năm 2017, 2020, 2021 và 2022 là bao nhiêu tỷ đồng?",0,0,0,,,False,False,False,0
816,816,"Tính trị bình quân dư nợ vay ngắn hạn cuối năm 2017, cuối năm 2020 và cuối năm 2022 của CTCP Tập đoàn Masan (MSN) theo đơn vị nghìn tỷ đồng.",0,0,0,,,False,False,False,0
817,817,"Tính tổng chi phí khấu hao nhà cửa trong năm của HPG công ty mẹ cho các năm 2015, 2019, 2022, 2023 và 2024, tính bằng tỷ đồng.",0,0,0,,,False,False,False,0
818,818,"Giá trị trung bình của tổng số dư dự phòng phải thu khó đòi cuối kỳ của FTS tại các mốc cuối năm 2018, 2020, 2021, 2023 và 2024 là bao nhiêu triệu đồng?",0,0,0,,,False,False,False,0
819,819,"Giá trị trung bình của chi phí trích lập dự phòng rủi ro tín dụng (cho vay khách hàng) năm 2024 ở mức công ty mẹ của Ngân hàng TMCP Hàng hải Việt Nam (MSB), Ngân hàng TMCP Đầu tư và Phát triển Việt Nam (BID) và Ngân hàng TMCP An Bình (ABB) là bao nhiêu, đơn vị tỷ đồng?",0,0,0,,,False,False,False,0
820,820,"Tổng doanh thu hoạt động tài chính trung bình của Tổng Công ty cổ phần Phát triển Khu Công nghiệp công ty mẹ trong các năm 2018, 2019, 2020, 2021 và 2022 là mấy trăm tỷ đồng?",0,0,0,,,False,False,False,0
821,821,"Tính tỷ trọng trung bình dư nợ cho vay ngành bất động sản của Ngân hàng TMCP Phương Đông (OCB) công ty mẹ tại các mốc đến ngày 31/12/2017, 31/12/2020, 31/12/2024 và 31/12/2025 là bao nhiêu %?",0,0,0,,,False,False,False,0
822,822,"Chỉ tiêu Thu nhập khác của ASM ở dữ liệu công ty mẹ đạt mức cao nhất vào năm nào trong giai đoạn 2016, 2021, 2022 và 2024?",0,0,0,,,False,False,False,0
823,823,"Trong các năm 2019, 2021, 2024 và 2025, CTCP Tập đoàn Hoa Sen (mã HSG) có bao nhiêu năm ghi nhận số tiền trích lập quỹ khen thưởng, phúc lợi nhiều hơn 40 tỷ đồng trong năm?",0,0,0,,,False,False,False,0
824,824,"Số lượng trung bình cổ phiếu phổ thông đang lưu hành của CTCP Hàng không Vietjet (VJC) vào cuối các năm 2016, 2019 và 2021 là bao nhiêu triệu cổ phiếu?",0,0,0,,,False,False,False,0
825,825,"Số dư khoản phải trả ngắn hạn cho Tập đoàn Điện lực Việt Nam của công ty mẹ Tổng Công ty Điện lực Dầu khí Việt Nam - CTCP vào cuối các năm 2017, 2018, 2021 và 2024 đạt mức cao nhất là bao nhiêu tỷ đồng?",0,0,0,,,False,False,False,0
826,826,"Năm nào trong giai đoạn 2016, 2019, 2020 và 2022, Tổng Công ty Phát triển Đô thị Kinh Bắc - CTCP có tỷ trọng giá vốn cho thuê dài hạn đất và cơ sở hạ tầng trên tổng giá vốn hàng bán và dịch vụ cung cấp cao nhất?",0,0,0,,,False,False,False,0
827,827,"Vào cuối năm 2019, số tiền trung bình chỉ tiêu Tổng thuế và các khoản phải nộp nhà nước của Tổng Công ty cổ phần Phát triển Khu Công nghiệp công ty mẹ, Tập đoàn VINGROUP - CTCP công ty mẹ, CTCP Dịch vụ Bất động sản Đất Xanh công ty mẹ và CTCP Đầu tư Hải Phát công ty mẹ là bao nhiêu tỷ đồng?",0,0,0,,,False,False,False,0
828,828,"Tỷ lệ dự phòng bù đắp rủi ro của ACB công ty mẹ có giá trị cao nhất trong các năm 2017, 2020, 2021, 2022, 2024 là bao nhiêu %?",0,0,0,,,False,False,False,0
829,829,"Năm nào TTF có mức Lợi nhuận khác cao nhất trong các năm 2016, 2017, 2023 và 2025?",0,0,0,,,False,False,False,0
830,830,"Tính giá trị trung bình của Tổng dư tiền mặt và vàng cuối kỳ công ty mẹ của Ngân hàng TMCP Sài Gòn Thương Tín (STB) cho các năm 2017, 2021 và 2022, đơn vị triệu đồng.",0,0,0,,,False,False,False,0
831,831,"Doanh thu hoạt động tài chính bình quân của DLG, VJC, ACV và VSC năm 2015 là bao nhiêu tỷ đồng?",0,0,0,,,False,False,False,0
832,832,"Năm nào có giá trị tiền và các khoản tương đương tiền cao nhất của công ty mẹ CTCP Hàng tiêu dùng Masan vào các năm 2017, 2018, 2019, 2022 và 2025?",0,0,0,,,False,False,False,0
833,833,"Tính tổng giá trị cổ tức nhận được của Tập đoàn Dệt May Việt Nam (VGT) công ty mẹ trong các năm 2016, 2024 và 2025 theo đơn vị trăm tỷ đồng.",0,0,0,,,False,False,False,0
834,834,"Doanh thu thuần cao nhất của Tổng Công ty Khí Việt Nam - CTCP trong các năm 2015, 2016, 2017 và 2025 là bao nhiêu nghìn tỷ đồng?",0,0,0,,,False,False,False,0
835,835,"Giá trị lớn nhất của tổng nợ vay dài hạn của FOX, công ty mẹ, trong các năm 2016, 2017, 2018, 2019 và 2020 là bao nhiêu tỷ đồng?",0,0,0,,,False,False,False,0
836,836,"Dựa trên dữ liệu công ty mẹ TTF, khoản dự phòng phải thu khó đòi được trích lập trong năm đạt mức cao nhất trong các mốc 2017, 2019, 2021 và 2025 là bao nhiêu tỷ đồng?",0,0,0,,,False,False,False,0
837,837,"Số năm tồn tại khoản mục Doanh thu chưa thực hiện liên quan đến nhà số 2 Điện Biên Phú/Phù của Tổng Công ty Lương thực Miền Nam - CTCP (VSF) tại các mốc năm 2018, 2019, 2021, 2022 và 2023 là bao nhiêu?",0,0,0,,,False,False,False,0
838,838,"Trong các mốc cuối năm 2017, 2018, 2020, 2021 và 2024, MSN có số dư Đầu tư tài chính dài hạn cao nhất là bao nhiêu nghìn tỷ đồng?",0,0,0,,,False,False,False,0
839,839,"Tỷ lệ dự phòng giảm giá hàng tồn kho bình quân của CTCP - Tổng Công ty Lọc hóa dầu Việt Nam qua các năm 2017, 2019, 2021, 2024 và 2025 là bao nhiêu %?",0,0,0,,,False,False,False,0
840,840,"Tính giá trị trung bình của tổng chi phí trả trước dài hạn vào các thời điểm cuối năm 2016, 2017, 2018, 2020 và 2024 đối với Công ty Cổ phần Tập đoàn Hòa Phát (HPG) – công ty mẹ theo đơn vị tỷ đồng.",0,0,0,,,False,False,False,0
841,841,"Năm nào có tổng chi phí trả trước dài hạn cuối năm lớn nhất của Tập đoàn Dệt May Việt Nam công ty mẹ trong các năm 2017, 2018, 2021, 2022 và 2023?",0,0,0,,,False,False,False,0
842,842,"CTCP Phát triển Bất động sản Phát Đạt (mã PDR) công ty mẹ có lợi nhuận trước thuế cao nhất vào năm nào trong số các năm 2015, 2018 và 2022?",0,0,0,,,False,False,False,0
843,843,"Tổng cộng cổ tức nhận được từ các khoản đầu tư của Công ty Tài chính Tổng hợp Cổ phần Điện lực (EVF) trong các năm 2020, 2022 và 2024 là bao nhiêu, đơn vị tính là Triệu đồng?",0,0,0,,,False,False,False,0
844,844,"Tỷ trọng vốn chủ sở hữu trung bình của CTCP Đầu tư Nam Long (NLG) trong các năm 2015, 2018 và 2024 là bao nhiêu %?",0,0,0,,,False,False,False,0
845,845,"Lãi cơ bản trên cổ phiếu (EPS) lớn nhất của Tập đoàn Bảo Việt (BVH) qua các năm tài chính 2017, 2019, 2022 và 2024 là bao nhiêu nghìn đồng/cổ phiếu?",0,0,0,,,False,False,False,0
846,846,"Tỷ lệ trung bình của hao mòn lũy kế trên nguyên giá của CTCP Tập đoàn Hà Đô (HDG) công ty mẹ trong các năm 2020, 2021, 2022, 2023 và 2025 là bao nhiêu phần trăm?",0,0,0,,,False,False,False,0
847,847,"Giá trị còn lại (giá trị thuần) Tài sản cố định vô hình cuối kỳ cao nhất của Công ty Cổ phần Đường Quảng Ngãi (QNS) là bao nhiêu tỷ đồng trong các năm 2019, 2020, 2021, 2023, 2024?",0,0,0,,,False,False,False,0
848,848,"Tổng chi phí xây dựng cơ bản dở dang cuối năm 2021 của CTCP Bluemarq Group, CTCP Dịch vụ Bất động sản Đất Xanh và CTCP Đầu tư Nam Long cộng lại là bao nhiêu tỷ đồng?",0,0,0,,,False,False,False,0
849,849,"Tỷ trọng chi phí khấu hao và phân bổ trong tổng chi phí sản xuất và kinh doanh theo yếu tố của Tổng Công ty cổ phần Bia - Rượu - Nước giải khát Sài Gòn đạt mức cao nhất trong các năm 2018, 2020, 2024 và 2025 là bao nhiêu phần trăm?",0,0,0,,,False,False,False,0
850,850,"Trong khoảng thời gian 2017, 2018, 2020, 2022 và 2024, CTCP Tập đoàn Kỹ nghệ gỗ Trường Thành có tổng giá vốn hàng bán và dịch vụ cung cấp cao nhất vào năm nào?",0,0,0,,,False,False,False,0
851,851,"Tổng số thuế thu nhập doanh nghiệp phải nộp trong năm của CTCP Tập đoàn GELEX (GEX) công ty mẹ tại các năm 2015, 2018, 2022 và 2025 là bao nhiêu tỷ đồng?",0,0,0,,,False,False,False,0
852,852,"Ngân hàng TMCP Đầu tư và Phát triển Việt Nam có số dư các khoản phải thu bên ngoài lớn nhất vào năm nào trong số các năm 2020, 2022, 2024 và 2025?",0,0,0,,,False,False,False,0
853,853,"Trong năm 2022, tỷ lệ vốn chủ sở hữu trên tổng nguồn vốn công ty mẹ của CTCP Thủy điện Đa Nhim - Hàm Thuận - Đa Mi (DNH), CTCP Điện Gia Lai (GEG) và Tổng Công ty Điện lực Dầu khí Việt Nam - CTCP (POW) có giá trị trung bình là bao nhiêu phần trăm?",0,0,0,,,False,False,False,0
854,854,"Trung bình doanh thu chưa thực hiện cuối kỳ của CTCP Đầu tư Nam Long (NLG) trong các năm tài chính 2020, 2021 và 2023 là mấy trăm tỷ đồng?",0,0,0,,,False,False,False,0
855,855,"CTCP Nông nghiệp Quốc tế Hoàng Anh Gia Lai (HNG) ghi nhận chi phí khấu hao tài sản ngưng sử dụng lớn hơn 0 đồng trong bao nhiêu năm trong số các năm 2015, 2016, 2021 và 2022?",0,0,0,,,False,False,False,0
856,856,"Lãi cơ bản trên cổ phiếu trung bình của Công ty CP Tập đoàn PC1 qua các năm tài chính 2015, 2020, 2022, 2023 và 2024 là bao nhiêu VNĐ/cổ phiếu?",0,0,0,,,False,False,False,0
857,857,Số dư cuối năm Quỹ khen thưởng và phúc lợi cao nhất của EIB trong giai đoạn từ năm 2016 đến năm 2018 là bao nhiêu tỷ đồng?,0,0,0,,,False,False,False,0
858,858,"Tổng giá trị chi phí bán hàng của công ty mẹ SAB, công ty mẹ DBC và công ty mẹ MCH vào năm 2017 là mấy nghìn tỷ đồng?",0,0,0,,,False,False,False,0
859,859,"CTCP - Tổng công ty Phân bón Dầu khí Cà Mau có số dư cuối năm quỹ khen thưởng, phúc lợi lớn nhất trong các năm 2022, 2023 và 2024 là bao nhiêu tỷ đồng?",0,0,0,,,False,False,False,0
860,860,"Trong các năm 2017, 2022 và 2023, tổng chi phí khác của CTCP Tập đoàn Đại Dương đạt giá trị cao nhất vào năm nào?",0,0,0,,,False,False,False,0
861,861,"Tính giá trị trung bình số lượng cổ phiếu phổ thông đang lưu hành của CTCP Tập đoàn Đại Dương (OGC), CTCP Sữa Việt Nam (VNM) và CTCP Nông nghiệp Quốc tế Hoàng Anh Gia Lai (HNG) cuối năm 2015, tính bằng đơn vị cổ phiếu.",0,0,0,,,False,False,False,0
862,862,"Tổng chi phí tài chính của CTCP Địa ốc Sài Gòn Thương Tín, Tổng Công ty cổ phần Đầu tư Phát triển Xây dựng, CTCP Bluemarq Group, Tổng Công ty Phát triển Đô thị Kinh Bắc - CTCP và CTCP Phát triển Hạ tầng Kỹ thuật trong năm 2016 là bao nhiêu tỷ đồng?",0,0,0,,,False,False,False,0
863,863,"Số năm mà CTCP Hoàng Anh Gia Lai (công ty mẹ) có số dư khoản phải trả ngắn hạn khác với Công ty TNHH MTV Kinh doanh Xuất nhập khẩu Hoàng Anh Gia Lai lớn hơn 0 trong các năm 2015, 2019 và 2021 là bao nhiêu?",0,0,0,,,False,False,False,0
864,864,"Số dư cuối kỳ Quỹ khen thưởng và phúc lợi của Ngân hàng TMCP Xuất nhập khẩu Việt Nam (EIB) năm 2017, 2019, 2021 và 2025 đạt giá trị cao nhất là mấy trăm tỷ đồng?",0,0,0,,,False,False,False,0
865,865,"Giá trị trung bình của tỷ lệ dự phòng phải thu khó đòi ngắn hạn trên tổng phải thu ngắn hạn từ khách hàng tại VIF, công ty mẹ, trong các năm 2017, 2020, 2021 và 2022 là bao nhiêu %?",0,0,0,,,False,False,False,0
866,866,"Với SJG, năm nào trong các mốc 2018, 2019, 2020, 2021 có tổng thuế và các khoản phải nộp Nhà nước lớn nhất?",0,0,0,,,False,False,False,0
867,867,"Giá trị trung bình tổng nợ phải trả cuối năm 2022, 2023 và 2025 của CTCP Đầu tư Hải Phát (HPX) là mấy nghìn tỷ đồng?",0,0,0,,,False,False,False,0
868,868,"Ngân hàng TMCP Ngoại thương Việt Nam có mức thuế TNDN hiện hành phải nộp trong năm lớn nhất là bao nhiêu tỷ đồng trong các năm 2015, 2017, 2018, 2022 và 2023?",0,0,0,,,False,False,False,0
869,869,"Tổng lưu chuyển tiền thuần từ hoạt động tài chính của công ty mẹ Ngân hàng TMCP Quốc Dân (NVB) trong các năm 2015, 2016, 2019, 2024 và 2025 là bao nhiêu nghìn tỷ đồng?",0,0,0,,,False,False,False,0
870,870,"Tổng Công ty cổ phần Bia - Rượu - Nước giải khát Sài Gòn (SAB) có số năm lưu chuyển tiền ròng từ hoạt động đầu tư âm là bao nhiêu trong các năm 2022, 2023 và 2024?",0,0,0,,,False,False,False,0
871,871,"Số tiền trích lập vào Quỹ khen thưởng, phúc lợi trong năm của Công ty CP Tập đoàn Thủy sản Minh Phú đạt mức cao nhất trong các năm 2019, 2022, 2023 và 2024 là mấy tỷ đồng?",0,0,0,,,False,False,False,0
872,872,"Giá trị trung bình cộng của giá trị còn lại của tài sản cố định vô hình vào cuối năm 2021, 2022, 2023 và 2025 của Công ty Tài chính Tổng hợp Cổ phần Điện lực (mã EVF) là bao nhiêu tỷ đồng?",0,0,0,,,False,False,False,0
873,873,"Tổng chi phí thuế thu nhập doanh nghiệp cao nhất của Công ty Cổ phần Bluemarq Group trong các năm 2017, 2018, 2021, 2023, 2025 là bao nhiêu tỷ đồng?",0,0,0,,,False,False,False,0
874,874,"VNM có giá trị còn lại của tài sản cố định hữu hình lớn nhất vào cuối năm nào trong các mốc 2015, 2016, 2021, 2023 và 2025?",0,0,0,,,False,False,False,0
875,875,"Giá trị trung bình tổng tài sản của Ngân hàng TMCP Sài Gòn Tài Lộc công ty mẹ trong các năm 2016, 2017, 2022 và 2025 là bao nhiêu nghìn tỷ đồng?",0,0,0,,,False,False,False,0
876,876,"Trong các năm 2017, 2019, 2021 và 2022, năm nào ACV có chỉ tiêu Chi phí lãi vay lớn nhất?",0,0,0,,,False,False,False,0
877,877,"Năm nào có tỷ trọng chi phí lãi tiền gửi trong tổng chi phí lãi (%) cao nhất của HDB trong các năm 2023, 2024 và 2025?",0,0,0,,,False,False,False,0
878,878,"Năm nào trong giai đoạn 2015, 2017 và 2019 ghi nhận giá trị còn lại cuối năm của bất động sản đầu tư (nhà xưởng) lớn nhất của KBC?",0,0,0,,,False,False,False,0
879,879,"Với công ty mẹ VNM, năm nào trong các mốc 2019, 2022, 2023, 2024 và 2025 ghi nhận giá trị thuế thu nhập doanh nghiệp đã nộp cao nhất?",0,0,0,,,False,False,False,0
880,880,"Tính trung bình tỷ trọng trái phiếu Chính phủ trong tổng chứng khoán nợ của MBB công ty mẹ, MSB công ty mẹ và STB công ty mẹ trong năm 2022 là bao nhiêu %?",0,0,0,,,False,False,False,0
881,881,"Giá trị trung bình tỷ lệ hao mòn lũy kế so với nguyên giá tài sản cố định hữu hình của CTCP Nhiệt điện Hải Phòng (HND) trong các năm 2016, 2018, 2019, 2020 và 2021 là bao nhiêu (%)?",0,0,0,,,False,False,False,0
882,882,"Tính giá trị trung bình của tỷ lệ phần trăm khoản tiền thuê phải thu trong tương lai đến hạn dưới 1 năm so với tổng giá trị tiền thuê trong tương lai phải thu cho 4 công ty NLG, VIC, DIG và SNZ trong năm 2017.",0,0,0,,,False,False,False,0
883,883,"Ngân hàng TMCP Quân đội (mã MBB) có dư nợ chứng khoán kinh doanh nợ cao nhất vào cuối năm nào trong các năm 2022, 2023 và 2025?",0,0,0,,,False,False,False,0
884,884,"Năm nào có tổng nợ phải trả của HND cao nhất trong các năm 2016, 2017, 2018, 2021 và 2022?",0,0,0,,,False,False,False,0
885,885,"Tỷ trọng chứng chỉ tiền gửi có kỳ hạn dưới 12 tháng tại các năm cuối 2021, 2022 và 2025 của STB đạt giá trị lớn nhất là bao nhiêu %?",0,0,0,,,False,False,False,0
886,886,"Mức giá trị lớn nhất của chỉ tiêu Tổng số dư dự phòng rủi ro cho vay khách hàng của VIB qua các năm tài chính 2015, 2022 và 2023 là bao nhiêu triệu đồng?",0,0,0,,,False,False,False,0
887,887,"Tổng thù lao Hội đồng Quản trị của Công ty mẹ Tập đoàn VINGROUP - CTCP (VIC) cho các năm 2022, 2023 và 2024 sau khi được cộng dồn lại là bao nhiêu triệu đồng?",0,0,0,,,False,False,False,0
888,888,"Tính giá trị trung bình Trái phiếu Chính phủ cuối năm 2021 của Ngân hàng TMCP Sài Gòn - Hà Nội công ty mẹ, Ngân hàng TMCP Đông Nam Á công ty mẹ, Ngân hàng TMCP Công Thương Việt Nam công ty mẹ, Ngân hàng TMCP Sài Gòn Tài Lộc công ty mẹ và Ngân hàng TMCP Xuất nhập khẩu Việt Nam công ty mẹ theo đơn vị tính nghìn tỷ đồng.",0,0,0,,,False,False,False,0
889,889,"Năm nào trong số 2019, 2020, 2023, 2024 có giá trị còn lại của TSCĐ vô hình lớn nhất của CTCP Chứng khoán FPT (FTS)?",0,0,0,,,False,False,False,0
890,890,"Với CTCP Tập đoàn Đầu tư Địa ốc No Va (NVL), năm nào trong các năm 2017, 2021 và 2023 có giá trị tuyệt đối của Tiền trả trước cho người bán ngắn hạn (số dư cuối kỳ) trên báo cáo tài chính riêng cao nhất?",0,0,0,,,False,False,False,0
891,891,"Giá trị trung bình của chi phí lãi vay ngắn hạn phải trả vào cuối năm 2022 của CTCP Tập đoàn Xây dựng Hòa Bình (HBC), CTCP Tập đoàn GELEX (GEX), Tổng Công ty Viglacera - CTCP (VGC) và Tổng Công ty Sông Đà - CTCP (SJG) là bao nhiêu tỷ đồng?",0,0,0,,,False,False,False,0
892,892,"Tỷ trọng doanh thu từ khu vực Lào so với tổng doanh thu toàn công ty của CTCP Hoàng Anh Gia Lai (HAG) trung bình trong các năm 2015, 2016, 2017 và 2022 là bao nhiêu phần trăm?",0,0,0,,,False,False,False,0
893,893,"Tổng doanh thu bán hàng hóa và dịch vụ cho các bên liên quan của công ty mẹ CTCP Tập đoàn Hà Đô (HDG) qua các năm 2016, 2017, 2018 và 2019 là bao nhiêu tỷ đồng?",0,0,0,,,False,False,False,0
894,894,"Giá trị trung bình cộng thuế TNDN đã nộp của Ngân hàng TMCP Ngoại thương Việt Nam (VCB) công ty mẹ qua các năm 2018, 2020, 2021, 2022 và 2025 là bao nhiêu triệu đồng?",0,0,0,,,False,False,False,0
895,895,"Tổng tiền thuê tối thiểu phải nhận theo hợp đồng thuê hoạt động lớn nhất của Tập đoàn VINGROUP - CTCP (VIC) trong các năm 2015, 2019, 2022 và 2025 là bao nhiêu tỷ đồng?",0,0,0,,,False,False,False,0
896,896,"Trung bình số dư cuối kỳ khoản vay bên liên quan ngắn hạn của CTCP Tập đoàn Kỹ nghệ gỗ Trường Thành (TTF) công ty mẹ trong các năm 2018, 2021, 2022 và 2024 là bao nhiêu tỷ đồng?",0,0,0,,,False,False,False,0
897,897,"Năm nào có số dư Tổng tiền và các khoản tương đương tiền của Công ty cổ phần Bluemarq Group (DXG) cao nhất trong các năm 2016, 2018 và 2020?",0,0,0,,,False,False,False,0
898,898,"Tổng số dư phải trả ngắn hạn khác các bên liên quan cuối năm 2024 của công ty mẹ Tổng Công ty cổ phần Đầu tư Phát triển Xây dựng (DIG), CTCP Vincom Retail (VRE) và CTCP Phát triển Bất động sản Phát Đạt (PDR) là bao nhiêu triệu đồng?",0,0,0,,,False,False,False,0
899,899,"CTCP Tập đoàn Thủy sản Minh Phú (MPC) (công ty mẹ) có số dư cuối kỳ khoản đầu tư vào công ty con lớn nhất trong các năm 2018, 2020, 2022 và 2023 là bao nhiêu nghìn tỷ đồng?",0,0,0,,,False,False,False,0
900,900,"Với CTCP Tập đoàn Masan (MSN), năm nào trong các năm 2016, 2017, 2019 và 2021 có vốn cổ phần đã phát hành (cổ phiếu phổ thông) lớn nhất theo số liệu công ty mẹ?",0,0,0,,,False,False,False,0
901,901,Giá trị còn lại cuối năm Tài sản cố định vô hình lớn nhất của Ngân hàng TMCP Kiên Long (KLB) trên cơ sở công ty mẹ trong các năm tài chính từ 2016 đến 2020 là bao nhiêu triệu đồng?,0,0,0,,,False,False,False,0
902,902,"Tổng tiền và các khoản tương đương tiền của CTCP Phát triển Bất động sản Văn Phú ở mức cao nhất vào cuối các năm 2016, 2017 và 2018 là bao nhiêu tỷ đồng?",0,0,0,,,False,False,False,0
903,903,"Chi phí khác của CTCP Tập đoàn Thủy sản Minh Phú trong các năm 2017, 2018, 2020, 2021 và 2022 có giá trị cao nhất là mấy trăm tỷ đồng?",0,0,0,,,False,False,False,0
904,904,"Năm nào trong các năm 2020, 2023 và 2024 có tổng doanh thu hoạt động tài chính lớn nhất đối với CTCP Tập đoàn Hà Đô?",0,0,0,,,False,False,False,0
905,905,"Tổng doanh thu hoạt động tài chính tích lũy của VIC qua các năm 2020, 2021, 2023 và 2025 là mấy nghìn tỷ đồng?",0,0,0,,,False,False,False,0
906,906,"Giá trị Tài sản cố định hữu hình của VGT công ty mẹ vào cuối năm nào là lớn nhất trong các năm 2015, 2017, 2018, 2020, 2022?",0,0,0,,,False,False,False,0
907,907,"Năm nào trong các năm 2016, 2019, 2020 và 2021 NVB có số lượng cổ phiếu phổ thông đang lưu hành cao nhất?",0,0,0,,,False,False,False,0
908,908,"Giá trị lớn nhất của Xây dựng cơ bản dở dang của Ngân hàng TMCP Á Châu (ACB) trong các năm 2016, 2017, 2019, 2023 và 2025 là mấy nghìn tỷ đồng?",0,0,0,,,False,False,False,0
909,909,"Số dư phải thu về cho vay ngắn hạn tối đa cho Công ty Dây đồng Việt Nam CFT của CTCP Điện lực Gelex (GEE) công ty mẹ trong các năm 2022, 2023, 2024, 2025 là bao nhiêu tỷ đồng?",0,0,0,,,False,False,False,0
910,910,"Năm nào CTCP Tập đoàn Dabaco Việt Nam (DBC) công ty mẹ có giá trị hàng hóa tồn kho cuối kỳ cao nhất trong các năm 2015, 2016, 2019, 2022 và 2025?",0,0,0,,,False,False,False,0
911,911,"Giá trị còn lại cuối năm của tài sản cố định hữu hình lớn nhất của Tổng Công ty Lâm nghiệp Việt Nam - CTCP (VIF) công ty mẹ vào cuối các năm 2017, 2020, 2021, 2022 và 2024 là bao nhiêu tỷ đồng?",0,0,0,,,False,False,False,0
912,912,"Tổng thù lao Hội đồng Quản trị và Ban Tổng Giám đốc cao nhất của Tổng Công ty Lâm nghiệp Việt Nam - CTCP (VIF) (công ty mẹ) trong các năm 2022, 2024 và 2025 là bao nhiêu tỷ đồng?",0,0,0,,,False,False,False,0
913,913,"Trong số các công ty mẹ CTCP Phát triển Bất động sản Văn Phú, CTCP Phát triển Bất động sản Phát Đạt và CTCP Dịch vụ Bất động sản Đất Xanh, có bao nhiêu đơn vị ghi nhận số dư cuối kỳ khoản nợ ngắn hạn với bên liên quan lớn hơn 1 tỷ đồng vào cuối năm 2024?",0,0,0,,,False,False,False,0
914,914,"Giá trị Lãi cơ bản trên cổ phiếu cao nhất của Tổng Công ty Sông Đà - CTCP qua các năm tài chính 2019, 2020, 2021, 2022 và 2023 là bao nhiêu nghìn đồng/CP?",0,0,0,,,False,False,False,0
915,915,"Năm 2016, tổng chi phí tài chính của MPC công ty mẹ, SAB công ty mẹ và HAG công ty mẹ là bao nhiêu tỷ đồng?",0,0,0,,,False,False,False,0
916,916,"Chi phí trả trước ngắn hạn của FOX công ty mẹ ghi nhận ở mức cao nhất vào cuối các năm 2016, 2018, 2019 và 2020 là bao nhiêu tỷ đồng?",0,0,0,,,False,False,False,0
917,917,"Giá trị tổng dư nợ phải trả người bán ngắn hạn bình quân năm 2017 của công ty mẹ CTCP Container Việt Nam (VSC), công ty mẹ CTCP Hàng không Vietjet (VJC) và công ty mẹ Tổng Công ty Cảng Hàng không Việt Nam (ACV) là bao nhiêu triệu đồng?",0,0,0,,,False,False,False,0
918,918,"Giá trị trung bình số dư cam kết L/C tính đến ngày 31/12/2024 của Ngân hàng TMCP An Bình công ty mẹ, Ngân hàng TMCP Đông Nam Á công ty mẹ, Ngân hàng TMCP Đầu tư và Phát triển Việt Nam công ty mẹ và Ngân hàng TMCP Quân đội công ty mẹ, bao nhiêu triệu đồng?",0,0,0,,,False,False,False,0
919,919,"Hãy tính trung bình số dư khoản phải trả người bán ngắn hạn cuối năm 2019 của CTCP Nông nghiệp Quốc tế Hoàng Anh Gia Lai, CTCP Hoàng Anh Gia Lai và CTCP Tập đoàn Thủy sản Minh Phú theo đơn vị triệu đồng.",0,0,0,,,False,False,False,0
920,920,"Tổng giá trị đầu tư vào công ty liên kết của Tổng Công ty Lâm nghiệp Việt Nam - CTCP (VIF), Tập đoàn Công nghiệp Cao su Việt Nam - CTCP (GVR) và Tổng công ty Phân bón và Hóa chất Dầu khí - CTCP (DPM) vào cuối năm 2025 là bao nhiêu tỷ đồng?",0,0,0,,,False,False,False,0
921,921,"Năm nào SAB công ty mẹ có số dư cuối kỳ phải trả cho Công ty Liên doanh TNHH Crown Sài Gòn cao nhất trong các năm 2019, 2021 và 2025?",0,0,0,,,False,False,False,0
922,922,"Tính tổng chi phí tài chính của CTCP Tập đoàn Khải Hoàn Land, CTCP Phát triển Bất động sản Phát Đạt, CTCP Đầu tư Hải Phát và CTCP Dịch vụ Bất động sản Đất Xanh trong năm 2025, tính bằng trăm tỷ VNĐ.",0,0,0,,,False,False,False,0
923,923,"Tổng chi phí nhân công của CTCP Tập đoàn Đại Dương trong các năm 2016, 2017, 2018 và 2019 là bao nhiêu tỷ đồng?",0,0,0,,,False,False,False,0
924,924,Tổng chi phí khấu hao bất động sản đầu tư của DXG ở mức công ty mẹ trong giai đoạn từ 2021 đến 2025 là bao nhiêu tỷ đồng?,0,0,0,,,False,False,False,0
925,925,"Ngân hàng TMCP Việt Á (VAB) có vốn điều lệ cao nhất vào năm nào trong số các năm 2020, 2024 và 2025?",0,0,0,,,False,False,False,0
926,926,"Ở cuối năm 2020, mức trung bình của tỷ trọng thành phẩm trong tổng giá trị hàng tồn kho (giá gốc) của CTCP Tập đoàn Masan (MSN), CTCP Masan MeatLife (MML), CTCP Tập đoàn Thủy sản Minh Phú (MPC) và CTCP Sữa Việt Nam (VNM) là bao nhiêu phần trăm?",0,0,0,,,False,False,False,0
927,927,"Tính trung bình số dư thuế và các khoản phải nộp nhà nước cuối năm tại công ty mẹ của VPI, DIG, VRE, DXG và PDR năm 2016 ra đơn vị tỷ đồng.",0,0,0,,,False,False,False,0
928,928,"Ngân hàng TMCP Phương Đông (OCB) công ty mẹ có chi phí trích lập dự phòng cụ thể cho vay khách hàng lớn nhất vào năm nào trong các năm 2017, 2018, 2019 và 2025?",0,0,0,,,False,False,False,0
929,929,"Ngân hàng TMCP Quân đội (MBB) có số dư đầu tư Trái phiếu Chính phủ lớn nhất trong các năm 2015, 2016, 2017, 2018 và 2022 là năm nào?",0,0,0,,,False,False,False,0
930,930,"Chỉ tiêu phải thu cổ tức và lợi nhuận được chia ngắn hạn của PC1 công ty mẹ đạt mức giá trị lớn nhất bao nhiêu tỷ đồng trong các năm 2022, 2023, 2024, 2025?",0,0,0,,,False,False,False,0
931,931,"Giá trị trung bình của tỷ lệ hao mòn, khấu hao lũy kế trên nguyên giá tài sản cố định của GEE, GEX, VGC, SAM và PC1 ở công ty mẹ vào năm 2025 là bao nhiêu phần trăm?",0,0,0,,,False,False,False,0
932,932,"Trong năm 2020, có bao nhiêu công ty mẹ của MBB, HDB, KLB và NAB có cam kết thuê hoạt động đến hạn trong 1 năm lớn hơn 40 tỷ đồng?",0,0,0,,,False,False,False,0
933,933,"Đối với VNM, năm nào có mức tiền chi trả cổ tức cao nhất trong các năm 2015, 2016, 2018 và 2021?",0,0,0,,,False,False,False,0
934,934,"Tổng doanh thu hoạt động tài chính của VGC năm 2018, PC1 năm 2018 và SJG trong kỳ từ 06/4/2018 đến 31/12/2018 là bao nhiêu tỷ đồng?",0,0,0,,,False,False,False,0
935,935,"Giá trị trung bình tỷ lệ trích lập Quỹ khen thưởng, phúc lợi so với Lợi nhuận thuần của HDG, GEG và DNH tại đơn vị công ty mẹ trong năm 2023 là bao nhiêu phần trăm?",0,0,0,,,False,False,False,0
936,936,"Năm nào CRE có giá trị chỉ tiêu Tổng doanh thu chưa thực hiện ngắn hạn (số dư cuối kỳ) cao nhất trong các năm 2020, 2021, 2022 và 2025?",0,0,0,,,False,False,False,0
937,937,"Tính trung bình cộng giá trị chứng khoán nợ vào ngày 31 tháng 12 của các năm 2017, 2018, 2019 và 2020 của Ngân hàng TMCP Công thương Việt Nam (CTG) là bao nhiêu triệu đồng?",0,0,0,,,False,False,False,0
938,938,"Tính tổng số dư cho vay khách hàng cuối kỳ năm 2018 của các ngân hàng TMCP Hàng hải Việt Nam (MSB), TMCP Xuất nhập khẩu Việt Nam (EIB) và TMCP Sài Gòn Thương Tín (STB), đơn vị tính: Triệu đồng.",0,0,0,,,False,False,False,0
939,939,"Tính tỷ lệ hao mòn lũy kế trung bình của TSCĐ hữu hình năm 2022 đối với CTCP Vàng bạc Đá quý Phú Nhuận (PNJ), CTCP Đầu tư Thế giới Di động (MWG), CTCP Đầu tư Dịch vụ Hoàng Huy (HHS) và CTCP Tasco (HUT) theo đơn vị phần trăm.",0,0,0,,,False,False,False,0
940,940,"Giá trị trung bình doanh thu hoạt động tài chính của Tổng Công ty Sông Đà - CTCP trong các năm 2019, 2020 và 2021 là bao nhiêu triệu đồng?",0,0,0,,,False,False,False,0
941,941,"Số dư phải trả ngắn hạn khác với công ty con của công ty mẹ CTCP Đầu tư Nam Long vào cuối các năm 2017, 2018, 2021 và 2025. Giá trị lớn nhất trong các năm này là bao nhiêu tỷ đồng?",0,0,0,,,False,False,False,0
942,942,"Trung bình lãi thuần từ hoạt động kinh doanh ngoại hối năm 2020 của công ty mẹ Ngân hàng TMCP Việt Nam Thịnh Vượng (VPB), công ty mẹ Ngân hàng TMCP Xuất nhập khẩu Việt Nam (EIB) và công ty mẹ Ngân hàng TMCP Phát triển Thành phố Hồ Chí Minh (HDB) là bao nhiêu triệu đồng?",0,0,0,,,False,False,False,0
943,943,"Giá trị trung bình của chỉ tiêu Tiền và các khoản tương đương tiền của CTCP - Tổng công ty Phân bón Dầu khí Cà Mau (DCM), Tổng Công ty Lâm nghiệp Việt Nam - CTCP (VIF) và CTCP Thép Nam Kim (NKG) trong năm 2018 là bao nhiêu tỷ đồng?",0,0,0,,,False,False,False,0
944,944,"Chi phí xây dựng cơ bản dở dang cuối kỳ của CTCP Tập đoàn Đức Long Gia Lai đạt giá trị lớn nhất trong các năm 2020, 2021, 2022 và 2023 là bao nhiêu tỷ đồng?",0,0,0,,,False,False,False,0
945,945,"Trung bình cộng của tỷ trọng ngoại tệ USD trong tổng dư lượng ngoại tệ ghi nhận ngoài bảng cân đối kế toán cuối năm 2023 của CTCP Masan High-Tech Materials (MSR), Tập đoàn Công nghiệp Cao su Việt Nam - CTCP (GVR) và CTCP Nhựa An Phát Xanh (AAA) là bao nhiêu phần trăm?",0,0,0,,,False,False,False,0
946,946,"Trong các năm 2018, 2020 và 2022, NVL có số dư cuối năm Chi phí xây dựng cơ bản dở dang lớn nhất vào năm nào?",0,0,0,,,False,False,False,0
947,947,"Trung bình tổng giá vốn hàng bán của CTCP Phát triển Hạ tầng Kỹ thuật qua các năm 2016, 2017, 2020, 2024 là bao nhiêu tỷ đồng?",0,0,0,,,False,False,False,0
948,948,"Trong các năm 2017, 2018, 2019, 2023 và 2024, Tổng giá trị xây dựng cơ bản dở dang cuối kỳ của PLX đạt mức lớn nhất vào năm nào?",0,0,0,,,False,False,False,0
949,949,"Có bao nhiêu trong số các ngân hàng TMCP Á Châu, TMCP Quân đội, TMCP Xuất nhập khẩu Việt Nam và TMCP Đầu tư và Phát triển Việt Nam có lãi thuần từ hoạt động kinh doanh ngoại hối dương trong năm 2025 lớn hơn 1 nghìn tỷ đồng?",0,0,0,,,False,False,False,0
950,950,"Trong các năm 2019, 2020, 2021 và 2022, năm nào ghi nhận tổng giá trị giao dịch với bên liên quan cao nhất cho công ty mẹ CTCP Vincom Retail (mã VRE)?",0,0,0,,,False,False,False,0
951,951,"Chỉ tiêu thu nhập bình quân tháng/người của VCB đạt giá trị lớn nhất là bao nhiêu triệu đồng trong các năm 2018, 2019 và 2025?",0,0,0,,,False,False,False,0
952,952,"Trung bình số dư ngắn hạn của phải thu khác tại DTK qua báo cáo công ty mẹ các năm 2022, 2023 và báo cáo hợp nhất các năm 2024, 2025 là bao nhiêu tỷ đồng?",0,0,0,,,False,False,False,0
953,953,"Tại Ngân hàng TMCP Công Thương Việt Nam công ty mẹ, năm nào trong các năm 2016, 2021 và 2022 có giá trị còn lại cuối năm của tài sản cố định vô hình tổng cộng cao nhất?",0,0,0,,,False,False,False,0
954,954,"Tính giá trị trung bình chi phí lãi vay của DPM, VIF và HSG tại năm 2018 theo đơn vị tỷ đồng.",0,0,0,,,False,False,False,0
955,955,"Trung bình tỷ trọng cho vay ngắn hạn trong tổng dư nợ cho vay khách hàng vào cuối năm 2019 tại công ty mẹ của Ngân hàng TMCP Á Châu (ACB), Ngân hàng TMCP Quân đội (MBB), Ngân hàng TMCP Đầu tư và Phát triển Việt Nam (BID) và Ngân hàng TMCP Sài Gòn Tài Lộc (STB) là bao nhiêu phần trăm?",0,0,0,,,False,False,False,0
956,956,"Lợi nhuận trước thuế bình quân khu vực Miền Bắc của SHB trong các năm 2016, 2020, 2022 và 2024 là bao nhiêu, tính theo triệu đồng?",0,0,0,,,False,False,False,0
957,957,"Tính giá trị trung bình của tỷ trọng tài sản có kỳ hạn định lại lãi suất 1-3 tháng trên Tổng tài sản tại năm 2020 của EIB, STB và SSB ra con số bao nhiêu phần trăm?",0,0,0,,,False,False,False,0
958,958,"Tổng số dư nợ vay dài hạn từ ngân hàng cuối năm 2018 của Tập đoàn VINGROUP - CTCP, Tổng Công ty cổ phần Đầu tư Phát triển Xây dựng và CTCP Bluemarq Group là mấy nghìn tỷ đồng?",0,0,0,,,False,False,False,0
959,959,"Vào cuối năm nào trong các năm 2016, 2017, 2018 và 2020, vốn chủ sở hữu của Tập đoàn Công nghiệp Cao su Việt Nam - CTCP (GVR) đạt mức cao nhất?",0,0,0,,,False,False,False,0
960,960,"Năm nào trong các năm 2017, 2019, 2020, 2021 và 2023 ghi nhận lưu chuyển tiền thuần từ hoạt động kinh doanh của QNS trên cơ sở công ty mẹ cao nhất?",0,0,0,,,False,False,False,0
961,961,"Tổng giá trị hàng tồn kho cuối kỳ lớn nhất của CTCP Nông nghiệp BAF Việt Nam (công ty mẹ) trong các năm 2020, 2022, 2024 và 2025 là bao nhiêu tỷ đồng?",0,0,0,,,False,False,False,0
962,962,"Xin tính tỷ số nợ phải trả trên vốn chủ sở hữu trung bình của Công ty CTCP Thủy điện Đa Nhim - Hàm Thuận - Đa Mi (DNH) - công ty mẹ trong các năm 2016, 2017, 2018, 2021 và 2022.",0,0,0,,,False,False,False,0
963,963,"Trong số CTCP Tập đoàn PC1 (PC1) – công ty mẹ, Tổng Công ty Viglacera - CTCP (VGC) – công ty mẹ và CTCP SAM Holdings (SAM) – công ty mẹ, vào cuối năm 2016, số công ty có số dư tiền và tương đương tiền ngắn hạn trên 100 tỷ đồng là bao nhiêu?",0,0,0,,,False,False,False,0
964,964,"Tổng chi phí lãi vay ngắn hạn phải trả cuối năm 2023 của CTCP Tập đoàn Khải Hoàn Land, CTCP Bất động sản Thế Kỷ và Tổng Công ty Phát triển Đô thị Kinh Bắc - CTCP là bao nhiêu tỷ đồng?",0,0,0,,,False,False,False,0
965,965,"Trong năm 2022, có bao nhiêu trong số CTCP Phát triển Sunshine Homes công ty mẹ, CTCP Dịch vụ Bất động sản Đất Xanh công ty mẹ và CTCP Tập đoàn C.E.O công ty mẹ có giá trị Chi phí không được trừ khi tính thuế TNDN lớn hơn 20 tỷ đồng?",0,0,0,,,False,False,False,0
966,966,"Có bao nhiêu trong số CTCP Tập đoàn Hà Đô, CTCP Điện Gia Lai và CTCP Thủy điện Đa Nhim - Hàm Thuận - Đa Mi có dòng tiền thuần từ hoạt động kinh doanh lớn hơn 1 nghìn tỷ đồng trong năm 2025?",0,0,0,,,False,False,False,0
967,967,"Trong các năm 2017, 2021, 2023, 2024 và 2025, tổng số dư cuối năm dự phòng rủi ro cho vay khách hàng của Ngân hàng TMCP Đầu tư và Phát triển Việt Nam đạt mức cao nhất là bao nhiêu triệu đồng?",0,0,0,,,False,False,False,0
968,968,"Giá trị tỷ trọng khoản vay bằng USD trong tổng khoản vay dài hạn cao nhất của công ty mẹ POW trong các mốc cuối năm 2017, 2019, 2022, 2023 và 2024 là bao nhiêu phần trăm?",0,0,0,,,False,False,False,0
969,969,"Giá vốn bán điện cao nhất của CTCP Thủy điện Đa Nhim - Hàm Thuận - Đa Mi (mã DNH) trong các năm 2017, 2018 và 2019 là bao nhiêu tỷ đồng?",0,0,0,,,False,False,False,0
970,970,"Xác định phần trăm tỷ trọng quỹ dự phòng tài chính trong vốn chủ sở hữu cuối kỳ của Ngân hàng TMCP Á Châu trung bình qua các năm 2015, 2021, 2023 và 2025.",0,0,0,,,False,False,False,0
971,971,CTCP Tập đoàn Khải Hoàn Land ở phạm vi công ty mẹ ghi nhận tổng chi phí hoa hồng môi giới bất động sản cao nhất vào năm nào trong giai đoạn 2019 đến 2023?,0,0,0,,,False,False,False,0
972,972,"Thu nhập khác cao nhất của Tổng Công ty cổ phần Đầu tư Phát triển Xây dựng (DIG) công ty mẹ trong các năm 2021, 2023 và 2025 là bao nhiêu tỷ đồng?",0,0,0,,,False,False,False,0
973,973,"Có bao nhiêu công ty trong số công ty mẹ CTCP Tập đoàn Hoa Sen, công ty mẹ CTCP Tập đoàn Hòa Phát và công ty mẹ CTCP Masan High-Tech Materials có lưu chuyển tiền thuần từ hoạt động kinh doanh dương trong năm 2022?",0,0,0,,,False,False,False,0
974,974,"Trong các năm 2022, 2023, 2024 và 2025, tổng giá trị tài sản và chứng từ giữ hộ, bảo quản của Ngân hàng TMCP Công Thương Việt Nam cao nhất vào năm nào?",0,0,0,,,False,False,False,0
975,975,"Giá trị trung bình của chi phí thuế thu nhập doanh nghiệp hiện hành trong năm 2024 của MCH, MSN, VNM và ASM là bao nhiêu tỷ đồng?",0,0,0,,,False,False,False,0
976,976,"Tính tỷ trọng chi phí khấu hao trên tổng chi phí quản lý doanh nghiệp năm 2022 của CTCP Tập đoàn Masan (MSN) công ty mẹ, CTCP Tập đoàn Thủy sản Minh Phú (MPC) công ty mẹ, CTCP Sữa Việt Nam (VNM) công ty mẹ và CTCP Masan MeatLife (MML) công ty mẹ, sau đó lấy trung bình của 4 tỷ trọng này theo đơn vị phần trăm.",0,0,0,,,False,False,False,0
977,977,"Tỷ số nợ dài hạn trên vốn chủ sở hữu trung bình tại công ty mẹ của Tổng công ty Phân bón và Hóa chất Dầu khí - CTCP, CTCP Nhựa An Phát Xanh và CTCP Masan High-Tech Materials trong năm 2017 là bao nhiêu phần trăm?",0,0,0,,,False,False,False,0
978,978,"Trong các năm 2020, 2022 và 2025, năm nào CTCP Tập đoàn Đầu tư Địa ốc No Va có số dư chi phí xây dựng phải trả ngắn hạn cao nhất?",0,0,0,,,False,False,False,0
979,979,"Tỷ trọng lãi tiền gửi trong tổng doanh thu hoạt động tài chính năm 2022 của Tổng Công ty Điện lực Dầu khí Việt Nam - CTCP (POW), Tổng Công ty Khí Việt Nam - CTCP (GAS), Tổng Công ty Điện lực TKV - CTCP (DTK) và CTCP Điện Gia Lai (GEG) là bao nhiêu %?",0,0,0,,,False,False,False,0
980,980,"Tỷ trọng Trạng thái tiền tệ nội bảng thuần trên Tổng tài sản của HDB đạt mức cao nhất bao nhiêu % trong các năm 2018, 2021, 2022 và 2024?",0,0,0,,,False,False,False,0
981,981,"Năm nào BSR có doanh thu thuần từ sản phẩm khí LPG cao nhất trong các mốc năm 2017, 2019, 2021, 2022 và 2025?",0,0,0,,,False,False,False,0
982,982,"Trong các năm 2018, 2019, 2022, 2023 và 2025, năm nào Tổng Công ty cổ phần Vận tải Dầu khí (công ty mẹ) có tỷ trọng tài sản bộ phận dịch vụ vận tải so với tổng tài sản cao nhất?",0,0,0,,,False,False,False,0
983,983,"Có bao nhiêu công ty CTCP Hàng tiêu dùng Masan (MCH), CTCP Tập đoàn Thủy sản Minh Phú (MPC) và Tổng Công ty Lương thực Miền Nam - CTCP (VSF) ghi nhận phát sinh Thuế thu nhập doanh nghiệp lớn hơn 50 tỷ đồng trong năm 2019?",0,0,0,,,False,False,False,0
984,984,"Khoản vay dài hạn đến hạn trong năm lớn nhất của PLX trong các năm 2019, 2020 và 2023 là bao nhiêu tỷ đồng?",0,0,0,,,False,False,False,0
985,985,"Cuối các năm 2016, 2017, 2019, 2020 và 2021, năm nào ghi nhận khoản mục Vay và nợ thuê tài chính ngắn hạn cao nhất trên báo cáo tài chính công ty mẹ của Công ty CP Tập đoàn F.I.T?",0,0,0,,,False,False,False,0
986,986,"Trong số các năm 2016, 2017, 2024 và 2025, chi phí thuế TNDN hiện hành của Công ty mẹ CTCP Hoàng Anh Gia Lai (HAG) đạt mức cao nhất vào năm nào?",0,0,0,,,False,False,False,0
987,987,"Tổng giá trị Lãi/Lỗ chênh lệch tỷ giá hối đoái năm 2020 của các công ty mẹ CTCP Sữa Việt Nam (VNM), CTCP Hàng tiêu dùng Masan (MCH), Tổng Công ty cổ phần Bia - Rượu - Nước giải khát Sài Gòn (SAB) và CTCP Tập đoàn Masan (MSN) là bao nhiêu triệu đồng?",0,0,0,,,False,False,False,0
988,988,"SJG ghi nhận mức Lãi cơ bản trên cổ phiếu cao nhất trong các năm 2019, 2021, 2022 và 2023 là bao nhiêu (VNĐ/cp)?",0,0,0,,,False,False,False,0
989,989,"Ngân hàng TMCP Sài Gòn Tài Lộc ghi nhận mức số dư lãi dự thu từ cho vay khách hàng cuối kỳ tính bằng triệu đồng cao nhất vào năm nào trong các mốc 2017, 2022 và 2024?",0,0,0,,,False,False,False,0
990,990,"Có bao nhiêu công ty trong số CTCP Phát triển Bất động sản Văn Phú (VPI) công ty mẹ, CTCP Đầu tư Nam Long (NLG) công ty mẹ, CTCP Bluemarq Group (DXG) công ty mẹ và Tổng Công ty cổ phần Phát triển Khu Công nghiệp (SNZ) công ty mẹ có số lượng cổ phiếu đang lưu hành vượt 350 triệu cổ phiếu vào cuối năm 2021?",0,0,0,,,False,False,False,0
991,991,"Tổng cộng số dư dự phòng giảm giá chứng khoán đầu tư sẵn sàng để bán của Ngân hàng TMCP Sài Gòn - Hà Nội (SHB), Ngân hàng TMCP Quốc tế Việt Nam (VIB), Ngân hàng TMCP Đầu tư và Phát triển Việt Nam (BID) và Ngân hàng TMCP Công Thương Việt Nam (CTG) vào cuối năm 2016 là bao nhiêu triệu đồng?",0,0,0,,,False,False,False,0
992,992,"Tính giá trị trung bình của tỷ lệ hao mòn tài sản cố định hữu hình cuối kỳ (tính theo phần trăm) trên 3 VPB, SHB và MBB cuối năm 2022 theo đơn vị phần trăm.",0,0,0,,,False,False,False,0
993,993,"Thuế suất thực tế trung bình tại năm 2022 của công ty mẹ CTCP Điện lực Gelex (GEE), công ty mẹ Tổng Công ty Viglacera - CTCP (VGC) và công ty mẹ Tổng Công ty Sông Đà - CTCP (SJG) là bao nhiêu %?",0,0,0,,,False,False,False,0
994,994,"Tổng chi phí bán hàng của CTCP Đường Quảng Ngãi đạt mức cao nhất trong các năm 2019, 2020, 2021, 2022 và 2023 là bao nhiêu tỷ đồng?",0,0,0,,,False,False,False,0
995,995,"Năm nào có tổng số dư cuối năm các khoản phải thu và phải trả với bên liên quan của CTCP Hoàng Anh Gia Lai (HAG) cao nhất trong các năm 2017, 2018 và 2019?",0,0,0,,,False,False,False,0
996,996,"Giá trị còn lại của tài sản cố định vô hình (tổng cộng) lớn nhất của SHB trong các năm tài chính 2016, 2018, 2020 và 2021 là bao nhiêu triệu đồng?",0,0,0,,,False,False,False,0
997,997,"Trong các năm 2019, 2023 và 2025, năm nào CTCP Nhựa An Phát Xanh có số dư khoản Trả trước cho người bán ngắn hạn cao nhất?",0,0,0,,,False,False,False,0
998,998,"Giá trị lớn nhất của tiền và các khoản tương đương tiền tại công ty mẹ CTCP Đầu tư Dịch vụ Hoàng Huy (mã HHS) trong các năm 2016, 2017, 2018, 2019 và 2021 là bao nhiêu tỷ đồng?",0,0,0,,,False,False,False,0
999,999,"Trong các năm 2016, 2020 và 2025, năm nào công ty mẹ Ngân hàng TMCP Ngoại thương Việt Nam (VCB) có tổng phát hành giấy tờ có giá cao nhất?",0,0,0,,,False,False,False,0
1000,1000,"Năm nào có số dư Xây dựng cơ bản dở dang lớn nhất của SAM vào cuối các năm 2020, 2021, 2023 và 2024?",0,0,0,,,False,False,False,0
1001,1001,"Giá trị trung bình tỷ lệ chi phí dự phòng rủi ro tín dụng trên lợi nhuận trước dự phòng của Ngân hàng TMCP Đầu tư và Phát triển Việt Nam (BID), Ngân hàng TMCP Nam Á (NAB) và Ngân hàng TMCP An Bình (ABB) tại năm 2023 là bao nhiêu %?",0,0,0,,,False,False,False,0
1002,1002,"Căn cứ số liệu năm 2016 của công ty mẹ AAA, công ty mẹ NKG, công ty mẹ DCM và công ty mẹ DPM, tổng số công ty có phát sinh chi phí lãi vay nhiều hơn 100 tỷ là bao nhiêu?",0,0,0,,,False,False,False,0
1003,1003,"Tổng lưu chuyển tiền thuần từ hoạt động kinh doanh năm 2015 của CTCP Masan High-Tech Materials công ty mẹ, CTCP Tập đoàn Hòa Phát công ty mẹ, CTCP Nhựa An Phát Xanh công ty mẹ và CTCP - Tổng công ty Phân bón Dầu khí Cà Mau công ty mẹ là bao nhiêu tỷ đồng?",0,0,0,,,False,False,False,0
1004,1004,"Tỷ trọng chi phí khấu hao tài sản cố định trong tổng chi phí quản lý doanh nghiệp cao nhất của CTCP Phát triển Hạ tầng Kỹ thuật (IJC) (công ty mẹ) là bao nhiêu phần trăm trong các năm 2016, 2017, 2018, 2023 và 2024?",0,0,0,,,False,False,False,0
1005,1005,"Trong số CTCP Đầu tư Thế giới Di động, CTCP Đầu tư Dịch vụ Hoàng Huy, CTCP Vàng bạc Đá quý Phú Nhuận và CTCP Tasco, có bao nhiêu công ty có số lượng cổ phiếu phổ thông đang lưu hành cuối năm 2020 lớn hơn 400 triệu cổ phiếu?",0,0,0,,,False,False,False,0
1006,1006,"Tính giá trị trung bình của chỉ tiêu thu nhập bình quân năm của nhân viên năm 2025 của các công ty mẹ NAB, ABB, ACB và STB ra đơn vị triệu đồng.",0,0,0,,,False,False,False,0
1007,1007,"Giá trị trung bình của tỷ trọng tài sản bộ phận BOT trên tổng tài sản hợp nhất tại HHV qua các năm 2021, 2022, 2024 và 2025 là bao nhiêu %?",0,0,0,,,False,False,False,0
1008,1008,"Tổng doanh thu cung cấp dịch vụ cho các bên liên quan của công ty mẹ SSH đạt mức cao nhất vào năm nào trong các năm 2020, 2021, 2022, 2023?",0,0,0,,,False,False,False,0
1009,1009,"Tỷ trọng trung bình của dự phòng chung trong tổng dự phòng rủi ro cho vay khách hàng của OCB, EIB, MSB và VPB là bao nhiêu phần trăm vào cuối năm 2018?",0,0,0,,,False,False,False,0
1010,1010,"Bao nhiêu ngân hàng thuộc nhóm NVB, SGB, VIB, HDB và MSB có giá trị chênh lệch thanh khoản ròng tổng thể dương vào cuối năm 2020?",0,0,0,,,False,False,False,0
1011,1011,"Tổng dư nợ tiền vay các bên liên quan tại Ngân hàng (công ty mẹ) của Ngân hàng TMCP Đông Nam Á (SSB) cao nhất là bao nhiêu triệu đồng vào các thời điểm cuối năm 2021, 2023, 2024?",0,0,0,,,False,False,False,0
1012,1012,"Giá trị trung bình số dư phải thu ngắn hạn từ các bên liên quan cuối năm 2017 của Tổng Công ty Điện lực TKV - CTCP (DTK), Tổng Công ty Khí Việt Nam - CTCP (GAS) và Tổng Công ty Điện lực Dầu khí Việt Nam - CTCP (POW) bằng bao nhiêu đồng tỷ đồng?",0,0,0,,,False,False,False,0
